/*******************************************************************************
 * Size: 24 px
 * Bpp: 4
 * Opts: --font C:\Windows\Fonts\simhei.ttf --size 24 --bpp 4 --format lvgl --no-compress --force-fast-kern-format -o D:\KMYC\ESP32_S31\code\ESP32_S31_20260711\examples\factory_demo\main\font_wc_cn_24.c --symbols 一二三四五六七八九十初廿卅闰正天地人日月星时期间获取中万千年月日分秒度温度湿气云雨雪风电雷暴阵雾霾冰冻雹霰夹大小未知晴阴多云风沙长城市当前未来预报今天明后返回惠州长沙州京沪津渝穗深杭蓉汉镐宁镐扫描连接请网络输入密码选择正在搜索到 !"#$%&'()*+,-./0123456789:;<=>?@ABCDEFGHIJKLMNOPQRSTUVWXYZ[\]^_`abcdefghijklmnopqrstuvwxyz{|}~ -r 0xB0 -r 0x2103
 ******************************************************************************/

#ifdef LV_LVGL_H_INCLUDE_SIMPLE
#include "lvgl.h"
#else
#include "lvgl/lvgl.h"
#endif

#ifndef FONT_WC_CN_24
#define FONT_WC_CN_24 1
#endif

#if FONT_WC_CN_24

/*-----------------
 *    BITMAPS
 *----------------*/

/*Store the image of the glyphs*/
static LV_ATTRIBUTE_LARGE_CONST const uint8_t glyph_bitmap[] = {
    /* U+0020 " " */

    /* U+0021 "!" */
    0x7f, 0xf1, 0x6f, 0xf0, 0x5f, 0xf0, 0x5f, 0xf0,
    0x4f, 0xe0, 0x3f, 0xd0, 0x2f, 0xc0, 0x1f, 0xb0,
    0xf, 0xa0, 0xf, 0x90, 0xf, 0x90, 0xe, 0x80,
    0x4, 0x20, 0x0, 0x0, 0x5a, 0xa1, 0x8f, 0xf2,
    0x8f, 0xf2,

    /* U+0022 "\"" */
    0xff, 0x23, 0xfe, 0xdf, 0x1, 0xfc, 0xcd, 0x0,
    0xf9, 0xcc, 0x0, 0xf8, 0x99, 0x0, 0xc6,

    /* U+0023 "#" */
    0x0, 0x3, 0xf4, 0x0, 0xad, 0x0, 0x0, 0x5,
    0xf2, 0x0, 0xcb, 0x0, 0x0, 0x7, 0xf0, 0x0,
    0xe9, 0x0, 0x0, 0x9, 0xe0, 0x0, 0xf7, 0x0,
    0x6c, 0xce, 0xfc, 0xcc, 0xfd, 0xc3, 0x8f, 0xff,
    0xff, 0xff, 0xff, 0xf4, 0x0, 0xf, 0x80, 0x6,
    0xf1, 0x0, 0x0, 0x1f, 0x60, 0x8, 0xf0, 0x0,
    0x0, 0x4f, 0x30, 0xa, 0xd0, 0x0, 0x0, 0x6f,
    0x10, 0xc, 0xb0, 0x0, 0x8f, 0xff, 0xff, 0xff,
    0xff, 0xf4, 0x6c, 0xef, 0xcc, 0xcf, 0xdc, 0xc3,
    0x0, 0xcb, 0x0, 0x2f, 0x50, 0x0, 0x0, 0xe9,
    0x0, 0x4f, 0x30, 0x0, 0x0, 0xf7, 0x0, 0x6f,
    0x10, 0x0, 0x2, 0xf5, 0x0, 0x8f, 0x0, 0x0,

    /* U+0024 "$" */
    0x0, 0x0, 0xd7, 0x0, 0x0, 0x0, 0x0, 0xd7,
    0x0, 0x0, 0x0, 0x6d, 0xff, 0xd4, 0x0, 0x8,
    0xfe, 0xfe, 0xff, 0x20, 0x2f, 0xe1, 0xd7, 0x8f,
    0xa0, 0x5f, 0x90, 0xd7, 0x1f, 0xe0, 0x5f, 0xa0,
    0xd7, 0x5, 0x40, 0x1f, 0xf5, 0xd7, 0x0, 0x0,
    0x7, 0xff, 0xf7, 0x0, 0x0, 0x0, 0x5e, 0xff,
    0x80, 0x0, 0x0, 0x0, 0xef, 0xfc, 0x10, 0x0,
    0x0, 0xd9, 0xdf, 0xb0, 0x23, 0x10, 0xd7, 0x3f,
    0xf1, 0xbf, 0x60, 0xd7, 0xe, 0xf3, 0x9f, 0x80,
    0xd7, 0xe, 0xf1, 0x5f, 0xe1, 0xd7, 0x5f, 0xd0,
    0xb, 0xfe, 0xfe, 0xff, 0x50, 0x0, 0x9e, 0xff,
    0xc4, 0x0, 0x0, 0x0, 0xd7, 0x0, 0x0, 0x0,
    0x0, 0xd7, 0x0, 0x0, 0x0, 0x0, 0x63, 0x0,
    0x0,

    /* U+0025 "%" */
    0x0, 0x0, 0x0, 0x0, 0x0, 0x0, 0x5, 0xed,
    0x30, 0x0, 0x3a, 0x0, 0x1f, 0xac, 0xd0, 0x0,
    0xa3, 0x0, 0x5f, 0x25, 0xf2, 0x2, 0xb0, 0x0,
    0x6f, 0x14, 0xf3, 0x9, 0x40, 0x0, 0x6f, 0x14,
    0xf3, 0x1c, 0x0, 0x0, 0x5f, 0x14, 0xf2, 0x76,
    0x0, 0x0, 0x2f, 0x69, 0xf0, 0xd0, 0x0, 0x0,
    0x9, 0xff, 0x66, 0x70, 0x0, 0x0, 0x0, 0x22,
    0xc, 0x18, 0xfe, 0x30, 0x0, 0x0, 0x49, 0x3f,
    0x8c, 0xd0, 0x0, 0x0, 0xb2, 0x7f, 0x6, 0xf0,
    0x0, 0x3, 0xa0, 0x8f, 0x5, 0xf2, 0x0, 0xa,
    0x30, 0x8f, 0x5, 0xf2, 0x0, 0x2b, 0x0, 0x6f,
    0x6, 0xf0, 0x0, 0x94, 0x0, 0x2f, 0x9c, 0xc0,
    0x0, 0xb0, 0x0, 0x6, 0xec, 0x20,

    /* U+0026 "&" */
    0x0, 0x3, 0xcf, 0xd5, 0x0, 0x0, 0x0, 0x2f,
    0xfb, 0xff, 0x20, 0x0, 0x0, 0x9f, 0x40, 0x5f,
    0x70, 0x0, 0x0, 0xbf, 0x10, 0x5f, 0x70, 0x0,
    0x0, 0xaf, 0x20, 0x9f, 0x40, 0x0, 0x0, 0x6f,
    0x75, 0xfb, 0x0, 0x0, 0x0, 0x1f, 0xff, 0xb0,
    0x0, 0x0, 0x0, 0x1e, 0xfa, 0x0, 0x0, 0x0,
    0x2, 0xee, 0xfe, 0x0, 0x2, 0x10, 0xd, 0xf2,
    0x9f, 0x90, 0x3f, 0x90, 0x4f, 0xa0, 0xd, 0xf6,
    0x5f, 0x80, 0x6f, 0x80, 0x2, 0xff, 0xcf, 0x40,
    0x5f, 0xb0, 0x0, 0x4f, 0xfe, 0x0, 0x1f, 0xf5,
    0x0, 0x1d, 0xff, 0x91, 0x7, 0xff, 0xcb, 0xef,
    0xbe, 0xf3, 0x0, 0x4b, 0xff, 0xc5, 0x2, 0x80,

    /* U+0027 "'" */
    0xdf, 0x4b, 0xf2, 0xaf, 0xa, 0xe0, 0x7a, 0x0,

    /* U+0028 "(" */
    0x0, 0x0, 0x2, 0x0, 0x0, 0xc, 0xe0, 0x0,
    0xa, 0xf3, 0x0, 0x5, 0xf5, 0x0, 0x1, 0xea,
    0x0, 0x0, 0x7f, 0x10, 0x0, 0xe, 0x90, 0x0,
    0x3, 0xf4, 0x0, 0x0, 0x6f, 0x0, 0x0, 0x8,
    0xe0, 0x0, 0x0, 0x8d, 0x0, 0x0, 0x8, 0xe0,
    0x0, 0x0, 0x7f, 0x0, 0x0, 0x4, 0xf2, 0x0,
    0x0, 0xf, 0x70, 0x0, 0x0, 0xad, 0x0, 0x0,
    0x3, 0xf6, 0x0, 0x0, 0x9, 0xf2, 0x0, 0x0,
    0xd, 0xd1, 0x0, 0x0, 0x2e, 0xd0, 0x0, 0x0,
    0x35, 0x0,

    /* U+0029 ")" */
    0x3, 0x0, 0x0, 0x3, 0xf8, 0x0, 0x0, 0x8,
    0xf5, 0x0, 0x0, 0xa, 0xf2, 0x0, 0x0, 0xe,
    0xb0, 0x0, 0x0, 0x5f, 0x30, 0x0, 0x0, 0xe9,
    0x0, 0x0, 0x8, 0xe0, 0x0, 0x0, 0x5f, 0x10,
    0x0, 0x3, 0xf3, 0x0, 0x0, 0x2f, 0x40, 0x0,
    0x2, 0xf3, 0x0, 0x0, 0x4f, 0x20, 0x0, 0x7,
    0xf0, 0x0, 0x0, 0xcb, 0x0, 0x0, 0x2f, 0x50,
    0x0, 0xb, 0xe0, 0x0, 0x6, 0xf5, 0x0, 0x3,
    0xf9, 0x0, 0x2, 0xfc, 0x0, 0x0, 0x7, 0x0,
    0x0, 0x0,

    /* U+002A "*" */
    0x0, 0x0, 0xe, 0xe0, 0x0, 0x0, 0x0, 0x0,
    0xe, 0xd0, 0x0, 0x0, 0xb, 0x40, 0xd, 0xd0,
    0x4, 0xb0, 0x4f, 0xfa, 0x1c, 0xc1, 0xaf, 0xf4,
    0x3, 0xbf, 0xee, 0xee, 0xfb, 0x30, 0x0, 0x3,
    0xdf, 0xfd, 0x30, 0x0, 0x0, 0x4c, 0xff, 0xff,
    0xc4, 0x0, 0x2c, 0xff, 0x7c, 0xc7, 0xff, 0xc2,
    0x2f, 0xb2, 0xd, 0xc0, 0x2b, 0xf2, 0x3, 0x0,
    0xd, 0xd0, 0x0, 0x30, 0x0, 0x0, 0xe, 0xe0,
    0x0, 0x0, 0x0, 0x0, 0xa, 0xa0, 0x0, 0x0,

    /* U+002B "+" */
    0x0, 0x0, 0x7, 0x50, 0x0, 0x0, 0x0, 0x0,
    0xf, 0xa0, 0x0, 0x0, 0x0, 0x0, 0xf, 0xa0,
    0x0, 0x0, 0x0, 0x0, 0xf, 0xa0, 0x0, 0x0,
    0x12, 0x22, 0x2f, 0xb2, 0x22, 0x20, 0x8f, 0xff,
    0xff, 0xff, 0xff, 0xf4, 0x25, 0x55, 0x5f, 0xc5,
    0x55, 0x51, 0x0, 0x0, 0xf, 0xa0, 0x0, 0x0,
    0x0, 0x0, 0xf, 0xa0, 0x0, 0x0, 0x0, 0x0,
    0xf, 0xa0, 0x0, 0x0, 0x0, 0x0, 0xf, 0xa0,
    0x0, 0x0,

    /* U+002C "," */
    0x0, 0x0, 0xf, 0xf2, 0xf, 0xf2, 0x4, 0xd0,
    0xa, 0x60, 0x7, 0x0,

    /* U+002D "-" */
    0x12, 0x22, 0x22, 0x22, 0x22, 0x20, 0x8f, 0xff,
    0xff, 0xff, 0xff, 0xf2, 0x25, 0x55, 0x55, 0x55,
    0x55, 0x50,

    /* U+002E "." */
    0x0, 0x0, 0x2f, 0xf0, 0x2f, 0xf0,

    /* U+002F "/" */
    0x0, 0x0, 0x0, 0x0, 0x0, 0x20, 0x0, 0x0,
    0x0, 0x0, 0x3, 0xf1, 0x0, 0x0, 0x0, 0x0,
    0xc, 0x70, 0x0, 0x0, 0x0, 0x0, 0x5e, 0x0,
    0x0, 0x0, 0x0, 0x0, 0xd5, 0x0, 0x0, 0x0,
    0x0, 0x7, 0xc0, 0x0, 0x0, 0x0, 0x0, 0x1f,
    0x30, 0x0, 0x0, 0x0, 0x0, 0x9a, 0x0, 0x0,
    0x0, 0x0, 0x2, 0xf1, 0x0, 0x0, 0x0, 0x0,
    0xb, 0x80, 0x0, 0x0, 0x0, 0x0, 0x4e, 0x0,
    0x0, 0x0, 0x0, 0x0, 0xd5, 0x0, 0x0, 0x0,
    0x0, 0x7, 0xc0, 0x0, 0x0, 0x0, 0x0, 0x1e,
    0x30, 0x0, 0x0, 0x0, 0x0, 0x9a, 0x0, 0x0,
    0x0, 0x0, 0x2, 0xf2, 0x0, 0x0, 0x0, 0x0,
    0xb, 0x80, 0x0, 0x0, 0x0, 0x0, 0x4e, 0x0,
    0x0, 0x0, 0x0, 0x0, 0x24, 0x0, 0x0, 0x0,
    0x0, 0x0,

    /* U+0030 "0" */
    0x0, 0x3, 0xbe, 0xfa, 0x10, 0x0, 0x4, 0xff,
    0xdd, 0xfe, 0x10, 0x1, 0xef, 0x60, 0x7, 0xfa,
    0x0, 0x8f, 0xa0, 0x0, 0xd, 0xf1, 0xd, 0xf3,
    0x0, 0x0, 0x7f, 0x60, 0xff, 0x0, 0x0, 0x4,
    0xf9, 0x1f, 0xd0, 0x0, 0x0, 0x2f, 0xb2, 0xfc,
    0x0, 0x0, 0x1, 0xfb, 0x2f, 0xb0, 0x0, 0x0,
    0x1f, 0xb2, 0xfc, 0x0, 0x0, 0x2, 0xfb, 0xf,
    0xe0, 0x0, 0x0, 0x3f, 0x90, 0xdf, 0x10, 0x0,
    0x6, 0xf7, 0x8, 0xf7, 0x0, 0x0, 0xbf, 0x30,
    0x2f, 0xf2, 0x0, 0x4f, 0xd0, 0x0, 0x7f, 0xf9,
    0xaf, 0xf3, 0x0, 0x0, 0x6e, 0xff, 0xe4, 0x0,
    0x0, 0x0, 0x3, 0x30, 0x0, 0x0,

    /* U+0031 "1" */
    0x0, 0x6, 0xf2, 0x0, 0x4f, 0xf2, 0x5, 0xff,
    0xf2, 0x8f, 0xcd, 0xf2, 0xd9, 0xc, 0xf2, 0x20,
    0xc, 0xf2, 0x0, 0xc, 0xf2, 0x0, 0xc, 0xf2,
    0x0, 0xc, 0xf2, 0x0, 0xc, 0xf2, 0x0, 0xc,
    0xf2, 0x0, 0xc, 0xf2, 0x0, 0xc, 0xf2, 0x0,
    0xc, 0xf2, 0x0, 0xc, 0xf2, 0x0, 0xc, 0xf2,

    /* U+0032 "2" */
    0x0, 0x0, 0x0, 0x0, 0x0, 0x0, 0x0, 0x7d,
    0xff, 0xd5, 0x0, 0x0, 0xcf, 0xfc, 0xcf, 0xf7,
    0x0, 0x8f, 0xc2, 0x0, 0x4f, 0xf1, 0xf, 0xe1,
    0x0, 0x0, 0xbf, 0x50, 0x33, 0x0, 0x0, 0xa,
    0xf5, 0x0, 0x0, 0x0, 0x0, 0xef, 0x20, 0x0,
    0x0, 0x0, 0x5f, 0xc0, 0x0, 0x0, 0x0, 0xd,
    0xf4, 0x0, 0x0, 0x0, 0x9, 0xf9, 0x0, 0x0,
    0x0, 0x6, 0xfd, 0x0, 0x0, 0x0, 0x3, 0xff,
    0x20, 0x0, 0x0, 0x1, 0xef, 0x40, 0x0, 0x0,
    0x1, 0xdf, 0x60, 0x0, 0x0, 0x1, 0xdf, 0x90,
    0x0, 0x0, 0x0, 0x9f, 0xfa, 0xaa, 0xaa, 0xa6,
    0xd, 0xff, 0xff, 0xff, 0xff, 0x90,

    /* U+0033 "3" */
    0x0, 0x0, 0x2, 0x20, 0x0, 0x0, 0x0, 0x7e,
    0xff, 0xf9, 0x0, 0x0, 0x9f, 0xc7, 0x7e, 0xfb,
    0x0, 0x3f, 0xb0, 0x0, 0x1e, 0xf2, 0xa, 0xf1,
    0x0, 0x0, 0x9f, 0x50, 0x1, 0x0, 0x0, 0xa,
    0xf3, 0x0, 0x0, 0x0, 0x2, 0xfe, 0x0, 0x0,
    0x0, 0x48, 0xef, 0x30, 0x0, 0x0, 0x3f, 0xff,
    0x70, 0x0, 0x0, 0x0, 0x27, 0xef, 0x90, 0x0,
    0x0, 0x0, 0x1, 0xef, 0x30, 0x0, 0x0, 0x0,
    0x8, 0xf8, 0x5, 0x50, 0x0, 0x0, 0x6f, 0x80,
    0xdf, 0x20, 0x0, 0xa, 0xf6, 0x7, 0xfd, 0x20,
    0x5, 0xff, 0x10, 0xb, 0xff, 0xdd, 0xff, 0x50,
    0x0, 0x7, 0xdf, 0xea, 0x20, 0x0,

    /* U+0034 "4" */
    0x0, 0x0, 0x0, 0x7, 0xf4, 0x0, 0x0, 0x0,
    0x0, 0x2f, 0xf4, 0x0, 0x0, 0x0, 0x0, 0xdf,
    0xf4, 0x0, 0x0, 0x0, 0x8, 0xfe, 0xf4, 0x0,
    0x0, 0x0, 0x3f, 0xd8, 0xf4, 0x0, 0x0, 0x0,
    0xdf, 0x28, 0xf4, 0x0, 0x0, 0x9, 0xf6, 0x8,
    0xf4, 0x0, 0x0, 0x4f, 0xb0, 0x8, 0xf4, 0x0,
    0x1, 0xee, 0x10, 0x8, 0xf4, 0x0, 0xa, 0xf5,
    0x0, 0x8, 0xf4, 0x0, 0x6f, 0x90, 0x0, 0x8,
    0xf4, 0x0, 0xbf, 0xff, 0xff, 0xff, 0xff, 0xf8,
    0x69, 0x99, 0x99, 0x9c, 0xfb, 0x94, 0x0, 0x0,
    0x0, 0x8, 0xf4, 0x0, 0x0, 0x0, 0x0, 0x8,
    0xf4, 0x0, 0x0, 0x0, 0x0, 0x8, 0xf4, 0x0,

    /* U+0035 "5" */
    0x0, 0x7f, 0xff, 0xff, 0xff, 0x0, 0xb, 0xfa,
    0xaa, 0xaa, 0xa0, 0x0, 0xed, 0x0, 0x0, 0x0,
    0x0, 0x2f, 0xa0, 0x0, 0x0, 0x0, 0x5, 0xf6,
    0x0, 0x0, 0x0, 0x0, 0x9f, 0xad, 0xfe, 0xa3,
    0x0, 0xc, 0xff, 0xdb, 0xdf, 0xf5, 0x0, 0xfe,
    0x30, 0x0, 0x7f, 0xe0, 0x0, 0x0, 0x0, 0x0,
    0xbf, 0x60, 0x0, 0x0, 0x0, 0x6, 0xf9, 0x0,
    0x0, 0x0, 0x0, 0x5f, 0xa3, 0x82, 0x0, 0x0,
    0x8, 0xf8, 0x6f, 0x80, 0x0, 0x0, 0xdf, 0x41,
    0xff, 0x50, 0x1, 0xbf, 0xc0, 0x6, 0xff, 0xee,
    0xff, 0xd2, 0x0, 0x4, 0xbf, 0xfc, 0x70, 0x0,

    /* U+0036 "6" */
    0x0, 0x0, 0x0, 0xcf, 0x60, 0x0, 0x0, 0x0,
    0x6, 0xfb, 0x0, 0x0, 0x0, 0x0, 0x2f, 0xf2,
    0x0, 0x0, 0x0, 0x0, 0xbf, 0x60, 0x0, 0x0,
    0x0, 0x6, 0xfc, 0x0, 0x0, 0x0, 0x0, 0x1f,
    0xf4, 0x32, 0x0, 0x0, 0x0, 0xaf, 0xff, 0xff,
    0xe4, 0x0, 0x3, 0xff, 0xb5, 0x59, 0xff, 0x50,
    0xa, 0xfa, 0x0, 0x0, 0x3f, 0xe0, 0xf, 0xf2,
    0x0, 0x0, 0xc, 0xf4, 0xf, 0xf0, 0x0, 0x0,
    0xa, 0xf5, 0xf, 0xf0, 0x0, 0x0, 0xb, 0xf5,
    0xc, 0xf4, 0x0, 0x0, 0xe, 0xf1, 0x6, 0xfd,
    0x20, 0x1, 0xaf, 0xa0, 0x0, 0xaf, 0xfc, 0xbe,
    0xfe, 0x10, 0x0, 0x5, 0xbe, 0xfd, 0x91, 0x0,

    /* U+0037 "7" */
    0xff, 0xff, 0xff, 0xff, 0xff, 0x1a, 0xaa, 0xaa,
    0xaa, 0xaf, 0xf0, 0x0, 0x0, 0x0, 0x5, 0xf8,
    0x0, 0x0, 0x0, 0x0, 0xee, 0x0, 0x0, 0x0,
    0x0, 0x7f, 0x60, 0x0, 0x0, 0x0, 0xe, 0xe0,
    0x0, 0x0, 0x0, 0x7, 0xf7, 0x0, 0x0, 0x0,
    0x0, 0xee, 0x0, 0x0, 0x0, 0x0, 0x5f, 0x80,
    0x0, 0x0, 0x0, 0xc, 0xf2, 0x0, 0x0, 0x0,
    0x1, 0xfc, 0x0, 0x0, 0x0, 0x0, 0x7f, 0x70,
    0x0, 0x0, 0x0, 0xd, 0xf1, 0x0, 0x0, 0x0,
    0x1, 0xfd, 0x0, 0x0, 0x0, 0x0, 0x6f, 0x90,
    0x0, 0x0, 0x0, 0xa, 0xf5, 0x0, 0x0, 0x0,

    /* U+0038 "8" */
    0x0, 0x19, 0xdf, 0xeb, 0x40, 0x0, 0x1d, 0xfc,
    0xbc, 0xff, 0x60, 0x8, 0xf6, 0x0, 0x3, 0xff,
    0x10, 0xcf, 0x0, 0x0, 0xb, 0xf3, 0xc, 0xf0,
    0x0, 0x0, 0xbf, 0x20, 0x8f, 0x80, 0x0, 0x3f,
    0xe0, 0x1, 0xdf, 0xb8, 0xaf, 0xf4, 0x0, 0x5,
    0xff, 0xff, 0xf6, 0x0, 0x5, 0xfe, 0x62, 0x4a,
    0xfb, 0x0, 0xee, 0x10, 0x0, 0x9, 0xf6, 0x4f,
    0xa0, 0x0, 0x0, 0x2f, 0xb4, 0xf9, 0x0, 0x0,
    0x3, 0xfc, 0x3f, 0xd0, 0x0, 0x0, 0x8f, 0xa0,
    0xff, 0xa3, 0x12, 0x8f, 0xf4, 0x6, 0xff, 0xff,
    0xff, 0xfa, 0x0, 0x3, 0xae, 0xff, 0xc7, 0x0,

    /* U+0039 "9" */
    0x0, 0x18, 0xdf, 0xea, 0x20, 0x0, 0x2e, 0xff,
    0xdf, 0xff, 0x40, 0xc, 0xfb, 0x10, 0x9, 0xff,
    0x13, 0xfe, 0x0, 0x0, 0xc, 0xf6, 0x7f, 0x90,
    0x0, 0x0, 0x8f, 0x98, 0xf7, 0x0, 0x0, 0x9,
    0xf7, 0x6f, 0xa0, 0x0, 0x0, 0xcf, 0x42, 0xff,
    0x30, 0x0, 0x6f, 0xe0, 0x7, 0xff, 0x97, 0xaf,
    0xf7, 0x0, 0x5, 0xcf, 0xff, 0xfe, 0x0, 0x0,
    0x0, 0x0, 0xef, 0x50, 0x0, 0x0, 0x0, 0x7f,
    0xc0, 0x0, 0x0, 0x0, 0xe, 0xf2, 0x0, 0x0,
    0x0, 0x8, 0xf9, 0x0, 0x0, 0x0, 0x2, 0xfe,
    0x0, 0x0, 0x0, 0x0, 0xbf, 0x50, 0x0, 0x0,

    /* U+003A ":" */
    0x5f, 0xd5, 0xfd, 0x0, 0x0, 0x0, 0x0, 0x0,
    0x0, 0x0, 0x0, 0x0, 0x0, 0x5, 0xfd, 0x5f,
    0xd0,

    /* U+003B ";" */
    0x5f, 0xd5, 0xfd, 0x0, 0x0, 0x0, 0x0, 0x0,
    0x0, 0x0, 0x0, 0x0, 0x0, 0x5, 0xfd, 0x5f,
    0xd0, 0x99, 0xe, 0x21, 0x50,

    /* U+003C "<" */
    0x0, 0x0, 0x0, 0x0, 0x4, 0x70, 0x0, 0x0,
    0x0, 0x0, 0x5f, 0x90, 0x0, 0x0, 0x0, 0x7,
    0xf8, 0x0, 0x0, 0x0, 0x0, 0x8f, 0x60, 0x0,
    0x0, 0x0, 0x9, 0xf5, 0x0, 0x0, 0x0, 0x0,
    0xbe, 0x30, 0x0, 0x0, 0x0, 0x1c, 0xe2, 0x0,
    0x0, 0x0, 0x1, 0xdd, 0x10, 0x0, 0x0, 0x0,
    0xe, 0xe1, 0x0, 0x0, 0x0, 0x0, 0x5, 0xf8,
    0x0, 0x0, 0x0, 0x0, 0x0, 0x4f, 0xa0, 0x0,
    0x0, 0x0, 0x0, 0x2, 0xec, 0x10, 0x0, 0x0,
    0x0, 0x0, 0x1d, 0xd2, 0x0, 0x0, 0x0, 0x0,
    0x1, 0xce, 0x30, 0x0, 0x0, 0x0, 0x0, 0xa,
    0xf4, 0x0, 0x0, 0x0, 0x0, 0x0, 0x9f, 0x60,
    0x0, 0x0, 0x0, 0x0, 0x7, 0xb0, 0x0, 0x0,
    0x0, 0x0, 0x0, 0x0,

    /* U+003D "=" */
    0x12, 0x22, 0x22, 0x22, 0x22, 0x20, 0x8f, 0xff,
    0xff, 0xff, 0xff, 0xf2, 0x25, 0x55, 0x55, 0x55,
    0x55, 0x50, 0x0, 0x0, 0x0, 0x0, 0x0, 0x0,
    0x0, 0x0, 0x0, 0x0, 0x0, 0x0, 0x0, 0x0,
    0x0, 0x0, 0x0, 0x0, 0x12, 0x22, 0x22, 0x22,
    0x22, 0x20, 0x8f, 0xff, 0xff, 0xff, 0xff, 0xf2,
    0x25, 0x55, 0x55, 0x55, 0x55, 0x50,

    /* U+003E ">" */
    0x8, 0x20, 0x0, 0x0, 0x0, 0x0, 0xb, 0xe3,
    0x0, 0x0, 0x0, 0x0, 0x0, 0xaf, 0x40, 0x0,
    0x0, 0x0, 0x0, 0x9, 0xf5, 0x0, 0x0, 0x0,
    0x0, 0x0, 0x7f, 0x70, 0x0, 0x0, 0x0, 0x0,
    0x5, 0xf8, 0x0, 0x0, 0x0, 0x0, 0x0, 0x4f,
    0xa0, 0x0, 0x0, 0x0, 0x0, 0x3, 0xeb, 0x0,
    0x0, 0x0, 0x0, 0x0, 0x2f, 0xb0, 0x0, 0x0,
    0x0, 0x0, 0xbe, 0x30, 0x0, 0x0, 0x0, 0x1c,
    0xd2, 0x0, 0x0, 0x0, 0x2, 0xdc, 0x10, 0x0,
    0x0, 0x0, 0x3e, 0xb0, 0x0, 0x0, 0x0, 0x5,
    0xf9, 0x0, 0x0, 0x0, 0x0, 0x7f, 0x80, 0x0,
    0x0, 0x0, 0x9, 0xf6, 0x0, 0x0, 0x0, 0x0,
    0xc, 0x40, 0x0, 0x0, 0x0, 0x0, 0x0, 0x0,
    0x0, 0x0, 0x0, 0x0,

    /* U+003F "?" */
    0x0, 0x6c, 0xff, 0xb4, 0x0, 0x9, 0xff, 0xde,
    0xff, 0x50, 0x3f, 0xf3, 0x0, 0x9f, 0xe0, 0x8f,
    0x90, 0x0, 0x1f, 0xf2, 0xbf, 0x70, 0x0, 0x1f,
    0xf2, 0x1, 0x0, 0x0, 0x5f, 0xe0, 0x0, 0x0,
    0x1, 0xef, 0x70, 0x0, 0x0, 0x1d, 0xfa, 0x0,
    0x0, 0x0, 0xbf, 0x90, 0x0, 0x0, 0x1, 0xfd,
    0x0, 0x0, 0x0, 0x3, 0xf7, 0x0, 0x0, 0x0,
    0x0, 0x10, 0x0, 0x0, 0x0, 0x0, 0x0, 0x0,
    0x0, 0x0, 0x1, 0x32, 0x0, 0x0, 0x0, 0x6,
    0xfa, 0x0, 0x0, 0x0, 0x6, 0xfa, 0x0, 0x0,

    /* U+0040 "@" */
    0x0, 0x1, 0x9c, 0xbc, 0x70, 0x0, 0x0, 0x3c,
    0x40, 0x0, 0x8a, 0x0, 0x1, 0xd1, 0x0, 0x0,
    0xa, 0x50, 0x9, 0x50, 0x9, 0xd8, 0xe2, 0xc0,
    0xe, 0x0, 0xac, 0x2c, 0xd0, 0xd0, 0x3a, 0x5,
    0xf2, 0xb, 0xa0, 0xb3, 0x68, 0xd, 0xa0, 0xe,
    0x60, 0xb3, 0x77, 0x2f, 0x50, 0x2f, 0x30, 0xc3,
    0x86, 0x5f, 0x30, 0x5f, 0x0, 0xd1, 0x77, 0x5f,
    0x20, 0x8d, 0x1, 0xe0, 0x59, 0x2f, 0x82, 0xed,
    0x19, 0x80, 0x2c, 0x9, 0xff, 0x7f, 0xfb, 0x0,
    0xd, 0x10, 0x21, 0x1, 0x20, 0x0, 0x5, 0xa0,
    0x0, 0x0, 0x2, 0x0, 0x0, 0x8a, 0x10, 0x1,
    0xb4, 0x0, 0x0, 0x4, 0xbb, 0xbb, 0x30, 0x0,

    /* U+0041 "A" */
    0x0, 0x0, 0x2f, 0xf0, 0x0, 0x0, 0x0, 0x0,
    0x7f, 0xf4, 0x0, 0x0, 0x0, 0x0, 0xcf, 0xf9,
    0x0, 0x0, 0x0, 0x1, 0xfe, 0xfd, 0x0, 0x0,
    0x0, 0x5, 0xf9, 0xcf, 0x20, 0x0, 0x0, 0xa,
    0xf5, 0x8f, 0x70, 0x0, 0x0, 0xe, 0xf1, 0x3f,
    0xb0, 0x0, 0x0, 0x3f, 0xc0, 0xf, 0xf0, 0x0,
    0x0, 0x8f, 0x80, 0xb, 0xf5, 0x0, 0x0, 0xdf,
    0xdc, 0xce, 0xf9, 0x0, 0x1, 0xff, 0xff, 0xff,
    0xfe, 0x0, 0x6, 0xfb, 0x0, 0x0, 0xef, 0x30,
    0xb, 0xf7, 0x0, 0x0, 0xaf, 0x80, 0xf, 0xf2,
    0x0, 0x0, 0x6f, 0xc0, 0x4f, 0xe0, 0x0, 0x0,
    0x1f, 0xf1, 0x9f, 0xa0, 0x0, 0x0, 0xd, 0xf6,

    /* U+0042 "B" */
    0xff, 0xff, 0xff, 0xc6, 0x0, 0xf, 0xfc, 0xcc,
    0xdf, 0xf9, 0x0, 0xff, 0x30, 0x0, 0x3f, 0xf3,
    0xf, 0xf3, 0x0, 0x0, 0xaf, 0x80, 0xff, 0x30,
    0x0, 0x9, 0xf8, 0xf, 0xf3, 0x0, 0x0, 0xcf,
    0x60, 0xff, 0x30, 0x1, 0x9f, 0xe0, 0xf, 0xff,
    0xff, 0xff, 0xc2, 0x0, 0xff, 0xcc, 0xcd, 0xfe,
    0x60, 0xf, 0xf3, 0x0, 0x3, 0xef, 0x70, 0xff,
    0x30, 0x0, 0x5, 0xfe, 0xf, 0xf3, 0x0, 0x0,
    0x3f, 0xf0, 0xff, 0x30, 0x0, 0x6, 0xff, 0xf,
    0xf3, 0x0, 0x3, 0xef, 0xb0, 0xff, 0xcc, 0xcd,
    0xff, 0xe2, 0xf, 0xff, 0xff, 0xec, 0x71, 0x0,

    /* U+0043 "C" */
    0x0, 0x1, 0x9e, 0xfd, 0x70, 0x0, 0x0, 0x2e,
    0xfe, 0xcf, 0xfb, 0x0, 0x0, 0xdf, 0x90, 0x1,
    0xdf, 0x60, 0x5, 0xfd, 0x0, 0x0, 0x5f, 0xd0,
    0xa, 0xf8, 0x0, 0x0, 0x1f, 0xf0, 0xe, 0xf4,
    0x0, 0x0, 0xc, 0xc0, 0xf, 0xf2, 0x0, 0x0,
    0x0, 0x0, 0x1f, 0xf1, 0x0, 0x0, 0x0, 0x0,
    0x2f, 0xf1, 0x0, 0x0, 0x0, 0x0, 0x1f, 0xf2,
    0x0, 0x0, 0x6, 0x60, 0xf, 0xf3, 0x0, 0x0,
    0xf, 0xf1, 0xd, 0xf6, 0x0, 0x0, 0x2f, 0xf0,
    0x8, 0xfc, 0x0, 0x0, 0x6f, 0xb0, 0x1, 0xff,
    0x80, 0x3, 0xef, 0x50, 0x0, 0x4f, 0xfe, 0xdf,
    0xfa, 0x0, 0x0, 0x2, 0xae, 0xfd, 0x60, 0x0,

    /* U+0044 "D" */
    0xff, 0xff, 0xeb, 0x60, 0x0, 0xff, 0xcc, 0xef,
    0xfc, 0x10, 0xff, 0x30, 0x4, 0xef, 0xb0, 0xff,
    0x30, 0x0, 0x3f, 0xf3, 0xff, 0x30, 0x0, 0xc,
    0xf9, 0xff, 0x30, 0x0, 0x8, 0xfc, 0xff, 0x30,
    0x0, 0x5, 0xfe, 0xff, 0x30, 0x0, 0x4, 0xff,
    0xff, 0x30, 0x0, 0x4, 0xff, 0xff, 0x30, 0x0,
    0x5, 0xfe, 0xff, 0x30, 0x0, 0x7, 0xfc, 0xff,
    0x30, 0x0, 0xb, 0xf8, 0xff, 0x30, 0x0, 0x2f,
    0xf3, 0xff, 0x30, 0x4, 0xef, 0xa0, 0xff, 0xcc,
    0xef, 0xfb, 0x0, 0xff, 0xff, 0xea, 0x40, 0x0,

    /* U+0045 "E" */
    0xbf, 0xff, 0xff, 0xff, 0xf6, 0xbf, 0xdc, 0xcc,
    0xcc, 0xc4, 0xbf, 0x70, 0x0, 0x0, 0x0, 0xbf,
    0x70, 0x0, 0x0, 0x0, 0xbf, 0x70, 0x0, 0x0,
    0x0, 0xbf, 0x70, 0x0, 0x0, 0x0, 0xbf, 0x70,
    0x0, 0x0, 0x0, 0xbf, 0xff, 0xff, 0xff, 0xd0,
    0xbf, 0xdc, 0xcc, 0xcc, 0xa0, 0xbf, 0x70, 0x0,
    0x0, 0x0, 0xbf, 0x70, 0x0, 0x0, 0x0, 0xbf,
    0x70, 0x0, 0x0, 0x0, 0xbf, 0x70, 0x0, 0x0,
    0x0, 0xbf, 0x70, 0x0, 0x0, 0x0, 0xbf, 0xdc,
    0xcc, 0xcc, 0xca, 0xbf, 0xff, 0xff, 0xff, 0xfe,

    /* U+0046 "F" */
    0xef, 0xff, 0xff, 0xff, 0xff, 0xef, 0xdc, 0xcc,
    0xcc, 0xcb, 0xef, 0x40, 0x0, 0x0, 0x0, 0xef,
    0x40, 0x0, 0x0, 0x0, 0xef, 0x40, 0x0, 0x0,
    0x0, 0xef, 0x40, 0x0, 0x0, 0x0, 0xef, 0x40,
    0x0, 0x0, 0x0, 0xef, 0xdc, 0xcc, 0xcc, 0x10,
    0xef, 0xff, 0xff, 0xff, 0x10, 0xef, 0x40, 0x0,
    0x0, 0x0, 0xef, 0x40, 0x0, 0x0, 0x0, 0xef,
    0x40, 0x0, 0x0, 0x0, 0xef, 0x40, 0x0, 0x0,
    0x0, 0xef, 0x40, 0x0, 0x0, 0x0, 0xef, 0x40,
    0x0, 0x0, 0x0, 0xef, 0x40, 0x0, 0x0, 0x0,

    /* U+0047 "G" */
    0x0, 0x3, 0xbe, 0xfc, 0x40, 0x0, 0x4, 0xff,
    0xdd, 0xff, 0x60, 0x0, 0xef, 0x60, 0x4, 0xff,
    0x10, 0x6f, 0xc0, 0x0, 0xb, 0xf6, 0xb, 0xf7,
    0x0, 0x0, 0x7f, 0x90, 0xef, 0x40, 0x0, 0x3,
    0x96, 0xf, 0xf2, 0x0, 0x0, 0x0, 0x1, 0xff,
    0x10, 0x0, 0x0, 0x0, 0x2f, 0xf1, 0x1, 0xff,
    0xff, 0xb1, 0xff, 0x20, 0x1c, 0xcc, 0xfb, 0xf,
    0xf3, 0x0, 0x0, 0x3f, 0xb0, 0xdf, 0x60, 0x0,
    0x4, 0xfb, 0x8, 0xfc, 0x0, 0x0, 0x7f, 0xb0,
    0x2f, 0xf8, 0x0, 0x2e, 0xfb, 0x0, 0x5f, 0xfe,
    0xdf, 0xff, 0xb0, 0x0, 0x3b, 0xff, 0xa2, 0xfb,

    /* U+0048 "H" */
    0xff, 0x30, 0x0, 0x7, 0xfb, 0xff, 0x30, 0x0,
    0x7, 0xfb, 0xff, 0x30, 0x0, 0x7, 0xfb, 0xff,
    0x30, 0x0, 0x7, 0xfb, 0xff, 0x30, 0x0, 0x7,
    0xfb, 0xff, 0x30, 0x0, 0x7, 0xfb, 0xff, 0x30,
    0x0, 0x7, 0xfb, 0xff, 0xff, 0xff, 0xff, 0xfb,
    0xff, 0xcc, 0xcc, 0xcd, 0xfb, 0xff, 0x30, 0x0,
    0x7, 0xfb, 0xff, 0x30, 0x0, 0x7, 0xfb, 0xff,
    0x30, 0x0, 0x7, 0xfb, 0xff, 0x30, 0x0, 0x7,
    0xfb, 0xff, 0x30, 0x0, 0x7, 0xfb, 0xff, 0x30,
    0x0, 0x7, 0xfb, 0xff, 0x30, 0x0, 0x7, 0xfb,

    /* U+0049 "I" */
    0x3f, 0xf3, 0xff, 0x3f, 0xf3, 0xff, 0x3f, 0xf3,
    0xff, 0x3f, 0xf3, 0xff, 0x3f, 0xf3, 0xff, 0x3f,
    0xf3, 0xff, 0x3f, 0xf3, 0xff, 0x3f, 0xf3, 0xff,

    /* U+004A "J" */
    0x0, 0x0, 0x0, 0xa, 0xf8, 0x0, 0x0, 0x0,
    0xa, 0xf8, 0x0, 0x0, 0x0, 0xa, 0xf8, 0x0,
    0x0, 0x0, 0xa, 0xf8, 0x0, 0x0, 0x0, 0xa,
    0xf8, 0x0, 0x0, 0x0, 0xa, 0xf8, 0x0, 0x0,
    0x0, 0xa, 0xf8, 0x0, 0x0, 0x0, 0xa, 0xf8,
    0x0, 0x0, 0x0, 0xa, 0xf8, 0x34, 0x10, 0x0,
    0xa, 0xf8, 0xcf, 0x60, 0x0, 0xa, 0xf7, 0xbf,
    0x60, 0x0, 0xb, 0xf7, 0x9f, 0xa0, 0x0, 0xe,
    0xf4, 0x4f, 0xf5, 0x1, 0x9f, 0xf0, 0xa, 0xff,
    0xff, 0xff, 0x60, 0x0, 0x6d, 0xff, 0xb4, 0x0,

    /* U+004B "K" */
    0xff, 0x30, 0x0, 0xd, 0xfa, 0xf, 0xf3, 0x0,
    0xa, 0xfd, 0x0, 0xff, 0x30, 0x6, 0xfe, 0x20,
    0xf, 0xf3, 0x3, 0xff, 0x40, 0x0, 0xff, 0x31,
    0xdf, 0x70, 0x0, 0xf, 0xf3, 0xbf, 0xb0, 0x0,
    0x0, 0xff, 0xaf, 0xf4, 0x0, 0x0, 0xf, 0xff,
    0xff, 0xc0, 0x0, 0x0, 0xff, 0xf7, 0xff, 0x50,
    0x0, 0xf, 0xf9, 0x8, 0xfd, 0x0, 0x0, 0xff,
    0x30, 0xe, 0xf6, 0x0, 0xf, 0xf3, 0x0, 0x7f,
    0xe0, 0x0, 0xff, 0x30, 0x0, 0xdf, 0x80, 0xf,
    0xf3, 0x0, 0x5, 0xff, 0x10, 0xff, 0x30, 0x0,
    0xc, 0xf9, 0xf, 0xf3, 0x0, 0x0, 0x4f, 0xf2,

    /* U+004C "L" */
    0xef, 0x40, 0x0, 0x0, 0x0, 0xef, 0x40, 0x0,
    0x0, 0x0, 0xef, 0x40, 0x0, 0x0, 0x0, 0xef,
    0x40, 0x0, 0x0, 0x0, 0xef, 0x40, 0x0, 0x0,
    0x0, 0xef, 0x40, 0x0, 0x0, 0x0, 0xef, 0x40,
    0x0, 0x0, 0x0, 0xef, 0x40, 0x0, 0x0, 0x0,
    0xef, 0x40, 0x0, 0x0, 0x0, 0xef, 0x40, 0x0,
    0x0, 0x0, 0xef, 0x40, 0x0, 0x0, 0x0, 0xef,
    0x40, 0x0, 0x0, 0x0, 0xef, 0x40, 0x0, 0x0,
    0x0, 0xef, 0x40, 0x0, 0x0, 0x0, 0xef, 0xdc,
    0xcc, 0xcc, 0xca, 0xef, 0xff, 0xff, 0xff, 0xfe,

    /* U+004D "M" */
    0x2f, 0xfd, 0x0, 0x0, 0xff, 0xf2, 0xff, 0xf0,
    0x0, 0x3f, 0xff, 0x2f, 0xff, 0x30, 0x6, 0xff,
    0xf2, 0xff, 0xf6, 0x0, 0x9f, 0xff, 0x2f, 0xef,
    0x90, 0xd, 0xef, 0xf2, 0xfb, 0xed, 0x0, 0xfb,
    0xef, 0x2f, 0xbb, 0xf0, 0x3f, 0x8e, 0xf2, 0xfb,
    0x8f, 0x36, 0xf5, 0xef, 0x2f, 0xb5, 0xf6, 0x9f,
    0x2e, 0xf2, 0xfb, 0x1f, 0x9c, 0xe0, 0xef, 0x2f,
    0xb0, 0xed, 0xfb, 0xe, 0xf2, 0xfb, 0xb, 0xff,
    0x80, 0xef, 0x2f, 0xb0, 0x8f, 0xf5, 0xe, 0xf2,
    0xfb, 0x5, 0xff, 0x20, 0xef, 0x2f, 0xb0, 0x2f,
    0xf0, 0xe, 0xf2, 0xfb, 0x0, 0xfc, 0x0, 0xef,

    /* U+004E "N" */
    0x1f, 0xf8, 0x0, 0x0, 0x7f, 0xb1, 0xff, 0xe0,
    0x0, 0x7, 0xfb, 0x1f, 0xff, 0x60, 0x0, 0x7f,
    0xb1, 0xff, 0xfd, 0x0, 0x7, 0xfb, 0x1f, 0xfd,
    0xf4, 0x0, 0x7f, 0xb1, 0xff, 0x6f, 0xb0, 0x7,
    0xfb, 0x1f, 0xf1, 0xdf, 0x20, 0x7f, 0xb1, 0xff,
    0x16, 0xf9, 0x7, 0xfb, 0x1f, 0xf1, 0xf, 0xf1,
    0x7f, 0xb1, 0xff, 0x10, 0x8f, 0x87, 0xfb, 0x1f,
    0xf1, 0x1, 0xfe, 0x7f, 0xb1, 0xff, 0x10, 0xa,
    0xfd, 0xfb, 0x1f, 0xf1, 0x0, 0x3f, 0xff, 0xb1,
    0xff, 0x10, 0x0, 0xcf, 0xfb, 0x1f, 0xf1, 0x0,
    0x5, 0xff, 0xb1, 0xff, 0x10, 0x0, 0xd, 0xfb,

    /* U+004F "O" */
    0x0, 0x6, 0xcf, 0xfb, 0x40, 0x0, 0x0, 0x9f,
    0xfd, 0xdf, 0xf6, 0x0, 0x5, 0xff, 0x40, 0x7,
    0xff, 0x10, 0xb, 0xf8, 0x0, 0x0, 0xcf, 0x70,
    0xf, 0xf3, 0x0, 0x0, 0x7f, 0xb0, 0x2f, 0xf0,
    0x0, 0x0, 0x5f, 0xe0, 0x4f, 0xf0, 0x0, 0x0,
    0x3f, 0xf0, 0x5f, 0xe0, 0x0, 0x0, 0x3f, 0xf0,
    0x5f, 0xe0, 0x0, 0x0, 0x3f, 0xf0, 0x4f, 0xf0,
    0x0, 0x0, 0x3f, 0xf0, 0x2f, 0xf0, 0x0, 0x0,
    0x5f, 0xe0, 0xf, 0xf3, 0x0, 0x0, 0x7f, 0xb0,
    0xb, 0xf8, 0x0, 0x0, 0xcf, 0x70, 0x4, 0xff,
    0x40, 0x7, 0xff, 0x10, 0x0, 0x9f, 0xfd, 0xdf,
    0xf5, 0x0, 0x0, 0x6, 0xcf, 0xfb, 0x40, 0x0,

    /* U+0050 "P" */
    0xcf, 0xff, 0xff, 0xd8, 0x0, 0xc, 0xfd, 0xcc,
    0xdf, 0xfd, 0x0, 0xcf, 0x60, 0x0, 0x2d, 0xf8,
    0xc, 0xf6, 0x0, 0x0, 0x4f, 0xe0, 0xcf, 0x60,
    0x0, 0x1, 0xff, 0xc, 0xf6, 0x0, 0x0, 0x2f,
    0xf0, 0xcf, 0x60, 0x0, 0x6, 0xfd, 0xc, 0xf6,
    0x0, 0x16, 0xef, 0x60, 0xcf, 0xff, 0xff, 0xff,
    0x90, 0xc, 0xfd, 0xcc, 0xb9, 0x40, 0x0, 0xcf,
    0x60, 0x0, 0x0, 0x0, 0xc, 0xf6, 0x0, 0x0,
    0x0, 0x0, 0xcf, 0x60, 0x0, 0x0, 0x0, 0xc,
    0xf6, 0x0, 0x0, 0x0, 0x0, 0xcf, 0x60, 0x0,
    0x0, 0x0, 0xc, 0xf6, 0x0, 0x0, 0x0, 0x0,

    /* U+0051 "Q" */
    0x0, 0x6, 0xcf, 0xfb, 0x40, 0x0, 0x0, 0x9f,
    0xfd, 0xdf, 0xf6, 0x0, 0x5, 0xff, 0x40, 0x7,
    0xff, 0x10, 0xb, 0xf8, 0x0, 0x0, 0xcf, 0x70,
    0xf, 0xf3, 0x0, 0x0, 0x7f, 0xb0, 0x2f, 0xf0,
    0x0, 0x0, 0x5f, 0xe0, 0x4f, 0xf0, 0x0, 0x0,
    0x3f, 0xf0, 0x5f, 0xe0, 0x0, 0x0, 0x3f, 0xf0,
    0x5f, 0xe0, 0x0, 0x0, 0x3f, 0xf0, 0x4f, 0xf0,
    0x0, 0x12, 0x3f, 0xf0, 0x2f, 0xf0, 0x0, 0xcb,
    0x5f, 0xe0, 0xf, 0xf3, 0x0, 0xef, 0xbf, 0xb0,
    0xb, 0xf8, 0x0, 0x6f, 0xff, 0x70, 0x4, 0xff,
    0x40, 0xe, 0xfe, 0x10, 0x0, 0x9f, 0xfd, 0xdf,
    0xfd, 0x0, 0x0, 0x6, 0xcf, 0xfb, 0xef, 0x30,
    0x0, 0x0, 0x0, 0x0, 0x56, 0x0, 0x0, 0x0,
    0x0, 0x0, 0x0, 0x0,

    /* U+0052 "R" */
    0xff, 0xff, 0xff, 0xc6, 0x0, 0xf, 0xfc, 0xcc,
    0xef, 0xfc, 0x0, 0xff, 0x30, 0x0, 0x5f, 0xf6,
    0xf, 0xf3, 0x0, 0x0, 0x9f, 0xa0, 0xff, 0x30,
    0x0, 0x6, 0xfc, 0xf, 0xf3, 0x0, 0x0, 0x8f,
    0xa0, 0xff, 0x30, 0x0, 0x3f, 0xf5, 0xf, 0xfc,
    0xcc, 0xdf, 0xfa, 0x0, 0xff, 0xff, 0xff, 0xe6,
    0x0, 0xf, 0xf3, 0x2, 0xff, 0x10, 0x0, 0xff,
    0x30, 0xa, 0xf8, 0x0, 0xf, 0xf3, 0x0, 0x2f,
    0xf1, 0x0, 0xff, 0x30, 0x0, 0xbf, 0x80, 0xf,
    0xf3, 0x0, 0x3, 0xff, 0x10, 0xff, 0x30, 0x0,
    0xb, 0xf8, 0xf, 0xf3, 0x0, 0x0, 0x3f, 0xf1,

    /* U+0053 "S" */
    0x0, 0x6, 0xdf, 0xfc, 0x40, 0x0, 0xb, 0xff,
    0xef, 0xff, 0x50, 0x6, 0xfe, 0x20, 0x8, 0xfe,
    0x0, 0xbf, 0x70, 0x0, 0xe, 0xf4, 0xb, 0xf7,
    0x0, 0x0, 0x68, 0x30, 0x8f, 0xe2, 0x0, 0x0,
    0x0, 0x0, 0xdf, 0xf9, 0x20, 0x0, 0x0, 0x1,
    0x9f, 0xff, 0xa2, 0x0, 0x0, 0x0, 0x18, 0xff,
    0xf5, 0x0, 0x0, 0x0, 0x1, 0xaf, 0xf4, 0x2,
    0x20, 0x0, 0x0, 0xaf, 0xb2, 0xff, 0x0, 0x0,
    0x5, 0xfd, 0xf, 0xf3, 0x0, 0x0, 0x7f, 0xc0,
    0xbf, 0xd1, 0x0, 0x3e, 0xf6, 0x1, 0xef, 0xfc,
    0xdf, 0xfb, 0x0, 0x1, 0x9d, 0xff, 0xc6, 0x0,

    /* U+0054 "T" */
    0xff, 0xff, 0xff, 0xff, 0xfb, 0xbc, 0xcc, 0xff,
    0xcc, 0xc8, 0x0, 0x3, 0xff, 0x0, 0x0, 0x0,
    0x3, 0xff, 0x0, 0x0, 0x0, 0x3, 0xff, 0x0,
    0x0, 0x0, 0x3, 0xff, 0x0, 0x0, 0x0, 0x3,
    0xff, 0x0, 0x0, 0x0, 0x3, 0xff, 0x0, 0x0,
    0x0, 0x3, 0xff, 0x0, 0x0, 0x0, 0x3, 0xff,
    0x0, 0x0, 0x0, 0x3, 0xff, 0x0, 0x0, 0x0,
    0x3, 0xff, 0x0, 0x0, 0x0, 0x3, 0xff, 0x0,
    0x0, 0x0, 0x3, 0xff, 0x0, 0x0, 0x0, 0x3,
    0xff, 0x0, 0x0, 0x0, 0x3, 0xff, 0x0, 0x0,

    /* U+0055 "U" */
    0xff, 0x30, 0x0, 0x6, 0xfc, 0xff, 0x30, 0x0,
    0x6, 0xfc, 0xff, 0x30, 0x0, 0x6, 0xfc, 0xff,
    0x30, 0x0, 0x6, 0xfc, 0xff, 0x30, 0x0, 0x6,
    0xfc, 0xff, 0x30, 0x0, 0x6, 0xfc, 0xff, 0x30,
    0x0, 0x6, 0xfc, 0xff, 0x30, 0x0, 0x6, 0xfc,
    0xff, 0x30, 0x0, 0x6, 0xfc, 0xff, 0x30, 0x0,
    0x6, 0xfc, 0xff, 0x30, 0x0, 0x6, 0xfc, 0xff,
    0x30, 0x0, 0x6, 0xfc, 0xdf, 0x60, 0x0, 0x9,
    0xfa, 0x8f, 0xe2, 0x0, 0x4f, 0xf5, 0x1d, 0xff,
    0xdd, 0xff, 0xb0, 0x1, 0x9d, 0xff, 0xd7, 0x0,

    /* U+0056 "V" */
    0xaf, 0x90, 0x0, 0x0, 0xe, 0xf4, 0x6f, 0xd0,
    0x0, 0x0, 0x3f, 0xf0, 0x1f, 0xf1, 0x0, 0x0,
    0x7f, 0xb0, 0xc, 0xf6, 0x0, 0x0, 0xcf, 0x60,
    0x7, 0xfa, 0x0, 0x0, 0xff, 0x10, 0x3, 0xfe,
    0x0, 0x4, 0xfd, 0x0, 0x0, 0xef, 0x30, 0x9,
    0xf8, 0x0, 0x0, 0x9f, 0x70, 0xd, 0xf3, 0x0,
    0x0, 0x5f, 0xb0, 0x1f, 0xe0, 0x0, 0x0, 0xf,
    0xf0, 0x6f, 0xa0, 0x0, 0x0, 0xb, 0xf4, 0xaf,
    0x50, 0x0, 0x0, 0x7, 0xf8, 0xef, 0x10, 0x0,
    0x0, 0x2, 0xff, 0xfc, 0x0, 0x0, 0x0, 0x0,
    0xdf, 0xf7, 0x0, 0x0, 0x0, 0x0, 0x9f, 0xf2,
    0x0, 0x0, 0x0, 0x0, 0x4f, 0xe0, 0x0, 0x0,

    /* U+0057 "W" */
    0xdf, 0x30, 0x4f, 0xe0, 0x9, 0xf7, 0xbf, 0x40,
    0x6f, 0xf0, 0xb, 0xf5, 0x9f, 0x60, 0x9f, 0xf3,
    0xc, 0xf3, 0x7f, 0x80, 0xbf, 0xf5, 0xe, 0xf1,
    0x5f, 0x90, 0xdb, 0xf7, 0xf, 0xf0, 0x3f, 0xb0,
    0xf8, 0xe9, 0x1f, 0xd0, 0x1f, 0xd2, 0xf6, 0xcb,
    0x3f, 0xb0, 0xf, 0xe4, 0xf3, 0x9e, 0x4f, 0x80,
    0xd, 0xf6, 0xf1, 0x7f, 0x6f, 0x60, 0xa, 0xfa,
    0xf0, 0x5f, 0xaf, 0x40, 0x8, 0xff, 0xd0, 0x3f,
    0xff, 0x20, 0x6, 0xff, 0xa0, 0xf, 0xff, 0x0,
    0x4, 0xff, 0x80, 0xe, 0xfe, 0x0, 0x2, 0xff,
    0x60, 0xc, 0xfc, 0x0, 0x0, 0xff, 0x30, 0x9,
    0xfa, 0x0, 0x0, 0xef, 0x10, 0x7, 0xf8, 0x0,

    /* U+0058 "X" */
    0xd, 0xf5, 0x0, 0x0, 0xbf, 0x80, 0x6, 0xfc,
    0x0, 0x2, 0xfe, 0x10, 0x0, 0xdf, 0x40, 0xa,
    0xf7, 0x0, 0x0, 0x5f, 0xb0, 0x2f, 0xe0, 0x0,
    0x0, 0xd, 0xf3, 0x9f, 0x70, 0x0, 0x0, 0x4,
    0xfb, 0xfe, 0x0, 0x0, 0x0, 0x0, 0xcf, 0xf6,
    0x0, 0x0, 0x0, 0x0, 0x5f, 0xf0, 0x0, 0x0,
    0x0, 0x0, 0xbf, 0xf5, 0x0, 0x0, 0x0, 0x3,
    0xfd, 0xfd, 0x0, 0x0, 0x0, 0xb, 0xf4, 0xaf,
    0x50, 0x0, 0x0, 0x4f, 0xc0, 0x3f, 0xd0, 0x0,
    0x0, 0xcf, 0x50, 0xb, 0xf6, 0x0, 0x5, 0xfd,
    0x0, 0x3, 0xfe, 0x0, 0xd, 0xf5, 0x0, 0x0,
    0xbf, 0x70, 0x5f, 0xd0, 0x0, 0x0, 0x3f, 0xe0,

    /* U+0059 "Y" */
    0x6f, 0xc0, 0x0, 0x0, 0x1f, 0xf1, 0xd, 0xf4,
    0x0, 0x0, 0x8f, 0x90, 0x6, 0xfb, 0x0, 0x1,
    0xff, 0x10, 0x0, 0xdf, 0x30, 0x7, 0xf9, 0x0,
    0x0, 0x5f, 0xb0, 0xe, 0xf1, 0x0, 0x0, 0xd,
    0xf2, 0x7f, 0x90, 0x0, 0x0, 0x5, 0xfb, 0xef,
    0x10, 0x0, 0x0, 0x0, 0xdf, 0xf9, 0x0, 0x0,
    0x0, 0x0, 0x6f, 0xf1, 0x0, 0x0, 0x0, 0x0,
    0x3f, 0xf0, 0x0, 0x0, 0x0, 0x0, 0x3f, 0xf0,
    0x0, 0x0, 0x0, 0x0, 0x3f, 0xf0, 0x0, 0x0,
    0x0, 0x0, 0x3f, 0xf0, 0x0, 0x0, 0x0, 0x0,
    0x3f, 0xf0, 0x0, 0x0, 0x0, 0x0, 0x3f, 0xf0,
    0x0, 0x0, 0x0, 0x0, 0x3f, 0xf0, 0x0, 0x0,

    /* U+005A "Z" */
    0x9, 0xff, 0xff, 0xff, 0xff, 0x90, 0x7c, 0xcc,
    0xcc, 0xce, 0xf9, 0x0, 0x0, 0x0, 0x1, 0xef,
    0x20, 0x0, 0x0, 0x0, 0xaf, 0x80, 0x0, 0x0,
    0x0, 0x3f, 0xe0, 0x0, 0x0, 0x0, 0xd, 0xf5,
    0x0, 0x0, 0x0, 0x7, 0xfb, 0x0, 0x0, 0x0,
    0x1, 0xff, 0x20, 0x0, 0x0, 0x0, 0xaf, 0x70,
    0x0, 0x0, 0x0, 0x4f, 0xd0, 0x0, 0x0, 0x0,
    0xd, 0xf4, 0x0, 0x0, 0x0, 0x7, 0xfa, 0x0,
    0x0, 0x0, 0x2, 0xff, 0x10, 0x0, 0x0, 0x0,
    0xbf, 0x70, 0x0, 0x0, 0x0, 0x2f, 0xfc, 0xcc,
    0xcc, 0xcc, 0xa2, 0xff, 0xff, 0xff, 0xff, 0xfe,

    /* U+005B "[" */
    0x2, 0x22, 0x22, 0x15, 0xff, 0xff, 0xf9, 0x5f,
    0x85, 0x55, 0x35, 0xf4, 0x0, 0x0, 0x5f, 0x40,
    0x0, 0x5, 0xf4, 0x0, 0x0, 0x5f, 0x40, 0x0,
    0x5, 0xf4, 0x0, 0x0, 0x5f, 0x40, 0x0, 0x5,
    0xf4, 0x0, 0x0, 0x5f, 0x40, 0x0, 0x5, 0xf4,
    0x0, 0x0, 0x5f, 0x40, 0x0, 0x5, 0xf4, 0x0,
    0x0, 0x5f, 0x40, 0x0, 0x5, 0xf4, 0x0, 0x0,
    0x5f, 0x40, 0x0, 0x5, 0xf4, 0x0, 0x0, 0x5f,
    0x40, 0x0, 0x5, 0xf6, 0x22, 0x21, 0x5f, 0xff,
    0xff, 0x91, 0x55, 0x55, 0x53,

    /* U+005C "\\" */
    0x9e, 0x0, 0x0, 0x0, 0x0, 0x2f, 0x50, 0x0,
    0x0, 0x0, 0xb, 0xc0, 0x0, 0x0, 0x0, 0x5,
    0xf2, 0x0, 0x0, 0x0, 0x0, 0xe9, 0x0, 0x0,
    0x0, 0x0, 0x8f, 0x0, 0x0, 0x0, 0x0, 0x1f,
    0x60, 0x0, 0x0, 0x0, 0xa, 0xd0, 0x0, 0x0,
    0x0, 0x4, 0xf3, 0x0, 0x0, 0x0, 0x0, 0xda,
    0x0, 0x0, 0x0, 0x0, 0x6f, 0x10, 0x0, 0x0,
    0x0, 0xf, 0x70, 0x0, 0x0, 0x0, 0x9, 0xe0,
    0x0, 0x0, 0x0, 0x2, 0xf5, 0x0, 0x0, 0x0,
    0x0, 0xcb, 0x0, 0x0, 0x0, 0x0, 0x5f, 0x20,
    0x0, 0x0, 0x0, 0xe, 0x80, 0x0, 0x0, 0x0,
    0x8, 0xe0, 0x0, 0x0, 0x0, 0x2, 0xf6,

    /* U+005D "]" */
    0x12, 0x22, 0x22, 0xe, 0xff, 0xff, 0xf0, 0x45,
    0x55, 0xbf, 0x0, 0x0, 0x9, 0xf0, 0x0, 0x0,
    0x9f, 0x0, 0x0, 0x9, 0xf0, 0x0, 0x0, 0x9f,
    0x0, 0x0, 0x9, 0xf0, 0x0, 0x0, 0x9f, 0x0,
    0x0, 0x9, 0xf0, 0x0, 0x0, 0x9f, 0x0, 0x0,
    0x9, 0xf0, 0x0, 0x0, 0x9f, 0x0, 0x0, 0x9,
    0xf0, 0x0, 0x0, 0x9f, 0x0, 0x0, 0x9, 0xf0,
    0x0, 0x0, 0x9f, 0x0, 0x0, 0x9, 0xf0, 0x0,
    0x0, 0x9f, 0x1, 0x22, 0x29, 0xf0, 0xef, 0xff,
    0xff, 0x4, 0x55, 0x55, 0x50,

    /* U+005E "^" */
    0x0, 0xb, 0xff, 0x50, 0x0, 0x0, 0x9f, 0xdf,
    0xf3, 0x0, 0x6, 0xfb, 0x3, 0xee, 0x20, 0x4f,
    0x90, 0x0, 0x1d, 0xd0,

    /* U+005F "_" */
    0xff, 0xff, 0xff, 0xff, 0xff, 0xfc, 0x22, 0x22,
    0x22, 0x22, 0x22, 0x21,

    /* U+0060 "`" */
    0x68, 0x70, 0x0, 0x2f, 0xf6, 0x0, 0x4, 0xfe,
    0x10, 0x0, 0x6f, 0x90, 0x0, 0x8, 0xf3,

    /* U+0061 "a" */
    0x0, 0x6c, 0xff, 0xc5, 0x0, 0xa, 0xfe, 0xbb,
    0xff, 0x60, 0x3f, 0xe1, 0x0, 0x2f, 0xd0, 0x25,
    0x30, 0x0, 0x1e, 0xf0, 0x0, 0x14, 0x7b, 0xff,
    0xf0, 0x9, 0xff, 0xff, 0xbe, 0xf0, 0x8f, 0xd6,
    0x20, 0xd, 0xf0, 0xdf, 0x30, 0x0, 0xe, 0xf0,
    0xef, 0x30, 0x0, 0xaf, 0xf0, 0x9f, 0xe8, 0x9e,
    0xff, 0xf1, 0x7, 0xdf, 0xea, 0x3b, 0xf7,

    /* U+0062 "b" */
    0xef, 0x0, 0x0, 0x0, 0x0, 0xef, 0x0, 0x0,
    0x0, 0x0, 0xef, 0x0, 0x0, 0x0, 0x0, 0xef,
    0x0, 0x0, 0x0, 0x0, 0xef, 0x0, 0x0, 0x0,
    0x0, 0xef, 0x1a, 0xef, 0xb3, 0x0, 0xef, 0xdf,
    0xbc, 0xff, 0x50, 0xef, 0xe2, 0x0, 0x6f, 0xe0,
    0xef, 0x60, 0x0, 0xd, 0xf5, 0xef, 0x20, 0x0,
    0x9, 0xf8, 0xef, 0x0, 0x0, 0x7, 0xf9, 0xef,
    0x10, 0x0, 0x9, 0xf8, 0xef, 0x50, 0x0, 0xc,
    0xf5, 0xef, 0xe2, 0x0, 0x6f, 0xf1, 0xef, 0xdf,
    0xbc, 0xff, 0x50, 0xef, 0x1a, 0xff, 0xc4, 0x0,

    /* U+0063 "c" */
    0x0, 0x5, 0xcf, 0xfc, 0x50, 0x0, 0xa, 0xff,
    0xbb, 0xff, 0x80, 0x6, 0xfd, 0x20, 0x2, 0xff,
    0x20, 0xdf, 0x40, 0x0, 0x8, 0xb4, 0x1f, 0xf0,
    0x0, 0x0, 0x0, 0x2, 0xfe, 0x0, 0x0, 0x0,
    0x0, 0x1f, 0xf0, 0x0, 0x0, 0x27, 0x40, 0xdf,
    0x40, 0x0, 0x8, 0xf9, 0x6, 0xfd, 0x20, 0x2,
    0xef, 0x30, 0xa, 0xff, 0xbb, 0xff, 0x80, 0x0,
    0x5, 0xcf, 0xfc, 0x50, 0x0,

    /* U+0064 "d" */
    0x0, 0x0, 0x0, 0x0, 0x9f, 0x50, 0x0, 0x0,
    0x0, 0x9, 0xf5, 0x0, 0x0, 0x0, 0x0, 0x9f,
    0x50, 0x0, 0x0, 0x0, 0x9, 0xf5, 0x0, 0x0,
    0x0, 0x0, 0x9f, 0x50, 0x0, 0x8e, 0xfc, 0x49,
    0xf5, 0x0, 0xdf, 0xeb, 0xdf, 0xdf, 0x50, 0x8f,
    0xc0, 0x0, 0x9f, 0xf5, 0xe, 0xf4, 0x0, 0x0,
    0xff, 0x51, 0xff, 0x0, 0x0, 0xb, 0xf5, 0x2f,
    0xe0, 0x0, 0x0, 0x9f, 0x51, 0xff, 0x0, 0x0,
    0xa, 0xf5, 0xe, 0xf2, 0x0, 0x0, 0xdf, 0x50,
    0x9f, 0xa0, 0x0, 0x6f, 0xf5, 0x1, 0xdf, 0xc7,
    0xaf, 0xef, 0x50, 0x1, 0x9e, 0xfd, 0x79, 0xf5,

    /* U+0065 "e" */
    0x0, 0x5, 0xcf, 0xfc, 0x50, 0x0, 0x9, 0xfe,
    0xaa, 0xff, 0x80, 0x5, 0xfc, 0x0, 0x2, 0xff,
    0x10, 0xcf, 0x62, 0x22, 0x2b, 0xf6, 0xf, 0xff,
    0xff, 0xff, 0xff, 0x80, 0xff, 0x55, 0x55, 0x55,
    0x53, 0xf, 0xf1, 0x0, 0x0, 0x0, 0x0, 0xcf,
    0x50, 0x0, 0x7, 0xd8, 0x5, 0xfe, 0x20, 0x1,
    0xef, 0x40, 0x9, 0xff, 0xcb, 0xff, 0x90, 0x0,
    0x5, 0xcf, 0xfc, 0x60, 0x0,

    /* U+0066 "f" */
    0x0, 0x0, 0x4c, 0xef, 0xd7, 0x0, 0x5, 0xff,
    0xba, 0xda, 0x0, 0xb, 0xf4, 0x0, 0x0, 0x0,
    0xc, 0xf1, 0x0, 0x0, 0x0, 0xc, 0xf1, 0x0,
    0x0, 0xff, 0xff, 0xff, 0xff, 0xf0, 0x77, 0x7e,
    0xf8, 0x77, 0x70, 0x0, 0xc, 0xf1, 0x0, 0x0,
    0x0, 0xc, 0xf1, 0x0, 0x0, 0x0, 0xc, 0xf1,
    0x0, 0x0, 0x0, 0xc, 0xf1, 0x0, 0x0, 0x0,
    0xc, 0xf1, 0x0, 0x0, 0x0, 0xc, 0xf1, 0x0,
    0x0, 0x0, 0xc, 0xf1, 0x0, 0x0, 0x0, 0xc,
    0xf1, 0x0, 0x0, 0x0, 0xc, 0xf1, 0x0, 0x0,

    /* U+0067 "g" */
    0x0, 0x0, 0x0, 0x0, 0x0, 0x0, 0x0, 0x6,
    0xdf, 0xd6, 0x5c, 0xf2, 0x0, 0x9f, 0xd9, 0xdf,
    0xe9, 0xa1, 0x1, 0xfe, 0x0, 0xd, 0xf2, 0x0,
    0x3, 0xfb, 0x0, 0xa, 0xf4, 0x0, 0x0, 0xfe,
    0x0, 0xd, 0xf2, 0x0, 0x0, 0x7f, 0xd9, 0xcf,
    0xa0, 0x0, 0x0, 0xcc, 0xdf, 0xd7, 0x0, 0x0,
    0x7, 0xf2, 0x0, 0x0, 0x0, 0x0, 0x8, 0xf5,
    0x0, 0x0, 0x0, 0x0, 0x3, 0xff, 0xcb, 0xa9,
    0x72, 0x0, 0x1, 0xbf, 0xdf, 0xff, 0xff, 0x50,
    0xd, 0xc0, 0x0, 0x0, 0x4f, 0xb0, 0xe, 0xf8,
    0x54, 0x56, 0xbf, 0x70, 0x2, 0x9d, 0xff, 0xfd,
    0xa5, 0x0,

    /* U+0068 "h" */
    0xbf, 0x30, 0x0, 0x0, 0x0, 0xbf, 0x30, 0x0,
    0x0, 0x0, 0xbf, 0x30, 0x0, 0x0, 0x0, 0xbf,
    0x30, 0x0, 0x0, 0x0, 0xbf, 0x30, 0x0, 0x0,
    0x0, 0xbf, 0x33, 0xbe, 0xeb, 0x20, 0xbf, 0x7f,
    0xc8, 0xcf, 0xe0, 0xbf, 0xf8, 0x0, 0xc, 0xf5,
    0xbf, 0xc0, 0x0, 0x7, 0xf7, 0xbf, 0x60, 0x0,
    0x6, 0xf8, 0xbf, 0x30, 0x0, 0x6, 0xf8, 0xbf,
    0x30, 0x0, 0x6, 0xf8, 0xbf, 0x30, 0x0, 0x6,
    0xf8, 0xbf, 0x30, 0x0, 0x6, 0xf8, 0xbf, 0x30,
    0x0, 0x6, 0xf8, 0xbf, 0x30, 0x0, 0x6, 0xf8,

    /* U+0069 "i" */
    0x2f, 0xc2, 0xfc, 0x6, 0x40, 0x0, 0x0, 0x2,
    0xfc, 0x2f, 0xc2, 0xfc, 0x2f, 0xc2, 0xfc, 0x2f,
    0xc2, 0xfc, 0x2f, 0xc2, 0xfc, 0x2f, 0xc2, 0xfc,

    /* U+006A "j" */
    0x0, 0x0, 0x4f, 0xa0, 0x0, 0x4, 0xfa, 0x0,
    0x0, 0x16, 0x40, 0x0, 0x0, 0x0, 0x0, 0x0,
    0x0, 0x0, 0x0, 0x4, 0xfa, 0x0, 0x0, 0x4f,
    0xa0, 0x0, 0x4, 0xfa, 0x0, 0x0, 0x4f, 0xa0,
    0x0, 0x4, 0xfa, 0x0, 0x0, 0x4f, 0xa0, 0x0,
    0x4, 0xfa, 0x0, 0x0, 0x4f, 0xa0, 0x0, 0x4,
    0xfa, 0x0, 0x0, 0x4f, 0xa0, 0x0, 0x4, 0xf9,
    0x10, 0x0, 0x7f, 0x7d, 0xca, 0xbf, 0xe1, 0x9e,
    0xfe, 0xa2, 0x0,

    /* U+006B "k" */
    0x9f, 0x40, 0x0, 0x0, 0x0, 0x9f, 0x40, 0x0,
    0x0, 0x0, 0x9f, 0x40, 0x0, 0x0, 0x0, 0x9f,
    0x40, 0x0, 0x0, 0x0, 0x9f, 0x40, 0x0, 0x0,
    0x0, 0x9f, 0x40, 0x0, 0x8f, 0xc0, 0x9f, 0x40,
    0x7, 0xfc, 0x0, 0x9f, 0x40, 0x6f, 0xc1, 0x0,
    0x9f, 0x46, 0xfd, 0x10, 0x0, 0x9f, 0x9f, 0xff,
    0x20, 0x0, 0x9f, 0xfd, 0x6f, 0xb0, 0x0, 0x9f,
    0xd1, 0xb, 0xf4, 0x0, 0x9f, 0x40, 0x2, 0xfd,
    0x0, 0x9f, 0x40, 0x0, 0x9f, 0x70, 0x9f, 0x40,
    0x0, 0x1f, 0xf1, 0x9f, 0x40, 0x0, 0x7, 0xfa,

    /* U+006C "l" */
    0xf, 0xd0, 0xfd, 0xf, 0xd0, 0xfd, 0xf, 0xd0,
    0xfd, 0xf, 0xd0, 0xfd, 0xf, 0xd0, 0xfd, 0xf,
    0xd0, 0xfd, 0xf, 0xd0, 0xfd, 0xf, 0xd0, 0xfd,

    /* U+006D "m" */
    0xaf, 0x5a, 0xfd, 0x36, 0xef, 0x90, 0xaf, 0xfc,
    0xcf, 0xef, 0xae, 0xf4, 0xaf, 0xb0, 0x1f, 0xf5,
    0x8, 0xf6, 0xaf, 0x50, 0xf, 0xf0, 0x7, 0xf7,
    0xaf, 0x40, 0xf, 0xd0, 0x7, 0xf7, 0xaf, 0x40,
    0xf, 0xd0, 0x7, 0xf7, 0xaf, 0x40, 0xf, 0xd0,
    0x7, 0xf7, 0xaf, 0x40, 0xf, 0xd0, 0x7, 0xf7,
    0xaf, 0x40, 0xf, 0xd0, 0x7, 0xf7, 0xaf, 0x40,
    0xf, 0xd0, 0x7, 0xf7, 0xaf, 0x40, 0xf, 0xd0,
    0x7, 0xf7,

    /* U+006E "n" */
    0xbf, 0x33, 0xbe, 0xeb, 0x20, 0xbf, 0x8f, 0x95,
    0x9f, 0xe0, 0xbf, 0xf6, 0x0, 0xa, 0xf5, 0xbf,
    0xb0, 0x0, 0x6, 0xf7, 0xbf, 0x50, 0x0, 0x6,
    0xf8, 0xbf, 0x30, 0x0, 0x6, 0xf8, 0xbf, 0x30,
    0x0, 0x6, 0xf8, 0xbf, 0x30, 0x0, 0x6, 0xf8,
    0xbf, 0x30, 0x0, 0x6, 0xf8, 0xbf, 0x30, 0x0,
    0x6, 0xf8, 0xbf, 0x30, 0x0, 0x6, 0xf8,

    /* U+006F "o" */
    0x0, 0x5, 0xcf, 0xfb, 0x30, 0x0, 0x9, 0xff,
    0xcc, 0xff, 0x60, 0x6, 0xfe, 0x20, 0x4, 0xff,
    0x30, 0xdf, 0x50, 0x0, 0x8, 0xfa, 0x1f, 0xf0,
    0x0, 0x0, 0x3f, 0xe2, 0xff, 0x0, 0x0, 0x2,
    0xff, 0x1f, 0xf0, 0x0, 0x0, 0x3f, 0xe0, 0xdf,
    0x50, 0x0, 0x8, 0xfa, 0x6, 0xfe, 0x20, 0x4,
    0xff, 0x30, 0x9, 0xff, 0xbc, 0xff, 0x60, 0x0,
    0x5, 0xcf, 0xfb, 0x30, 0x0,

    /* U+0070 "p" */
    0xef, 0x2b, 0xff, 0xc4, 0x0, 0xef, 0xed, 0x89,
    0xff, 0x50, 0xef, 0xd0, 0x0, 0x3f, 0xf0, 0xef,
    0x50, 0x0, 0xc, 0xf5, 0xef, 0x10, 0x0, 0x9,
    0xf8, 0xef, 0x0, 0x0, 0x7, 0xf9, 0xef, 0x20,
    0x0, 0x9, 0xf8, 0xef, 0x60, 0x0, 0xd, 0xf5,
    0xef, 0xe1, 0x0, 0x6f, 0xe0, 0xef, 0xdf, 0xbc,
    0xff, 0x50, 0xef, 0x1a, 0xef, 0xc3, 0x0, 0xef,
    0x0, 0x0, 0x0, 0x0, 0xef, 0x0, 0x0, 0x0,
    0x0, 0xef, 0x0, 0x0, 0x0, 0x0,

    /* U+0071 "q" */
    0x0, 0x19, 0xef, 0xd5, 0x9f, 0x50, 0x1d, 0xfe,
    0xbd, 0xfd, 0xf5, 0x9, 0xfc, 0x0, 0x9, 0xff,
    0x50, 0xef, 0x30, 0x0, 0xe, 0xf5, 0x1f, 0xf0,
    0x0, 0x0, 0xaf, 0x52, 0xfe, 0x0, 0x0, 0x9,
    0xf5, 0x1f, 0xf0, 0x0, 0x0, 0xbf, 0x50, 0xef,
    0x40, 0x0, 0xe, 0xf5, 0x8, 0xfc, 0x0, 0x9,
    0xff, 0x50, 0xd, 0xfe, 0xad, 0xfd, 0xf5, 0x0,
    0x19, 0xef, 0xd5, 0x9f, 0x50, 0x0, 0x0, 0x0,
    0x9, 0xf5, 0x0, 0x0, 0x0, 0x0, 0x9f, 0x50,
    0x0, 0x0, 0x0, 0x9, 0xf5,

    /* U+0072 "r" */
    0x9f, 0x50, 0x4b, 0xe5, 0x9f, 0x59, 0xff, 0xe5,
    0x9f, 0xbf, 0x70, 0x0, 0x9f, 0xf6, 0x0, 0x0,
    0x9f, 0xb0, 0x0, 0x0, 0x9f, 0x50, 0x0, 0x0,
    0x9f, 0x50, 0x0, 0x0, 0x9f, 0x50, 0x0, 0x0,
    0x9f, 0x50, 0x0, 0x0, 0x9f, 0x50, 0x0, 0x0,
    0x9f, 0x50, 0x0, 0x0,

    /* U+0073 "s" */
    0x0, 0x6c, 0xee, 0xc6, 0x0, 0xa, 0xfe, 0xaa,
    0xef, 0x80, 0x2f, 0xe0, 0x0, 0x1f, 0xf0, 0x2f,
    0xd0, 0x0, 0x1, 0x10, 0xc, 0xfc, 0x74, 0x10,
    0x0, 0x1, 0xaf, 0xff, 0xfb, 0x20, 0x0, 0x0,
    0x36, 0xbf, 0xe0, 0x37, 0x30, 0x0, 0xc, 0xf3,
    0x5f, 0xb0, 0x0, 0xd, 0xf3, 0xd, 0xfd, 0x99,
    0xdf, 0xc0, 0x0, 0x8d, 0xff, 0xd7, 0x0,

    /* U+0074 "t" */
    0x0, 0x2, 0xfb, 0x0, 0x0, 0x0, 0x0, 0x2f,
    0xb0, 0x0, 0x0, 0x0, 0x2, 0xfb, 0x0, 0x0,
    0x5, 0xff, 0xff, 0xff, 0xff, 0x90, 0x27, 0x78,
    0xfd, 0x77, 0x74, 0x0, 0x0, 0x2f, 0xb0, 0x0,
    0x0, 0x0, 0x2, 0xfb, 0x0, 0x0, 0x0, 0x0,
    0x2f, 0xb0, 0x0, 0x0, 0x0, 0x2, 0xfb, 0x0,
    0x0, 0x0, 0x0, 0x2f, 0xb0, 0x0, 0x0, 0x0,
    0x2, 0xfb, 0x0, 0x0, 0x0, 0x0, 0xf, 0xe0,
    0x0, 0x1, 0x0, 0x0, 0x8f, 0xea, 0xbf, 0x50,
    0x0, 0x0, 0x6d, 0xff, 0xc2,

    /* U+0075 "u" */
    0xbf, 0x30, 0x0, 0x6, 0xf8, 0xbf, 0x30, 0x0,
    0x6, 0xf8, 0xbf, 0x30, 0x0, 0x6, 0xf8, 0xbf,
    0x30, 0x0, 0x6, 0xf8, 0xbf, 0x30, 0x0, 0x6,
    0xf8, 0xbf, 0x30, 0x0, 0x6, 0xf8, 0xbf, 0x30,
    0x0, 0x8, 0xf8, 0xaf, 0x30, 0x0, 0xe, 0xf8,
    0x8f, 0x70, 0x0, 0x9f, 0xf8, 0x2f, 0xf7, 0x5b,
    0xf9, 0xf8, 0x4, 0xcf, 0xea, 0x26, 0xf8,

    /* U+0076 "v" */
    0xf, 0xf0, 0x0, 0x0, 0x5f, 0x90, 0x9f, 0x50,
    0x0, 0xb, 0xf3, 0x4, 0xfa, 0x0, 0x1, 0xfe,
    0x0, 0xe, 0xf0, 0x0, 0x6f, 0x80, 0x0, 0x8f,
    0x50, 0xb, 0xf2, 0x0, 0x3, 0xfb, 0x1, 0xfc,
    0x0, 0x0, 0xd, 0xf0, 0x6f, 0x70, 0x0, 0x0,
    0x7f, 0x5b, 0xf1, 0x0, 0x0, 0x1, 0xfd, 0xfb,
    0x0, 0x0, 0x0, 0xc, 0xff, 0x60, 0x0, 0x0,
    0x0, 0x6f, 0xf0, 0x0, 0x0,

    /* U+0077 "w" */
    0xcf, 0x20, 0x4f, 0xe0, 0x8, 0xf6, 0x9f, 0x40,
    0x7f, 0xf1, 0xb, 0xf3, 0x6f, 0x70, 0xad, 0xf4,
    0xd, 0xf0, 0x2f, 0xa0, 0xd8, 0xe7, 0xf, 0xc0,
    0xf, 0xc0, 0xf5, 0xba, 0x2f, 0x90, 0xb, 0xf3,
    0xf3, 0x9d, 0x5f, 0x50, 0x8, 0xf8, 0xf0, 0x6f,
    0x8f, 0x20, 0x4, 0xfe, 0xd0, 0x3f, 0xee, 0x0,
    0x1, 0xff, 0xa0, 0xf, 0xfb, 0x0, 0x0, 0xef,
    0x70, 0xd, 0xf8, 0x0, 0x0, 0xaf, 0x40, 0xa,
    0xf4, 0x0,

    /* U+0078 "x" */
    0x8, 0xfa, 0x0, 0x1, 0xff, 0x30, 0xd, 0xf4,
    0x0, 0xaf, 0x80, 0x0, 0x3f, 0xd0, 0x3f, 0xd0,
    0x0, 0x0, 0x9f, 0x7c, 0xf3, 0x0, 0x0, 0x0,
    0xdf, 0xf8, 0x0, 0x0, 0x0, 0x7, 0xff, 0x10,
    0x0, 0x0, 0x1, 0xff, 0xfa, 0x0, 0x0, 0x0,
    0xbf, 0x5b, 0xf6, 0x0, 0x0, 0x7f, 0xb0, 0x2f,
    0xf1, 0x0, 0x2f, 0xf1, 0x0, 0x6f, 0xb0, 0xc,
    0xf6, 0x0, 0x0, 0xcf, 0x70,

    /* U+0079 "y" */
    0x1f, 0xf0, 0x0, 0x0, 0x5f, 0xa0, 0xaf, 0x50,
    0x0, 0xb, 0xf4, 0x4, 0xfb, 0x0, 0x1, 0xfe,
    0x0, 0xe, 0xf1, 0x0, 0x6f, 0x80, 0x0, 0x8f,
    0x70, 0xc, 0xf2, 0x0, 0x2, 0xfc, 0x1, 0xfc,
    0x0, 0x0, 0xc, 0xf2, 0x7f, 0x60, 0x0, 0x0,
    0x6f, 0x8d, 0xf1, 0x0, 0x0, 0x1, 0xff, 0xfa,
    0x0, 0x0, 0x0, 0xa, 0xff, 0x40, 0x0, 0x0,
    0x0, 0x4f, 0xe0, 0x0, 0x0, 0x0, 0x6, 0xf8,
    0x0, 0x0, 0x2, 0xec, 0xff, 0x10, 0x0, 0x0,
    0x1e, 0xfd, 0x40, 0x0, 0x0,

    /* U+007A "z" */
    0x5f, 0xff, 0xff, 0xff, 0xf0, 0x27, 0x77, 0x77,
    0xbf, 0xd0, 0x0, 0x0, 0x2, 0xff, 0x20, 0x0,
    0x0, 0xd, 0xf5, 0x0, 0x0, 0x0, 0xbf, 0x80,
    0x0, 0x0, 0x8, 0xfb, 0x0, 0x0, 0x0, 0x4f,
    0xe1, 0x0, 0x0, 0x2, 0xff, 0x30, 0x0, 0x0,
    0xd, 0xf6, 0x0, 0x0, 0x0, 0x9f, 0xe7, 0x77,
    0x77, 0x73, 0xbf, 0xff, 0xff, 0xff, 0xf6,

    /* U+007B "{" */
    0x0, 0x8e, 0xf4, 0x3, 0xfb, 0x20, 0x6, 0xf7,
    0x0, 0x7, 0xf7, 0x0, 0x7, 0xf7, 0x0, 0x7,
    0xf7, 0x0, 0x7, 0xf7, 0x0, 0x7, 0xf7, 0x0,
    0x7, 0xf6, 0x0, 0xa, 0xf4, 0x0, 0xaf, 0xd0,
    0x0, 0x3c, 0xf2, 0x0, 0x7, 0xf6, 0x0, 0x7,
    0xf6, 0x0, 0x7, 0xf7, 0x0, 0x7, 0xf7, 0x0,
    0x7, 0xf7, 0x0, 0x7, 0xf7, 0x0, 0x6, 0xf7,
    0x0, 0x4, 0xfa, 0x0, 0x0, 0xcf, 0xf4, 0x0,
    0x1, 0x20,

    /* U+007C "|" */
    0x8, 0x60, 0xfd, 0xf, 0xd0, 0xfd, 0xf, 0xd0,
    0xfd, 0xf, 0xd0, 0xfd, 0xf, 0xd0, 0xfd, 0xf,
    0xd0, 0xfd, 0xf, 0xd0, 0xfd, 0xf, 0xd0, 0xfd,
    0xf, 0xd0, 0xfd, 0xf, 0xd0, 0xfd, 0xf, 0xd0,
    0xfd, 0xf, 0xd0, 0xfd,

    /* U+007D "}" */
    0x9f, 0xd5, 0x0, 0x13, 0xee, 0x0, 0x0, 0xbf,
    0x20, 0x0, 0xbf, 0x20, 0x0, 0xbf, 0x20, 0x0,
    0xbf, 0x20, 0x0, 0xbf, 0x20, 0x0, 0xbf, 0x20,
    0x0, 0xaf, 0x20, 0x0, 0x8f, 0x70, 0x0, 0x1f,
    0xf6, 0x0, 0x6f, 0xa1, 0x0, 0xaf, 0x20, 0x0,
    0xbf, 0x20, 0x0, 0xbf, 0x20, 0x0, 0xbf, 0x20,
    0x0, 0xbf, 0x20, 0x0, 0xbf, 0x20, 0x0, 0xbf,
    0x20, 0x0, 0xdf, 0x0, 0x9f, 0xf8, 0x0, 0x12,
    0x0, 0x0,

    /* U+007E "~" */
    0x3, 0xed, 0x70, 0x0, 0x34, 0x1e, 0xff, 0xfd,
    0x42, 0xda, 0x8d, 0x10, 0x8f, 0xff, 0xf2, 0x14,
    0x0, 0x4, 0xdd, 0x40,

    /* U+00B0 "°" */
    0x0, 0x33, 0x0, 0x2d, 0xbc, 0xc0, 0xa7, 0x0,
    0xa7, 0xd2, 0x0, 0x78, 0x98, 0x0, 0xc5, 0x1b,
    0xef, 0x90, 0x0, 0x0, 0x0,

    /* U+2103 "℃" */
    0x6, 0xba, 0x10, 0x0, 0x0, 0x0, 0x0, 0x0,
    0x0, 0x0, 0x4, 0xa0, 0x2b, 0x0, 0x0, 0x0,
    0x0, 0x0, 0x0, 0x0, 0x0, 0x74, 0x0, 0xb1,
    0x0, 0x0, 0x0, 0x35, 0x42, 0x0, 0x0, 0x4,
    0xa0, 0x2c, 0x0, 0x0, 0x8, 0xff, 0xff, 0xfd,
    0x70, 0x0, 0x7, 0xbb, 0x20, 0x0, 0x2d, 0xfe,
    0xa8, 0x8b, 0xff, 0xb0, 0x0, 0x0, 0x0, 0x0,
    0xd, 0xf7, 0x0, 0x0, 0x1, 0xcf, 0xa0, 0x0,
    0x0, 0x0, 0x9, 0xf6, 0x0, 0x0, 0x0, 0x1,
    0xef, 0x30, 0x0, 0x0, 0x0, 0xfc, 0x0, 0x0,
    0x0, 0x0, 0x5, 0x60, 0x0, 0x0, 0x0, 0x5f,
    0x60, 0x0, 0x0, 0x0, 0x0, 0x0, 0x0, 0x0,
    0x0, 0x8, 0xf3, 0x0, 0x0, 0x0, 0x0, 0x0,
    0x0, 0x0, 0x0, 0x0, 0xbf, 0x10, 0x0, 0x0,
    0x0, 0x0, 0x0, 0x0, 0x0, 0x0, 0xc, 0xf0,
    0x0, 0x0, 0x0, 0x0, 0x0, 0x0, 0x0, 0x0,
    0x0, 0xbf, 0x20, 0x0, 0x0, 0x0, 0x0, 0x0,
    0x0, 0x0, 0x0, 0x9, 0xf5, 0x0, 0x0, 0x0,
    0x0, 0x0, 0x52, 0x0, 0x0, 0x0, 0x5f, 0xb0,
    0x0, 0x0, 0x0, 0x0, 0x6f, 0xb0, 0x0, 0x0,
    0x0, 0xef, 0x40, 0x0, 0x0, 0x0, 0x1e, 0xf3,
    0x0, 0x0, 0x0, 0x7, 0xff, 0x40, 0x0, 0x0,
    0x2d, 0xf9, 0x0, 0x0, 0x0, 0x0, 0x9, 0xff,
    0xb5, 0x34, 0x9f, 0xfb, 0x0, 0x0, 0x0, 0x0,
    0x0, 0x5, 0xef, 0xff, 0xff, 0xf8, 0x0, 0x0,
    0x0, 0x0, 0x0, 0x0, 0x0, 0x37, 0x88, 0x51,
    0x0, 0x0,

    /* U+4E00 "一" */
    0x11, 0x10, 0x0, 0x0, 0x0, 0x0, 0x0, 0x0,
    0x0, 0x0, 0x10, 0xef, 0xff, 0xff, 0xff, 0xff,
    0xff, 0xff, 0xff, 0xff, 0xff, 0xf7, 0xef, 0xff,
    0xff, 0xff, 0xff, 0xff, 0xff, 0xff, 0xff, 0xff,
    0xf7, 0x44, 0x43, 0x33, 0x33, 0x33, 0x33, 0x33,
    0x33, 0x33, 0x33, 0x42,

    /* U+4E03 "七" */
    0x0, 0x0, 0x0, 0x0, 0x8, 0x83, 0x0, 0x0,
    0x0, 0x0, 0x0, 0x0, 0x0, 0x0, 0x0, 0x0,
    0xff, 0x40, 0x0, 0x0, 0x0, 0x0, 0x0, 0x0,
    0x0, 0x0, 0x0, 0xf, 0xf3, 0x0, 0x0, 0x0,
    0x0, 0x0, 0x0, 0x0, 0x0, 0x0, 0x0, 0xef,
    0x20, 0x0, 0x0, 0x0, 0x0, 0x0, 0x0, 0x0,
    0x0, 0x0, 0xe, 0xf2, 0x0, 0x0, 0x0, 0x0,
    0x0, 0x0, 0x0, 0x0, 0x0, 0x0, 0xef, 0x20,
    0x0, 0x0, 0x0, 0x3, 0x82, 0x0, 0x0, 0x0,
    0x0, 0xe, 0xf2, 0x0, 0x0, 0x26, 0x9e, 0xff,
    0x60, 0x0, 0x0, 0x0, 0x0, 0xef, 0x23, 0x7b,
    0xef, 0xff, 0xfc, 0x84, 0x0, 0x0, 0x0, 0x1,
    0x4f, 0xff, 0xff, 0xff, 0xb7, 0x30, 0x0, 0x0,
    0x2, 0x58, 0xbe, 0xff, 0xff, 0xeb, 0x73, 0x0,
    0x0, 0x0, 0x0, 0xf, 0xff, 0xff, 0xfd, 0xaf,
    0xf2, 0x0, 0x0, 0x0, 0x0, 0x0, 0x0, 0xcf,
    0xb7, 0x40, 0x0, 0xef, 0x20, 0x0, 0x0, 0x0,
    0x0, 0x0, 0x1, 0x0, 0x0, 0x0, 0xe, 0xf2,
    0x0, 0x0, 0x0, 0x0, 0x0, 0x0, 0x0, 0x0,
    0x0, 0x0, 0xef, 0x20, 0x0, 0x0, 0x0, 0x0,
    0x0, 0x0, 0x0, 0x0, 0x0, 0xe, 0xf2, 0x0,
    0x0, 0x0, 0x0, 0x0, 0x0, 0x0, 0x0, 0x0,
    0x0, 0xef, 0x20, 0x0, 0x0, 0x0, 0x0, 0x0,
    0x0, 0x0, 0x0, 0x0, 0xe, 0xf2, 0x0, 0x0,
    0x0, 0x0, 0xa5, 0x0, 0x0, 0x0, 0x0, 0x0,
    0xef, 0x20, 0x0, 0x0, 0x0, 0xf, 0xf8, 0x0,
    0x0, 0x0, 0x0, 0xd, 0xf8, 0x11, 0x11, 0x11,
    0x18, 0xff, 0x20, 0x0, 0x0, 0x0, 0x0, 0x9f,
    0xff, 0xff, 0xff, 0xff, 0xff, 0xa0, 0x0, 0x0,
    0x0, 0x0, 0x0, 0x69, 0xaa, 0xaa, 0xaa, 0xa9,
    0x70, 0x0,

    /* U+4E07 "万" */
    0x1b, 0xaa, 0xaa, 0xaa, 0xaa, 0xaa, 0xaa, 0xaa,
    0xaa, 0xaa, 0xb1, 0x1f, 0xff, 0xff, 0xff, 0xff,
    0xff, 0xff, 0xff, 0xff, 0xff, 0xf2, 0x0, 0x0,
    0x0, 0xa, 0xf4, 0x0, 0x0, 0x0, 0x0, 0x0,
    0x0, 0x0, 0x0, 0x0, 0xb, 0xf3, 0x0, 0x0,
    0x0, 0x0, 0x0, 0x0, 0x0, 0x0, 0x0, 0xb,
    0xf3, 0x0, 0x0, 0x0, 0x0, 0x0, 0x0, 0x0,
    0x0, 0x0, 0xc, 0xf1, 0x0, 0x0, 0x0, 0x0,
    0x0, 0x0, 0x0, 0x0, 0x0, 0xe, 0xfa, 0xaa,
    0xaa, 0xaa, 0xaa, 0x10, 0x0, 0x0, 0x0, 0x0,
    0xf, 0xff, 0xff, 0xff, 0xff, 0xff, 0x10, 0x0,
    0x0, 0x0, 0x0, 0x3f, 0xc0, 0x0, 0x0, 0x0,
    0xff, 0x0, 0x0, 0x0, 0x0, 0x0, 0x7f, 0x90,
    0x0, 0x0, 0x0, 0xfe, 0x0, 0x0, 0x0, 0x0,
    0x0, 0xbf, 0x50, 0x0, 0x0, 0x1, 0xfd, 0x0,
    0x0, 0x0, 0x0, 0x1, 0xff, 0x10, 0x0, 0x0,
    0x1, 0xfc, 0x0, 0x0, 0x0, 0x0, 0x7, 0xfb,
    0x0, 0x0, 0x0, 0x2, 0xfb, 0x0, 0x0, 0x0,
    0x0, 0xe, 0xf4, 0x0, 0x0, 0x0, 0x3, 0xfa,
    0x0, 0x0, 0x0, 0x0, 0x9f, 0xc0, 0x0, 0x0,
    0x0, 0x5, 0xf9, 0x0, 0x0, 0x0, 0x4, 0xff,
    0x40, 0x0, 0x0, 0x0, 0x6, 0xf8, 0x0, 0x0,
    0x0, 0x2e, 0xf9, 0x0, 0x0, 0x0, 0x0, 0x8,
    0xf6, 0x0, 0x0, 0x2, 0xef, 0xd0, 0x0, 0x0,
    0x1, 0x23, 0x5e, 0xf3, 0x0, 0x0, 0x4e, 0xfd,
    0x10, 0x0, 0x0, 0x1, 0xff, 0xff, 0xb0, 0x0,
    0x0, 0x7, 0xd1, 0x0, 0x0, 0x0, 0x0, 0x9c,
    0xa5, 0x0, 0x0, 0x0, 0x0, 0x0, 0x0, 0x0,
    0x0, 0x0, 0x0, 0x0, 0x0, 0x0, 0x0,

    /* U+4E09 "三" */
    0x0, 0x11, 0x0, 0x0, 0x0, 0x0, 0x0, 0x0,
    0x1, 0x10, 0x0, 0x0, 0xdf, 0xff, 0xff, 0xff,
    0xff, 0xff, 0xff, 0xff, 0xf5, 0x0, 0x0, 0xbc,
    0xcb, 0xbb, 0xbb, 0xbb, 0xbb, 0xbb, 0xbc, 0xc4,
    0x0, 0x0, 0x0, 0x0, 0x0, 0x0, 0x0, 0x0,
    0x0, 0x0, 0x0, 0x0, 0x0, 0x0, 0x0, 0x0,
    0x0, 0x0, 0x0, 0x0, 0x0, 0x0, 0x0, 0x0,
    0x0, 0x0, 0x0, 0x0, 0x0, 0x0, 0x0, 0x0,
    0x0, 0x0, 0x0, 0x0, 0x0, 0x0, 0x0, 0x0,
    0x0, 0x0, 0x0, 0x0, 0x0, 0x0, 0x0, 0x0,
    0x0, 0x0, 0x0, 0x0, 0x0, 0x0, 0x0, 0x0,
    0x0, 0x7, 0xff, 0xee, 0xee, 0xee, 0xee, 0xee,
    0xfb, 0x0, 0x0, 0x0, 0x7, 0xff, 0xff, 0xff,
    0xff, 0xff, 0xff, 0xfb, 0x0, 0x0, 0x0, 0x0,
    0x0, 0x0, 0x0, 0x0, 0x0, 0x0, 0x0, 0x0,
    0x0, 0x0, 0x0, 0x0, 0x0, 0x0, 0x0, 0x0,
    0x0, 0x0, 0x0, 0x0, 0x0, 0x0, 0x0, 0x0,
    0x0, 0x0, 0x0, 0x0, 0x0, 0x0, 0x0, 0x0,
    0x0, 0x0, 0x0, 0x0, 0x0, 0x0, 0x0, 0x0,
    0x0, 0x0, 0x0, 0x0, 0x0, 0x0, 0x0, 0x0,
    0x0, 0x0, 0x0, 0x0, 0x0, 0x0, 0x0, 0x0,
    0x0, 0x0, 0x0, 0x0, 0x0, 0x0, 0x0, 0x0,
    0x11, 0x10, 0x0, 0x0, 0x0, 0x0, 0x0, 0x0,
    0x0, 0x12, 0x31, 0xdf, 0xff, 0xff, 0xff, 0xff,
    0xff, 0xff, 0xff, 0xff, 0xff, 0xf4, 0xbe, 0xdd,
    0xdd, 0xdd, 0xdd, 0xdd, 0xdd, 0xdd, 0xdd, 0xdd,
    0xe4,

    /* U+4E2D "中" */
    0x0, 0x0, 0x0, 0x0, 0x8, 0x80, 0x0, 0x0,
    0x0, 0x0, 0x0, 0x0, 0x0, 0x0, 0xf, 0xf0,
    0x0, 0x0, 0x0, 0x0, 0x0, 0x0, 0x0, 0x0,
    0xf, 0xf0, 0x0, 0x0, 0x0, 0x0, 0x0, 0x0,
    0x0, 0x0, 0xf, 0xf0, 0x0, 0x0, 0x0, 0x0,
    0x0, 0x0, 0x0, 0x0, 0xf, 0xf0, 0x0, 0x0,
    0x0, 0x0, 0x18, 0x88, 0x88, 0x88, 0x8f, 0xf8,
    0x88, 0x88, 0x88, 0x81, 0x1f, 0xff, 0xff, 0xff,
    0xff, 0xff, 0xff, 0xff, 0xff, 0xf3, 0x1f, 0xe0,
    0x0, 0x0, 0xf, 0xf0, 0x0, 0x0, 0xd, 0xf2,
    0x1f, 0xe0, 0x0, 0x0, 0xf, 0xf0, 0x0, 0x0,
    0xd, 0xf2, 0xf, 0xe0, 0x0, 0x0, 0xf, 0xf0,
    0x0, 0x0, 0xd, 0xf2, 0xf, 0xe0, 0x0, 0x0,
    0xf, 0xf0, 0x0, 0x0, 0xd, 0xf2, 0xf, 0xe0,
    0x0, 0x0, 0xf, 0xf0, 0x0, 0x0, 0xd, 0xf2,
    0xf, 0xf8, 0x88, 0x88, 0x8f, 0xf8, 0x88, 0x88,
    0x8e, 0xf2, 0x1f, 0xff, 0xff, 0xff, 0xff, 0xff,
    0xff, 0xff, 0xff, 0xf2, 0x1f, 0xe0, 0x0, 0x0,
    0xf, 0xf0, 0x0, 0x0, 0xd, 0xf3, 0x6, 0x50,
    0x0, 0x0, 0xf, 0xf0, 0x0, 0x0, 0x5, 0x61,
    0x0, 0x0, 0x0, 0x0, 0xf, 0xf0, 0x0, 0x0,
    0x0, 0x0, 0x0, 0x0, 0x0, 0x0, 0xf, 0xf0,
    0x0, 0x0, 0x0, 0x0, 0x0, 0x0, 0x0, 0x0,
    0xf, 0xf0, 0x0, 0x0, 0x0, 0x0, 0x0, 0x0,
    0x0, 0x0, 0xf, 0xf0, 0x0, 0x0, 0x0, 0x0,
    0x0, 0x0, 0x0, 0x0, 0xf, 0xf0, 0x0, 0x0,
    0x0, 0x0, 0x0, 0x0, 0x0, 0x0, 0x2f, 0xf1,
    0x0, 0x0, 0x0, 0x0,

    /* U+4E5D "九" */
    0x0, 0x0, 0x0, 0x3, 0x76, 0x0, 0x0, 0x0,
    0x0, 0x0, 0x0, 0x0, 0x0, 0x0, 0x0, 0x5f,
    0xf0, 0x0, 0x0, 0x0, 0x0, 0x0, 0x0, 0x0,
    0x0, 0x0, 0x4, 0xfe, 0x0, 0x0, 0x0, 0x0,
    0x0, 0x0, 0x0, 0x0, 0x0, 0x0, 0x5f, 0xd0,
    0x0, 0x0, 0x0, 0x0, 0x0, 0x0, 0x0, 0x0,
    0x0, 0x5, 0xfc, 0x0, 0x0, 0x0, 0x0, 0x0,
    0x0, 0x0, 0x0, 0x0, 0x0, 0x5f, 0xb0, 0x0,
    0x11, 0x22, 0x0, 0x0, 0x0, 0x1, 0x78, 0x99,
    0xbd, 0xff, 0xef, 0xff, 0xff, 0x90, 0x0, 0x0,
    0x0, 0xf, 0xff, 0xff, 0xff, 0xec, 0xba, 0x9c,
    0xf8, 0x0, 0x0, 0x0, 0x0, 0x53, 0x20, 0x9,
    0xf7, 0x0, 0x0, 0x9f, 0x70, 0x0, 0x0, 0x0,
    0x0, 0x0, 0x0, 0xbf, 0x50, 0x0, 0xa, 0xf6,
    0x0, 0x0, 0x0, 0x0, 0x0, 0x0, 0xe, 0xf2,
    0x0, 0x0, 0xbf, 0x50, 0x0, 0x0, 0x0, 0x0,
    0x0, 0x2, 0xff, 0x0, 0x0, 0xc, 0xf4, 0x0,
    0x0, 0x0, 0x0, 0x0, 0x0, 0x6f, 0xb0, 0x0,
    0x0, 0xdf, 0x30, 0x0, 0x0, 0x0, 0x0, 0x0,
    0xb, 0xf6, 0x0, 0x0, 0xe, 0xf2, 0x0, 0x0,
    0x0, 0x0, 0x0, 0x1, 0xff, 0x10, 0x0, 0x0,
    0xff, 0x10, 0x0, 0x0, 0x0, 0x0, 0x0, 0x9f,
    0xb0, 0x0, 0x0, 0xf, 0xf0, 0x0, 0x0, 0x0,
    0x0, 0x0, 0x2f, 0xf4, 0x0, 0x0, 0x0, 0xff,
    0x0, 0x1, 0x60, 0x0, 0x0, 0xc, 0xfb, 0x0,
    0x0, 0x0, 0x1f, 0xe0, 0x0, 0x3f, 0xf1, 0x0,
    0x9, 0xff, 0x20, 0x0, 0x0, 0x2, 0xfd, 0x0,
    0x5, 0xfe, 0x0, 0x7, 0xff, 0x60, 0x0, 0x0,
    0x0, 0x2f, 0xe0, 0x0, 0x9f, 0xb0, 0x9, 0xff,
    0x90, 0x0, 0x0, 0x0, 0x0, 0xff, 0xfe, 0xef,
    0xf6, 0x0, 0xaf, 0xa0, 0x0, 0x0, 0x0, 0x0,
    0x6, 0xef, 0xff, 0xfa, 0x0, 0x0, 0x60, 0x0,
    0x0, 0x0, 0x0, 0x0, 0x0, 0x0, 0x0, 0x0,
    0x0,

    /* U+4E8C "二" */
    0x0, 0x6d, 0xcc, 0xcc, 0xcc, 0xcc, 0xcc, 0xcc,
    0xde, 0xc0, 0x0, 0x0, 0x7f, 0xff, 0xff, 0xff,
    0xff, 0xff, 0xff, 0xff, 0xd0, 0x0, 0x0, 0x25,
    0x44, 0x44, 0x44, 0x44, 0x44, 0x44, 0x45, 0x40,
    0x0, 0x0, 0x0, 0x0, 0x0, 0x0, 0x0, 0x0,
    0x0, 0x0, 0x0, 0x0, 0x0, 0x0, 0x0, 0x0,
    0x0, 0x0, 0x0, 0x0, 0x0, 0x0, 0x0, 0x0,
    0x0, 0x0, 0x0, 0x0, 0x0, 0x0, 0x0, 0x0,
    0x0, 0x0, 0x0, 0x0, 0x0, 0x0, 0x0, 0x0,
    0x0, 0x0, 0x0, 0x0, 0x0, 0x0, 0x0, 0x0,
    0x0, 0x0, 0x0, 0x0, 0x0, 0x0, 0x0, 0x0,
    0x0, 0x0, 0x0, 0x0, 0x0, 0x0, 0x0, 0x0,
    0x0, 0x0, 0x0, 0x0, 0x0, 0x0, 0x0, 0x0,
    0x0, 0x0, 0x0, 0x0, 0x0, 0x0, 0x0, 0x0,
    0x0, 0x0, 0x0, 0x0, 0x0, 0x0, 0x0, 0x0,
    0x0, 0x0, 0x0, 0x0, 0x0, 0x0, 0x0, 0x0,
    0x0, 0x0, 0x0, 0x0, 0x0, 0x0, 0x0, 0x0,
    0x0, 0x0, 0x0, 0x0, 0x0, 0x0, 0x0, 0x43,
    0x33, 0x33, 0x33, 0x33, 0x33, 0x33, 0x33, 0x33,
    0x33, 0x52, 0xef, 0xff, 0xff, 0xff, 0xff, 0xff,
    0xff, 0xff, 0xff, 0xff, 0xf6, 0xde, 0xed, 0xdd,
    0xdd, 0xdd, 0xdd, 0xdd, 0xdd, 0xdd, 0xde, 0xe5,

    /* U+4E91 "云" */
    0x0, 0x2, 0xcb, 0xbb, 0xbb, 0xbb, 0xbb, 0xbb,
    0xbc, 0xc1, 0x0, 0x0, 0x3, 0xff, 0xff, 0xff,
    0xff, 0xff, 0xff, 0xff, 0xf1, 0x0, 0x0, 0x0,
    0x0, 0x0, 0x0, 0x0, 0x0, 0x0, 0x0, 0x0,
    0x0, 0x0, 0x0, 0x0, 0x0, 0x0, 0x0, 0x0,
    0x0, 0x0, 0x0, 0x0, 0x0, 0x0, 0x0, 0x0,
    0x0, 0x0, 0x0, 0x0, 0x0, 0x0, 0x0, 0x0,
    0x0, 0x0, 0x0, 0x0, 0x0, 0x0, 0x0, 0x0,
    0x0, 0x0, 0x1a, 0x99, 0x99, 0x99, 0x99, 0x99,
    0x99, 0x99, 0x99, 0x99, 0x96, 0x3f, 0xff, 0xff,
    0xff, 0xff, 0xff, 0xff, 0xff, 0xff, 0xff, 0xfa,
    0x1, 0x0, 0x0, 0x0, 0x5d, 0x30, 0x0, 0x0,
    0x0, 0x0, 0x11, 0x0, 0x0, 0x0, 0x0, 0xbf,
    0xd0, 0x0, 0x0, 0x0, 0x0, 0x0, 0x0, 0x0,
    0x0, 0x3, 0xff, 0x20, 0x0, 0x0, 0x0, 0x0,
    0x0, 0x0, 0x0, 0x0, 0xc, 0xf6, 0x0, 0x0,
    0x63, 0x0, 0x0, 0x0, 0x0, 0x0, 0x0, 0x7f,
    0xb0, 0x0, 0x3, 0xfe, 0x20, 0x0, 0x0, 0x0,
    0x0, 0x2, 0xfe, 0x10, 0x0, 0x0, 0x8f, 0xd0,
    0x0, 0x0, 0x0, 0x0, 0xc, 0xf4, 0x0, 0x0,
    0x0, 0xa, 0xfb, 0x0, 0x0, 0x0, 0x0, 0x9f,
    0x70, 0x0, 0x0, 0x0, 0x0, 0xdf, 0x80, 0x0,
    0x0, 0x9, 0xfa, 0x12, 0x34, 0x67, 0x89, 0xab,
    0xef, 0xf5, 0x0, 0x0, 0x3f, 0xff, 0xff, 0xff,
    0xff, 0xff, 0xdc, 0xba, 0xff, 0x20, 0x0, 0xc,
    0xeb, 0x97, 0x64, 0x31, 0x0, 0x0, 0x0, 0x9e,
    0x30, 0x0, 0x0, 0x0, 0x0, 0x0, 0x0, 0x0,
    0x0, 0x0, 0x1, 0x0,

    /* U+4E94 "五" */
    0x0, 0x87, 0x77, 0x77, 0x77, 0x77, 0x77, 0x77,
    0x77, 0x78, 0x10, 0x0, 0xff, 0xff, 0xff, 0xff,
    0xff, 0xff, 0xff, 0xff, 0xff, 0x30, 0x0, 0x21,
    0x0, 0x0, 0x1f, 0xc0, 0x0, 0x0, 0x0, 0x11,
    0x0, 0x0, 0x0, 0x0, 0x0, 0x2f, 0xa0, 0x0,
    0x0, 0x0, 0x0, 0x0, 0x0, 0x0, 0x0, 0x0,
    0x3f, 0x80, 0x0, 0x0, 0x0, 0x0, 0x0, 0x0,
    0x0, 0x0, 0x0, 0x5f, 0x60, 0x0, 0x0, 0x0,
    0x0, 0x0, 0x0, 0x0, 0x0, 0x0, 0x7f, 0x40,
    0x0, 0x0, 0x0, 0x0, 0x0, 0x0, 0xc, 0xff,
    0xff, 0xff, 0xff, 0xff, 0xff, 0xf7, 0x0, 0x0,
    0x0, 0x7, 0x98, 0x88, 0xef, 0x88, 0x88, 0x8b,
    0xf6, 0x0, 0x0, 0x0, 0x0, 0x0, 0x0, 0xfe,
    0x0, 0x0, 0x7, 0xf6, 0x0, 0x0, 0x0, 0x0,
    0x0, 0x1, 0xfc, 0x0, 0x0, 0x7, 0xf5, 0x0,
    0x0, 0x0, 0x0, 0x0, 0x3, 0xfa, 0x0, 0x0,
    0x8, 0xf5, 0x0, 0x0, 0x0, 0x0, 0x0, 0x5,
    0xf8, 0x0, 0x0, 0x8, 0xf4, 0x0, 0x0, 0x0,
    0x0, 0x0, 0x7, 0xf6, 0x0, 0x0, 0x9, 0xf4,
    0x0, 0x0, 0x0, 0x0, 0x0, 0x9, 0xf4, 0x0,
    0x0, 0x9, 0xf4, 0x0, 0x0, 0x0, 0x0, 0x0,
    0xb, 0xf2, 0x0, 0x0, 0xa, 0xf3, 0x0, 0x0,
    0x1, 0x10, 0x0, 0xe, 0xf0, 0x0, 0x0, 0xa,
    0xf3, 0x1, 0x11, 0x6f, 0xff, 0xff, 0xff, 0xff,
    0xff, 0xff, 0xff, 0xff, 0xff, 0xf8, 0x5d, 0xcc,
    0xbb, 0xbb, 0xbb, 0xbb, 0xbb, 0xbb, 0xbb, 0xbc,
    0xc6,

    /* U+4EAC "京" */
    0x0, 0x0, 0x0, 0x0, 0x3, 0xa4, 0x0, 0x0,
    0x0, 0x0, 0x0, 0x0, 0x0, 0x0, 0x0, 0x5,
    0xfd, 0x0, 0x0, 0x0, 0x0, 0x0, 0x0, 0x0,
    0x0, 0x0, 0x0, 0xdf, 0x60, 0x0, 0x0, 0x0,
    0x0, 0x2b, 0xba, 0xaa, 0xaa, 0xaa, 0xdf, 0xea,
    0xaa, 0xaa, 0xaa, 0xa8, 0x3f, 0xff, 0xff, 0xff,
    0xff, 0xff, 0xff, 0xff, 0xff, 0xff, 0xfb, 0x0,
    0x0, 0x0, 0x0, 0x0, 0x0, 0x0, 0x0, 0x0,
    0x0, 0x0, 0x0, 0x0, 0x0, 0x0, 0x0, 0x0,
    0x0, 0x0, 0x0, 0x0, 0x0, 0x0, 0x0, 0x9f,
    0xff, 0xff, 0xff, 0xff, 0xff, 0xff, 0x40, 0x0,
    0x0, 0x0, 0x8f, 0xca, 0xaa, 0xaa, 0xaa, 0xaa,
    0xdf, 0x40, 0x0, 0x0, 0x0, 0x8f, 0x50, 0x0,
    0x0, 0x0, 0x0, 0xaf, 0x40, 0x0, 0x0, 0x0,
    0x8f, 0x50, 0x0, 0x0, 0x0, 0x0, 0xaf, 0x40,
    0x0, 0x0, 0x0, 0x8f, 0x50, 0x0, 0x0, 0x0,
    0x0, 0xaf, 0x40, 0x0, 0x0, 0x0, 0x9f, 0xca,
    0xaa, 0xaa, 0xaa, 0xaa, 0xdf, 0x40, 0x0, 0x0,
    0x0, 0x9f, 0xff, 0xff, 0xff, 0xff, 0xff, 0xff,
    0x40, 0x0, 0x0, 0x0, 0x0, 0x30, 0x0, 0x7f,
    0x70, 0x0, 0x0, 0x0, 0x0, 0x0, 0x0, 0x5,
    0xf6, 0x0, 0x7f, 0x70, 0xb, 0x80, 0x0, 0x0,
    0x0, 0x0, 0x4f, 0xf7, 0x0, 0x7f, 0x70, 0x3f,
    0xfb, 0x10, 0x0, 0x0, 0x5, 0xff, 0x60, 0x0,
    0x7f, 0x70, 0x3, 0xef, 0xd2, 0x0, 0x0, 0x7f,
    0xf6, 0x0, 0x0, 0x7f, 0x70, 0x0, 0x1d, 0xff,
    0x40, 0xa, 0xff, 0x50, 0x0, 0x0, 0x8f, 0x60,
    0x0, 0x0, 0xbf, 0xf1, 0x5, 0xf4, 0x0, 0x3,
    0x89, 0xef, 0x50, 0x0, 0x0, 0xb, 0x60, 0x0,
    0x10, 0x0, 0x0, 0xef, 0xfb, 0x0, 0x0, 0x0,
    0x0, 0x0, 0x0, 0x0, 0x0, 0x0, 0x45, 0x10,
    0x0, 0x0, 0x0, 0x0, 0x0,

    /* U+4EBA "人" */
    0x0, 0x0, 0x0, 0x0, 0x1, 0x54, 0x0, 0x0,
    0x0, 0x0, 0x0, 0x0, 0x0, 0x0, 0x0, 0x4,
    0xfe, 0x0, 0x0, 0x0, 0x0, 0x0, 0x0, 0x0,
    0x0, 0x0, 0x3, 0xfd, 0x0, 0x0, 0x0, 0x0,
    0x0, 0x0, 0x0, 0x0, 0x0, 0x3, 0xfc, 0x0,
    0x0, 0x0, 0x0, 0x0, 0x0, 0x0, 0x0, 0x0,
    0x3, 0xfc, 0x0, 0x0, 0x0, 0x0, 0x0, 0x0,
    0x0, 0x0, 0x0, 0x3, 0xfc, 0x0, 0x0, 0x0,
    0x0, 0x0, 0x0, 0x0, 0x0, 0x0, 0x5, 0xfd,
    0x0, 0x0, 0x0, 0x0, 0x0, 0x0, 0x0, 0x0,
    0x0, 0x6, 0xff, 0x0, 0x0, 0x0, 0x0, 0x0,
    0x0, 0x0, 0x0, 0x0, 0x9, 0xff, 0x20, 0x0,
    0x0, 0x0, 0x0, 0x0, 0x0, 0x0, 0x0, 0xd,
    0xff, 0x70, 0x0, 0x0, 0x0, 0x0, 0x0, 0x0,
    0x0, 0x0, 0xf, 0xee, 0xd0, 0x0, 0x0, 0x0,
    0x0, 0x0, 0x0, 0x0, 0x0, 0x5f, 0xa9, 0xf5,
    0x0, 0x0, 0x0, 0x0, 0x0, 0x0, 0x0, 0x0,
    0xcf, 0x42, 0xfd, 0x0, 0x0, 0x0, 0x0, 0x0,
    0x0, 0x0, 0x3, 0xfd, 0x0, 0xbf, 0x70, 0x0,
    0x0, 0x0, 0x0, 0x0, 0x0, 0xc, 0xf5, 0x0,
    0x3f, 0xf2, 0x0, 0x0, 0x0, 0x0, 0x0, 0x0,
    0x8f, 0xc0, 0x0, 0x9, 0xfc, 0x0, 0x0, 0x0,
    0x0, 0x0, 0x4, 0xff, 0x20, 0x0, 0x0, 0xdf,
    0xb0, 0x0, 0x0, 0x0, 0x0, 0x4f, 0xf5, 0x0,
    0x0, 0x0, 0x3f, 0xfb, 0x10, 0x0, 0x0, 0x6,
    0xff, 0x70, 0x0, 0x0, 0x0, 0x4, 0xff, 0xe4,
    0x0, 0x1, 0xbf, 0xf7, 0x0, 0x0, 0x0, 0x0,
    0x0, 0x4f, 0xff, 0xb3, 0x5f, 0xff, 0x50, 0x0,
    0x0, 0x0, 0x0, 0x0, 0x2, 0xcf, 0xf6, 0xa,
    0xc2, 0x0, 0x0, 0x0, 0x0, 0x0, 0x0, 0x0,
    0x6, 0x80, 0x0, 0x0, 0x0, 0x0, 0x0, 0x0,
    0x0, 0x0, 0x0, 0x0, 0x0,

    /* U+4ECA "今" */
    0x0, 0x0, 0x0, 0x0, 0x0, 0x83, 0x0, 0x0,
    0x0, 0x0, 0x0, 0x0, 0x0, 0x0, 0x0, 0x4,
    0xff, 0x10, 0x0, 0x0, 0x0, 0x0, 0x0, 0x0,
    0x0, 0x0, 0xc, 0xff, 0x40, 0x0, 0x0, 0x0,
    0x0, 0x0, 0x0, 0x0, 0x0, 0x6f, 0xac, 0xe2,
    0x0, 0x0, 0x0, 0x0, 0x0, 0x0, 0x0, 0x2,
    0xfd, 0x2, 0xfd, 0x0, 0x0, 0x0, 0x0, 0x0,
    0x0, 0x0, 0x1d, 0xf3, 0x0, 0x6f, 0xb0, 0x0,
    0x0, 0x0, 0x0, 0x0, 0x0, 0xcf, 0x50, 0x0,
    0x9, 0xfb, 0x0, 0x0, 0x0, 0x0, 0x0, 0x1c,
    0xf6, 0x4, 0x20, 0x0, 0xaf, 0xc1, 0x0, 0x0,
    0x0, 0x2, 0xdf, 0x70, 0x3f, 0xd1, 0x0, 0xb,
    0xfe, 0x30, 0x0, 0x0, 0x6f, 0xf6, 0x0, 0xb,
    0xfc, 0x0, 0x0, 0x9f, 0xf9, 0x10, 0x2b, 0xff,
    0x40, 0x0, 0x0, 0xdf, 0xa0, 0x0, 0x7, 0xff,
    0xf7, 0x6f, 0xc2, 0x0, 0x0, 0x0, 0x3e, 0x40,
    0x0, 0x0, 0x3d, 0xf2, 0x5, 0x0, 0x10, 0x0,
    0x0, 0x1, 0x0, 0x0, 0x0, 0x0, 0x30, 0x0,
    0x0, 0xef, 0xff, 0xff, 0xff, 0xff, 0xff, 0xff,
    0x90, 0x0, 0x0, 0x0, 0xaa, 0xaa, 0xaa, 0xaa,
    0xaa, 0xad, 0xff, 0x70, 0x0, 0x0, 0x0, 0x0,
    0x0, 0x0, 0x0, 0x0, 0x1e, 0xf9, 0x0, 0x0,
    0x0, 0x0, 0x0, 0x0, 0x0, 0x0, 0x0, 0xaf,
    0xb0, 0x0, 0x0, 0x0, 0x0, 0x0, 0x0, 0x0,
    0x0, 0x6, 0xfe, 0x10, 0x0, 0x0, 0x0, 0x0,
    0x0, 0x0, 0x0, 0x0, 0x2f, 0xf3, 0x0, 0x0,
    0x0, 0x0, 0x0, 0x0, 0x0, 0x0, 0x0, 0xcf,
    0x70, 0x0, 0x0, 0x0, 0x0, 0x0, 0x0, 0x0,
    0x0, 0x8, 0xfc, 0x0, 0x0, 0x0, 0x0, 0x0,
    0x0, 0x0, 0x0, 0x0, 0x3f, 0xf2, 0x0, 0x0,
    0x0, 0x0, 0x0, 0x0, 0x0, 0x0, 0x0, 0x6,
    0x70, 0x0, 0x0, 0x0, 0x0,

    /* U+5165 "入" */
    0x0, 0x0, 0x0, 0x0, 0x0, 0x0, 0x0, 0x0,
    0x0, 0x0, 0x0, 0x0, 0x0, 0x0, 0x0, 0x7d,
    0x20, 0x0, 0x0, 0x0, 0x0, 0x0, 0x0, 0x0,
    0x0, 0x0, 0x2e, 0xff, 0x40, 0x0, 0x0, 0x0,
    0x0, 0x0, 0x0, 0x0, 0x0, 0x0, 0xa, 0xff,
    0x40, 0x0, 0x0, 0x0, 0x0, 0x0, 0x0, 0x0,
    0x0, 0x0, 0x9, 0xff, 0x20, 0x0, 0x0, 0x0,
    0x0, 0x0, 0x0, 0x0, 0x0, 0x0, 0xa, 0xfd,
    0x0, 0x0, 0x0, 0x0, 0x0, 0x0, 0x0, 0x0,
    0x0, 0x0, 0x1f, 0xf6, 0x0, 0x0, 0x0, 0x0,
    0x0, 0x0, 0x0, 0x0, 0x0, 0x2, 0xff, 0xd0,
    0x0, 0x0, 0x0, 0x0, 0x0, 0x0, 0x0, 0x0,
    0x0, 0x9f, 0xef, 0x50, 0x0, 0x0, 0x0, 0x0,
    0x0, 0x0, 0x0, 0x0, 0x1f, 0xe5, 0xfc, 0x0,
    0x0, 0x0, 0x0, 0x0, 0x0, 0x0, 0x0, 0x9,
    0xf8, 0xe, 0xf3, 0x0, 0x0, 0x0, 0x0, 0x0,
    0x0, 0x0, 0x2, 0xff, 0x10, 0x8f, 0xa0, 0x0,
    0x0, 0x0, 0x0, 0x0, 0x0, 0x0, 0xbf, 0x90,
    0x1, 0xff, 0x30, 0x0, 0x0, 0x0, 0x0, 0x0,
    0x0, 0x6f, 0xe1, 0x0, 0x9, 0xfb, 0x0, 0x0,
    0x0, 0x0, 0x0, 0x0, 0x2f, 0xf6, 0x0, 0x0,
    0x2f, 0xf7, 0x0, 0x0, 0x0, 0x0, 0x0, 0xd,
    0xfb, 0x0, 0x0, 0x0, 0x8f, 0xf3, 0x0, 0x0,
    0x0, 0x0, 0xb, 0xfd, 0x10, 0x0, 0x0, 0x0,
    0xef, 0xf4, 0x0, 0x0, 0x0, 0xb, 0xff, 0x20,
    0x0, 0x0, 0x0, 0x3, 0xff, 0xf7, 0x0, 0x0,
    0x2d, 0xff, 0x30, 0x0, 0x0, 0x0, 0x0, 0x3,
    0xff, 0xfc, 0x30, 0x8f, 0xff, 0x30, 0x0, 0x0,
    0x0, 0x0, 0x0, 0x4, 0xff, 0xf8, 0x6, 0xfe,
    0x30, 0x0, 0x0, 0x0, 0x0, 0x0, 0x0, 0x2,
    0xda, 0x0, 0x7, 0x10, 0x0, 0x0, 0x0, 0x0,
    0x0, 0x0, 0x0, 0x0, 0x10,

    /* U+516B "八" */
    0x0, 0x0, 0x0, 0x0, 0x0, 0x0, 0x0, 0xaa,
    0x0, 0x0, 0x0, 0x0, 0x0, 0x0, 0x0, 0x23,
    0x0, 0x0, 0xf, 0xf1, 0x0, 0x0, 0x0, 0x0,
    0x0, 0x0, 0x5, 0xfc, 0x0, 0x0, 0xdf, 0x10,
    0x0, 0x0, 0x0, 0x0, 0x0, 0x0, 0x6f, 0x90,
    0x0, 0xb, 0xf3, 0x0, 0x0, 0x0, 0x0, 0x0,
    0x0, 0x8, 0xf6, 0x0, 0x0, 0x9f, 0x40, 0x0,
    0x0, 0x0, 0x0, 0x0, 0x0, 0xaf, 0x30, 0x0,
    0x6, 0xf6, 0x0, 0x0, 0x0, 0x0, 0x0, 0x0,
    0xc, 0xf0, 0x0, 0x0, 0x4f, 0x90, 0x0, 0x0,
    0x0, 0x0, 0x0, 0x0, 0xfe, 0x0, 0x0, 0x1,
    0xfc, 0x0, 0x0, 0x0, 0x0, 0x0, 0x0, 0x2f,
    0xb0, 0x0, 0x0, 0xe, 0xf0, 0x0, 0x0, 0x0,
    0x0, 0x0, 0x6, 0xf7, 0x0, 0x0, 0x0, 0xaf,
    0x30, 0x0, 0x0, 0x0, 0x0, 0x0, 0xbf, 0x30,
    0x0, 0x0, 0x6, 0xf7, 0x0, 0x0, 0x0, 0x0,
    0x0, 0xf, 0xe0, 0x0, 0x0, 0x0, 0x2f, 0xc0,
    0x0, 0x0, 0x0, 0x0, 0x6, 0xfa, 0x0, 0x0,
    0x0, 0x0, 0xef, 0x10, 0x0, 0x0, 0x0, 0x0,
    0xcf, 0x40, 0x0, 0x0, 0x0, 0x8, 0xf8, 0x0,
    0x0, 0x0, 0x0, 0x4f, 0xd0, 0x0, 0x0, 0x0,
    0x0, 0x1f, 0xf1, 0x0, 0x0, 0x0, 0xd, 0xf6,
    0x0, 0x0, 0x0, 0x0, 0x0, 0xbf, 0x90, 0x0,
    0x0, 0x9, 0xfd, 0x0, 0x0, 0x0, 0x0, 0x0,
    0x2, 0xff, 0x40, 0x0, 0x6, 0xff, 0x30, 0x0,
    0x0, 0x0, 0x0, 0x0, 0x8, 0xfe, 0x20, 0x6,
    0xff, 0x70, 0x0, 0x0, 0x0, 0x0, 0x0, 0x0,
    0xd, 0xfe, 0x20, 0x6f, 0xa0, 0x0, 0x0, 0x0,
    0x0, 0x0, 0x0, 0x0, 0x3f, 0xe6, 0x0, 0x30,
    0x0, 0x0, 0x0, 0x0, 0x0, 0x0, 0x0, 0x0,
    0x52, 0x0,

    /* U+516D "六" */
    0x0, 0x0, 0x0, 0x0, 0x0, 0x0, 0x0, 0x0,
    0x0, 0x0, 0x0, 0x0, 0x0, 0x0, 0x0, 0x1b,
    0x70, 0x0, 0x0, 0x0, 0x0, 0x0, 0x0, 0x0,
    0x0, 0x0, 0x5f, 0xf4, 0x0, 0x0, 0x0, 0x0,
    0x0, 0x0, 0x0, 0x0, 0x0, 0xa, 0xfe, 0x10,
    0x0, 0x0, 0x0, 0x0, 0x0, 0x0, 0x0, 0x0,
    0x0, 0xef, 0x90, 0x0, 0x0, 0x0, 0x0, 0x0,
    0x0, 0x0, 0x0, 0x0, 0x5f, 0xc0, 0x0, 0x0,
    0x0, 0x0, 0x1, 0x0, 0x0, 0x0, 0x0, 0x4,
    0x0, 0x0, 0x0, 0x0, 0x0, 0x1f, 0xff, 0xee,
    0xee, 0xee, 0xee, 0xee, 0xee, 0xee, 0xef, 0xf8,
    0x1f, 0xff, 0xff, 0xff, 0xff, 0xff, 0xff, 0xff,
    0xff, 0xff, 0xf8, 0x0, 0x0, 0x0, 0x0, 0x0,
    0x0, 0x0, 0x0, 0x0, 0x0, 0x0, 0x0, 0x0,
    0x0, 0x0, 0x0, 0x0, 0x0, 0x0, 0x0, 0x0,
    0x0, 0x0, 0x0, 0x0, 0x8, 0x10, 0x0, 0x0,
    0x84, 0x0, 0x0, 0x0, 0x0, 0x0, 0x0, 0x3f,
    0xe4, 0x0, 0x9, 0xfe, 0x10, 0x0, 0x0, 0x0,
    0x0, 0x0, 0xcf, 0xe1, 0x0, 0x2, 0xff, 0xa0,
    0x0, 0x0, 0x0, 0x0, 0x6, 0xff, 0x50, 0x0,
    0x0, 0x5f, 0xf6, 0x0, 0x0, 0x0, 0x0, 0x2f,
    0xf9, 0x0, 0x0, 0x0, 0x9, 0xff, 0x30, 0x0,
    0x0, 0x0, 0xcf, 0xd0, 0x0, 0x0, 0x0, 0x0,
    0xdf, 0xd0, 0x0, 0x0, 0x9, 0xff, 0x30, 0x0,
    0x0, 0x0, 0x0, 0x2f, 0xf9, 0x0, 0x0, 0x8f,
    0xf8, 0x0, 0x0, 0x0, 0x0, 0x0, 0x7, 0xff,
    0x30, 0x7, 0xff, 0xb0, 0x0, 0x0, 0x0, 0x0,
    0x0, 0x0, 0xdf, 0xd0, 0xa, 0xfd, 0x10, 0x0,
    0x0, 0x0, 0x0, 0x0, 0x0, 0x4c, 0x20, 0x0,
    0x61, 0x0, 0x0, 0x0, 0x0, 0x0, 0x0, 0x0,
    0x0, 0x0,

    /* U+51B0 "冰" */
    0x0, 0x0, 0x0, 0x0, 0x0, 0x0, 0x2, 0x30,
    0x0, 0x0, 0x0, 0x0, 0x0, 0x0, 0x0, 0x0,
    0x0, 0x0, 0xcf, 0x40, 0x0, 0x0, 0x0, 0x0,
    0x0, 0x0, 0x0, 0x0, 0x0, 0xb, 0xf2, 0x0,
    0x0, 0x0, 0x0, 0x2e, 0x60, 0x0, 0x0, 0x0,
    0x0, 0xbf, 0x20, 0x0, 0x0, 0x0, 0x6, 0xff,
    0x30, 0x0, 0x0, 0x0, 0xb, 0xf2, 0x0, 0x0,
    0x0, 0x0, 0x9, 0xfe, 0x10, 0x0, 0x0, 0x0,
    0xbf, 0x30, 0x0, 0x84, 0x0, 0x0, 0xc, 0xfc,
    0x12, 0x11, 0x11, 0xb, 0xf4, 0x0, 0x3f, 0xf3,
    0x0, 0x0, 0x2f, 0x74, 0xff, 0xff, 0xf1, 0xbf,
    0x70, 0xd, 0xfb, 0x10, 0x0, 0x0, 0x10, 0x3a,
    0x99, 0xdf, 0xb, 0xfb, 0xb, 0xfa, 0x0, 0x0,
    0x0, 0x0, 0x0, 0x0, 0xc, 0xd0, 0xbf, 0xfb,
    0xfb, 0x0, 0x0, 0x0, 0x0, 0x6, 0x0, 0x0,
    0xeb, 0xb, 0xff, 0xfb, 0x0, 0x0, 0x0, 0x0,
    0x5, 0xf5, 0x0, 0x2f, 0x80, 0xbf, 0xcf, 0x10,
    0x0, 0x0, 0x0, 0x0, 0xdf, 0x30, 0x6, 0xf4,
    0xb, 0xf6, 0xf9, 0x0, 0x0, 0x0, 0x0, 0x6f,
    0x90, 0x0, 0xcf, 0x0, 0xbf, 0x1d, 0xf3, 0x0,
    0x0, 0x0, 0x1f, 0xf1, 0x0, 0x3f, 0xb0, 0xb,
    0xf1, 0x5f, 0xd0, 0x0, 0x0, 0xa, 0xf7, 0x0,
    0xc, 0xf4, 0x0, 0xbf, 0x10, 0xcf, 0x90, 0x0,
    0x6, 0xfe, 0x0, 0x7, 0xfc, 0x0, 0xb, 0xf1,
    0x3, 0xff, 0x80, 0x2, 0xff, 0x60, 0x4, 0xff,
    0x30, 0x0, 0xbf, 0x10, 0x6, 0xff, 0xb1, 0x9,
    0xd0, 0x4, 0xff, 0x80, 0x0, 0xb, 0xf1, 0x0,
    0x9, 0xfe, 0x50, 0x3, 0x0, 0x7f, 0xc0, 0x0,
    0x0, 0xdf, 0x0, 0x0, 0x9, 0x30, 0x0, 0x0,
    0x0, 0x32, 0x0, 0x2c, 0xcf, 0xf0, 0x0, 0x0,
    0x0, 0x0, 0x0, 0x0, 0x0, 0x0, 0x0, 0xcf,
    0xf9, 0x0, 0x0, 0x0, 0x0, 0x0, 0x0, 0x0,
    0x0, 0x0, 0x5, 0x62, 0x0, 0x0, 0x0, 0x0,
    0x0,

    /* U+51BB "冻" */
    0x0, 0x0, 0x0, 0x0, 0x0, 0x0, 0x25, 0x0,
    0x0, 0x0, 0x0, 0x0, 0x0, 0x0, 0x0, 0x0,
    0x0, 0x7, 0xfa, 0x0, 0x0, 0x0, 0x0, 0x0,
    0x11, 0x0, 0x0, 0x0, 0x0, 0xcf, 0x30, 0x0,
    0x0, 0x0, 0x0, 0x2d, 0xc0, 0x0, 0x11, 0x0,
    0x2f, 0xc0, 0x0, 0x0, 0x1, 0x10, 0x0, 0xdf,
    0xa0, 0x1f, 0xff, 0xff, 0xff, 0xff, 0xff, 0xff,
    0xff, 0x60, 0x2, 0xff, 0x60, 0x99, 0x89, 0xff,
    0x88, 0x88, 0x88, 0x89, 0x94, 0x0, 0x5, 0xff,
    0x30, 0x0, 0x5f, 0x90, 0x0, 0x0, 0x0, 0x0,
    0x0, 0x0, 0xa, 0x70, 0x0, 0xc, 0xf1, 0x4,
    0x51, 0x0, 0x0, 0x0, 0x0, 0x0, 0x0, 0x0,
    0x4, 0xf9, 0x0, 0xcf, 0x20, 0x0, 0x0, 0x0,
    0x0, 0x0, 0x0, 0x0, 0xdf, 0x10, 0xc, 0xf2,
    0x0, 0x0, 0x0, 0x0, 0x0, 0x0, 0x0, 0xaf,
    0x81, 0x11, 0xcf, 0x21, 0x11, 0x10, 0x0, 0x0,
    0x4, 0x40, 0x2f, 0xff, 0xff, 0xff, 0xff, 0xff,
    0xff, 0x40, 0x0, 0x0, 0xcf, 0x50, 0xbc, 0xa9,
    0x88, 0xef, 0x98, 0x88, 0x92, 0x0, 0x0, 0x3f,
    0xe0, 0x0, 0x0, 0x0, 0xc, 0xf2, 0x0, 0x0,
    0x0, 0x0, 0xb, 0xf6, 0x0, 0x0, 0x60, 0x0,
    0xcf, 0x20, 0x33, 0x0, 0x0, 0x3, 0xfe, 0x0,
    0x0, 0x4f, 0xc0, 0xc, 0xf2, 0x2f, 0xe1, 0x0,
    0x0, 0xcf, 0x70, 0x0, 0x1e, 0xf7, 0x0, 0xcf,
    0x20, 0x9f, 0xc0, 0x0, 0x6f, 0xe0, 0x0, 0xc,
    0xf9, 0x0, 0xc, 0xf2, 0x0, 0xcf, 0x90, 0xc,
    0xf7, 0x0, 0xb, 0xfb, 0x0, 0x0, 0xcf, 0x20,
    0x1, 0xef, 0x50, 0x9, 0x0, 0xb, 0xfc, 0x0,
    0x0, 0xd, 0xf1, 0x0, 0x5, 0xf6, 0x0, 0x0,
    0x0, 0x1c, 0x10, 0x3, 0x9b, 0xff, 0x0, 0x0,
    0x2, 0x0, 0x0, 0x0, 0x0, 0x0, 0x0, 0xf,
    0xff, 0x80, 0x0, 0x0, 0x0, 0x0, 0x0, 0x0,
    0x0, 0x0, 0x0, 0x75, 0x10, 0x0, 0x0, 0x0,
    0x0,

    /* U+5206 "分" */
    0x0, 0x0, 0x0, 0x0, 0x0, 0x0, 0x0, 0x0,
    0x0, 0x0, 0x0, 0x0, 0x0, 0x0, 0x0, 0x92,
    0x0, 0x9, 0xf1, 0x0, 0x0, 0x0, 0x0, 0x0,
    0x0, 0x0, 0x5f, 0xe0, 0x0, 0x7f, 0x90, 0x0,
    0x0, 0x0, 0x0, 0x0, 0x0, 0xc, 0xf5, 0x0,
    0x0, 0xef, 0x30, 0x0, 0x0, 0x0, 0x0, 0x0,
    0x5, 0xfd, 0x0, 0x0, 0x6, 0xfd, 0x0, 0x0,
    0x0, 0x0, 0x0, 0x1, 0xef, 0x40, 0x0, 0x0,
    0xc, 0xfa, 0x0, 0x0, 0x0, 0x0, 0x0, 0xaf,
    0xb0, 0x0, 0x0, 0x0, 0x2f, 0xf9, 0x0, 0x0,
    0x0, 0x0, 0x5f, 0xf2, 0x0, 0x0, 0x0, 0x0,
    0x4f, 0xfa, 0x0, 0x0, 0x0, 0x2f, 0xf5, 0x0,
    0x0, 0x0, 0x0, 0x0, 0x5f, 0xfd, 0x30, 0x0,
    0x2e, 0xfa, 0x21, 0x11, 0x11, 0x11, 0x11, 0x11,
    0x5e, 0xff, 0xa0, 0x2e, 0xfc, 0x6f, 0xff, 0xff,
    0xff, 0xff, 0xff, 0xfc, 0x1c, 0xf7, 0x0, 0xad,
    0x14, 0xbb, 0xbf, 0xfb, 0xbb, 0xbb, 0xcf, 0xa0,
    0x6, 0x0, 0x0, 0x0, 0x0, 0x0, 0xfe, 0x0,
    0x0, 0x6, 0xf8, 0x0, 0x0, 0x0, 0x0, 0x0,
    0x0, 0x2f, 0xc0, 0x0, 0x0, 0x8f, 0x60, 0x0,
    0x0, 0x0, 0x0, 0x0, 0x6, 0xf9, 0x0, 0x0,
    0x9, 0xf5, 0x0, 0x0, 0x0, 0x0, 0x0, 0x0,
    0xbf, 0x40, 0x0, 0x0, 0xbf, 0x30, 0x0, 0x0,
    0x0, 0x0, 0x0, 0x3f, 0xe0, 0x0, 0x0, 0xc,
    0xf1, 0x0, 0x0, 0x0, 0x0, 0x0, 0xd, 0xf7,
    0x0, 0x0, 0x0, 0xef, 0x0, 0x0, 0x0, 0x0,
    0x0, 0xc, 0xfc, 0x0, 0x0, 0x0, 0x1f, 0xe0,
    0x0, 0x0, 0x0, 0x0, 0x3d, 0xfd, 0x10, 0x0,
    0x12, 0x29, 0xfb, 0x0, 0x0, 0x0, 0x3, 0xbf,
    0xfb, 0x10, 0x0, 0x2, 0xff, 0xff, 0x40, 0x0,
    0x0, 0x0, 0x2e, 0xf7, 0x0, 0x0, 0x0, 0xb,
    0xd9, 0x30, 0x0, 0x0, 0x0, 0x0, 0x31, 0x0,
    0x0, 0x0, 0x0, 0x0, 0x0, 0x0, 0x0, 0x0,
    0x0,

    /* U+521D "初" */
    0x0, 0x0, 0x6, 0x80, 0x0, 0x0, 0x0, 0x0,
    0x0, 0x0, 0x0, 0x0, 0x0, 0x0, 0xcf, 0x30,
    0x0, 0x0, 0x0, 0x0, 0x0, 0x0, 0x0, 0x0,
    0x0, 0x4, 0xfc, 0x0, 0x59, 0x99, 0x99, 0x99,
    0x99, 0x99, 0x10, 0x0, 0x0, 0xd, 0x90, 0x8,
    0xff, 0xff, 0xff, 0xff, 0xff, 0xf1, 0x0, 0x0,
    0x0, 0x0, 0x0, 0x12, 0x22, 0xbf, 0x32, 0x22,
    0xcf, 0x10, 0xa, 0xba, 0xaa, 0xaa, 0x50, 0x0,
    0xb, 0xf1, 0x0, 0xc, 0xf0, 0x0, 0xff, 0xff,
    0xff, 0xf2, 0x0, 0x0, 0xcf, 0x0, 0x0, 0xdf,
    0x0, 0x1, 0x10, 0x4, 0xfb, 0x0, 0x0, 0xd,
    0xf0, 0x0, 0xd, 0xe0, 0x0, 0x0, 0x0, 0xcf,
    0x30, 0x0, 0x0, 0xee, 0x0, 0x0, 0xed, 0x0,
    0x0, 0x0, 0x6f, 0xa0, 0x2a, 0x0, 0xf, 0xd0,
    0x0, 0xf, 0xd0, 0x0, 0x0, 0x3f, 0xf5, 0x1d,
    0xf6, 0x1, 0xfb, 0x0, 0x0, 0xfc, 0x0, 0x0,
    0x2e, 0xff, 0xfc, 0xf7, 0x0, 0x4f, 0x90, 0x0,
    0x1f, 0xb0, 0x0, 0x2e, 0xff, 0xff, 0xfa, 0x0,
    0x7, 0xf6, 0x0, 0x1, 0xfa, 0x0, 0x5f, 0xf8,
    0xcf, 0x3f, 0xf6, 0x0, 0xbf, 0x20, 0x0, 0x2f,
    0xa0, 0xe, 0xf7, 0xc, 0xf0, 0x4f, 0xf1, 0x1f,
    0xe0, 0x0, 0x3, 0xf9, 0x0, 0x45, 0x0, 0xcf,
    0x0, 0x73, 0x7, 0xf8, 0x0, 0x0, 0x4f, 0x80,
    0x0, 0x0, 0xc, 0xf0, 0x0, 0x0, 0xef, 0x20,
    0x0, 0x5, 0xf7, 0x0, 0x0, 0x0, 0xcf, 0x0,
    0x0, 0x8f, 0xa0, 0x0, 0x0, 0x6f, 0x60, 0x0,
    0x0, 0xc, 0xf0, 0x0, 0x4f, 0xf1, 0x0, 0x0,
    0x9, 0xf5, 0x0, 0x0, 0x0, 0xcf, 0x0, 0x3e,
    0xf6, 0x0, 0x16, 0x79, 0xff, 0x20, 0x0, 0x0,
    0xc, 0xf1, 0x3f, 0xf9, 0x0, 0x0, 0xdf, 0xff,
    0xb0, 0x0, 0x0, 0x0, 0xdf, 0x10, 0x7a, 0x0,
    0x0, 0x7, 0xc9, 0x40, 0x0,

    /* U+5230 "到" */
    0x0, 0x0, 0x0, 0x0, 0x0, 0x0, 0x0, 0x0,
    0x0, 0x8, 0xa2, 0x6, 0x55, 0x55, 0x55, 0x55,
    0x55, 0x50, 0x0, 0x0, 0xd, 0xf2, 0x1f, 0xff,
    0xff, 0xff, 0xff, 0xff, 0xd0, 0x0, 0x0, 0xd,
    0xf1, 0x5, 0x54, 0x5f, 0x84, 0x44, 0x45, 0x40,
    0x7a, 0x20, 0xd, 0xf1, 0x0, 0x0, 0x6f, 0xf2,
    0x0, 0x0, 0x0, 0xbf, 0x20, 0xd, 0xf1, 0x0,
    0x0, 0xef, 0x50, 0x3d, 0x60, 0x0, 0xbf, 0x10,
    0xd, 0xf1, 0x0, 0x9, 0xf7, 0x0, 0x4f, 0xf2,
    0x0, 0xbf, 0x10, 0xd, 0xf1, 0x0, 0x7f, 0xb0,
    0x0, 0x9, 0xfd, 0x0, 0xbf, 0x10, 0xd, 0xf1,
    0x1c, 0xff, 0x66, 0x78, 0x9a, 0xff, 0x90, 0xbf,
    0x10, 0xd, 0xf1, 0xf, 0xff, 0xff, 0xff, 0xfe,
    0xdf, 0xf3, 0xbf, 0x10, 0xd, 0xf1, 0x8, 0x75,
    0x49, 0xf9, 0x0, 0x9, 0x40, 0xbf, 0x10, 0xd,
    0xf1, 0x0, 0x0, 0x7, 0xf8, 0x0, 0x0, 0x0,
    0xbf, 0x10, 0xd, 0xf1, 0x0, 0x0, 0x7, 0xf8,
    0x0, 0x0, 0x0, 0xbf, 0x10, 0xd, 0xf1, 0xb,
    0xbb, 0xbd, 0xfd, 0xbb, 0xbc, 0x0, 0xbf, 0x10,
    0xd, 0xf1, 0xe, 0xdd, 0xde, 0xfe, 0xdd, 0xef,
    0x0, 0xbf, 0x10, 0xd, 0xf1, 0x0, 0x0, 0x7,
    0xf8, 0x0, 0x0, 0x0, 0xbf, 0x10, 0xd, 0xf1,
    0x0, 0x0, 0x7, 0xf8, 0x0, 0x0, 0x0, 0xcf,
    0x20, 0xd, 0xf1, 0x0, 0x0, 0x7, 0xf8, 0x0,
    0x24, 0x71, 0x1, 0x0, 0xd, 0xf1, 0x2, 0x34,
    0x6b, 0xfe, 0xdf, 0xff, 0xf0, 0x0, 0x0, 0xd,
    0xf0, 0x6f, 0xff, 0xff, 0xff, 0xdb, 0x96, 0x40,
    0x0, 0x0, 0x2f, 0xf0, 0x3f, 0xeb, 0x85, 0x20,
    0x0, 0x0, 0x0, 0x0, 0xef, 0xff, 0xd0, 0x2,
    0x0, 0x0, 0x0, 0x0, 0x0, 0x0, 0x0, 0x9f,
    0xfb, 0x30, 0x0, 0x0, 0x0, 0x0, 0x0, 0x0,
    0x0, 0x0, 0x12, 0x0, 0x0,

    /* U+524D "前" */
    0x0, 0x0, 0x0, 0x18, 0x90, 0x0, 0x0, 0x0,
    0xb7, 0x10, 0x0, 0x0, 0x0, 0x0, 0x0, 0x1e,
    0xf5, 0x0, 0x0, 0x3, 0xfe, 0x10, 0x0, 0x0,
    0x0, 0x0, 0x0, 0x5, 0xfe, 0x0, 0x0, 0xa,
    0xf5, 0x0, 0x0, 0x0, 0x0, 0x0, 0x0, 0x0,
    0x83, 0x0, 0x0, 0x3f, 0xb0, 0x0, 0x0, 0x0,
    0x1f, 0xff, 0xff, 0xff, 0xff, 0xff, 0xff, 0xff,
    0xff, 0xff, 0xff, 0xf2, 0xb, 0x99, 0x98, 0x88,
    0x88, 0x88, 0x88, 0x88, 0x88, 0x88, 0x99, 0xb1,
    0x0, 0x0, 0x0, 0x0, 0x0, 0x0, 0x0, 0x0,
    0x0, 0x0, 0x0, 0x0, 0x0, 0x4, 0x55, 0x55,
    0x55, 0x54, 0x0, 0x0, 0x0, 0x1b, 0x90, 0x0,
    0x0, 0xe, 0xff, 0xff, 0xff, 0xfd, 0x0, 0x56,
    0x0, 0x1f, 0xc0, 0x0, 0x0, 0xd, 0xf2, 0x22,
    0x22, 0xfd, 0x0, 0xcf, 0x10, 0x1f, 0xb0, 0x0,
    0x0, 0xd, 0xf0, 0x0, 0x0, 0xfd, 0x0, 0xcf,
    0x0, 0x1f, 0xb0, 0x0, 0x0, 0xd, 0xf5, 0x55,
    0x55, 0xfd, 0x0, 0xcf, 0x0, 0x1f, 0xb0, 0x0,
    0x0, 0xd, 0xff, 0xff, 0xff, 0xfd, 0x0, 0xcf,
    0x0, 0x1f, 0xb0, 0x0, 0x0, 0xd, 0xf1, 0x11,
    0x11, 0xfd, 0x0, 0xcf, 0x0, 0x1f, 0xb0, 0x0,
    0x0, 0xd, 0xf0, 0x0, 0x0, 0xfd, 0x0, 0xcf,
    0x0, 0x1f, 0xb0, 0x0, 0x0, 0xd, 0xf9, 0x99,
    0x99, 0xfd, 0x0, 0xcf, 0x0, 0x1f, 0xb0, 0x0,
    0x0, 0xd, 0xfd, 0xdd, 0xdd, 0xfd, 0x0, 0xcf,
    0x0, 0x1f, 0xb0, 0x0, 0x0, 0xd, 0xf0, 0x0,
    0x0, 0xfd, 0x0, 0xcf, 0x10, 0x1f, 0xb0, 0x0,
    0x0, 0xd, 0xf0, 0x0, 0x0, 0xfd, 0x0, 0x0,
    0x0, 0x1f, 0xb0, 0x0, 0x0, 0xd, 0xf0, 0x0,
    0x0, 0xfd, 0x0, 0x0, 0x0, 0x2f, 0xb0, 0x0,
    0x0, 0xe, 0xf0, 0x0, 0xce, 0xfb, 0x0, 0x0,
    0x3d, 0xef, 0x90, 0x0, 0x0, 0xf, 0xf0, 0x0,
    0x9c, 0x81, 0x0, 0x0, 0xb, 0xb7, 0x10, 0x0,

    /* U+5341 "十" */
    0x0, 0x0, 0x0, 0x0, 0x0, 0x33, 0x0, 0x0,
    0x0, 0x0, 0x0, 0x0, 0x0, 0x0, 0x0, 0x1,
    0xff, 0x10, 0x0, 0x0, 0x0, 0x0, 0x0, 0x0,
    0x0, 0x0, 0x0, 0xff, 0x0, 0x0, 0x0, 0x0,
    0x0, 0x0, 0x0, 0x0, 0x0, 0x0, 0xff, 0x0,
    0x0, 0x0, 0x0, 0x0, 0x0, 0x0, 0x0, 0x0,
    0x0, 0xff, 0x0, 0x0, 0x0, 0x0, 0x0, 0x0,
    0x0, 0x0, 0x0, 0x0, 0xff, 0x0, 0x0, 0x0,
    0x0, 0x0, 0x0, 0x0, 0x0, 0x0, 0x0, 0xff,
    0x0, 0x0, 0x0, 0x0, 0x0, 0x0, 0x0, 0x0,
    0x0, 0x0, 0xff, 0x0, 0x0, 0x0, 0x0, 0x0,
    0x0, 0x0, 0x0, 0x0, 0x0, 0xff, 0x0, 0x0,
    0x0, 0x0, 0x0, 0xad, 0xcc, 0xcc, 0xcc, 0xcc,
    0xff, 0xcc, 0xcc, 0xcc, 0xcc, 0xdc, 0xcf, 0xee,
    0xee, 0xee, 0xee, 0xff, 0xee, 0xee, 0xee, 0xee,
    0xfd, 0x0, 0x0, 0x0, 0x0, 0x0, 0xff, 0x0,
    0x0, 0x0, 0x0, 0x0, 0x0, 0x0, 0x0, 0x0,
    0x0, 0xff, 0x0, 0x0, 0x0, 0x0, 0x0, 0x0,
    0x0, 0x0, 0x0, 0x0, 0xff, 0x0, 0x0, 0x0,
    0x0, 0x0, 0x0, 0x0, 0x0, 0x0, 0x0, 0xff,
    0x0, 0x0, 0x0, 0x0, 0x0, 0x0, 0x0, 0x0,
    0x0, 0x0, 0xff, 0x0, 0x0, 0x0, 0x0, 0x0,
    0x0, 0x0, 0x0, 0x0, 0x0, 0xff, 0x0, 0x0,
    0x0, 0x0, 0x0, 0x0, 0x0, 0x0, 0x0, 0x0,
    0xff, 0x0, 0x0, 0x0, 0x0, 0x0, 0x0, 0x0,
    0x0, 0x0, 0x0, 0xff, 0x0, 0x0, 0x0, 0x0,
    0x0, 0x0, 0x0, 0x0, 0x0, 0x0, 0xff, 0x0,
    0x0, 0x0, 0x0, 0x0, 0x0, 0x0, 0x0, 0x0,
    0x1, 0xff, 0x10, 0x0, 0x0, 0x0, 0x0, 0x0,
    0x0, 0x0, 0x0, 0x1, 0xff, 0x10, 0x0, 0x0,
    0x0, 0x0,

    /* U+5343 "千" */
    0x0, 0x0, 0x0, 0x0, 0x0, 0x0, 0x0, 0x0,
    0x34, 0x0, 0x0, 0x0, 0x0, 0x0, 0x0, 0x0,
    0x0, 0x14, 0x8d, 0xfd, 0x0, 0x0, 0x0, 0x1,
    0x23, 0x46, 0x79, 0xbe, 0xff, 0xff, 0xdb, 0x50,
    0x0, 0x0, 0xbf, 0xff, 0xff, 0xff, 0xff, 0x75,
    0x20, 0x0, 0x0, 0x0, 0x0, 0x3b, 0x97, 0x64,
    0x20, 0xfe, 0x0, 0x0, 0x0, 0x0, 0x0, 0x0,
    0x0, 0x0, 0x0, 0x0, 0xfe, 0x0, 0x0, 0x0,
    0x0, 0x0, 0x0, 0x0, 0x0, 0x0, 0x0, 0xfe,
    0x0, 0x0, 0x0, 0x0, 0x0, 0x0, 0x0, 0x0,
    0x0, 0x0, 0xfe, 0x0, 0x0, 0x0, 0x0, 0x0,
    0x0, 0x0, 0x0, 0x0, 0x0, 0xfe, 0x0, 0x0,
    0x0, 0x0, 0x0, 0x0, 0x0, 0x0, 0x0, 0x0,
    0xfe, 0x0, 0x0, 0x0, 0x0, 0x0, 0x6b, 0xaa,
    0xaa, 0xaa, 0xaa, 0xff, 0xaa, 0xaa, 0xaa, 0xab,
    0xb6, 0x8f, 0xff, 0xff, 0xff, 0xff, 0xff, 0xff,
    0xff, 0xff, 0xff, 0xf8, 0x0, 0x0, 0x0, 0x0,
    0x0, 0xfe, 0x0, 0x0, 0x0, 0x0, 0x0, 0x0,
    0x0, 0x0, 0x0, 0x0, 0xfe, 0x0, 0x0, 0x0,
    0x0, 0x0, 0x0, 0x0, 0x0, 0x0, 0x0, 0xfe,
    0x0, 0x0, 0x0, 0x0, 0x0, 0x0, 0x0, 0x0,
    0x0, 0x0, 0xfe, 0x0, 0x0, 0x0, 0x0, 0x0,
    0x0, 0x0, 0x0, 0x0, 0x0, 0xfe, 0x0, 0x0,
    0x0, 0x0, 0x0, 0x0, 0x0, 0x0, 0x0, 0x0,
    0xfe, 0x0, 0x0, 0x0, 0x0, 0x0, 0x0, 0x0,
    0x0, 0x0, 0x0, 0xfe, 0x0, 0x0, 0x0, 0x0,
    0x0, 0x0, 0x0, 0x0, 0x0, 0x0, 0xfe, 0x0,
    0x0, 0x0, 0x0, 0x0, 0x0, 0x0, 0x0, 0x0,
    0x0, 0xff, 0x0, 0x0, 0x0, 0x0, 0x0, 0x0,
    0x0, 0x0, 0x0, 0x0, 0xff, 0x0, 0x0, 0x0,
    0x0, 0x0,

    /* U+5345 "卅" */
    0x0, 0x0, 0x2, 0x20, 0x0, 0x0, 0x0, 0x0,
    0x1, 0x10, 0x0, 0x0, 0x0, 0x3, 0xfc, 0x0,
    0x0, 0x54, 0x0, 0x0, 0xff, 0x0, 0x0, 0x0,
    0x0, 0x3f, 0xb0, 0x0, 0x1f, 0xe0, 0x0, 0xf,
    0xe0, 0x0, 0x0, 0x0, 0x2, 0xfb, 0x0, 0x0,
    0xfe, 0x0, 0x0, 0xfe, 0x0, 0x0, 0x0, 0x0,
    0x2f, 0xb0, 0x0, 0xf, 0xd0, 0x0, 0xf, 0xe0,
    0x0, 0x0, 0x0, 0x2, 0xfb, 0x0, 0x0, 0xfd,
    0x0, 0x0, 0xfe, 0x0, 0x0, 0x0, 0x0, 0x2f,
    0xb0, 0x0, 0xf, 0xd0, 0x0, 0xf, 0xe0, 0x0,
    0x0, 0x0, 0x2, 0xfb, 0x0, 0x0, 0xfd, 0x0,
    0x0, 0xfe, 0x0, 0x0, 0x0, 0x0, 0x2f, 0xb0,
    0x0, 0xf, 0xd0, 0x0, 0xf, 0xe0, 0x0, 0xc,
    0xcc, 0xbc, 0xfe, 0xbb, 0xbb, 0xff, 0xbb, 0xbb,
    0xff, 0xbc, 0xc7, 0xee, 0xed, 0xef, 0xfd, 0xdd,
    0xdf, 0xfd, 0xdd, 0xdf, 0xfd, 0xee, 0x80, 0x0,
    0x4, 0xf9, 0x0, 0x0, 0xfd, 0x0, 0x0, 0xfe,
    0x0, 0x0, 0x0, 0x0, 0x6f, 0x80, 0x0, 0xf,
    0xd0, 0x0, 0xf, 0xe0, 0x0, 0x0, 0x0, 0x8,
    0xf7, 0x0, 0x0, 0xfd, 0x0, 0x0, 0xfe, 0x0,
    0x0, 0x0, 0x0, 0xaf, 0x50, 0x0, 0xf, 0xd0,
    0x0, 0xf, 0xe0, 0x0, 0x0, 0x0, 0xe, 0xf1,
    0x0, 0x0, 0xfd, 0x0, 0x0, 0xfe, 0x0, 0x0,
    0x0, 0x4, 0xfd, 0x0, 0x0, 0xf, 0xd0, 0x0,
    0xf, 0xe0, 0x0, 0x0, 0x0, 0xaf, 0x70, 0x0,
    0x0, 0xfd, 0x0, 0x0, 0xfe, 0x0, 0x0, 0x0,
    0x3f, 0xf0, 0x0, 0x0, 0xf, 0xd0, 0x0, 0xf,
    0xe0, 0x0, 0x0, 0xd, 0xf7, 0x0, 0x0, 0x1,
    0xfe, 0x0, 0x0, 0xfe, 0x0, 0x0, 0xb, 0xfd,
    0x0, 0x0, 0x0, 0x1d, 0xc0, 0x0, 0xf, 0xe0,
    0x0, 0x0, 0x8f, 0x30, 0x0, 0x0, 0x0, 0x0,
    0x0, 0x1, 0xff, 0x0, 0x0, 0x0, 0x10, 0x0,
    0x0, 0x0, 0x0, 0x0, 0x0, 0x0, 0x0, 0x0,
    0x0,

    /* U+53D6 "取" */
    0x25, 0x44, 0x44, 0x44, 0x44, 0x53, 0x0, 0x0,
    0x0, 0x0, 0x0, 0x7, 0xff, 0xff, 0xff, 0xff,
    0xff, 0x98, 0x77, 0x77, 0x77, 0x74, 0x0, 0x12,
    0xaf, 0x21, 0x11, 0xaf, 0x31, 0xff, 0xff, 0xff,
    0xff, 0x90, 0x0, 0x9, 0xf1, 0x0, 0x9, 0xf1,
    0x3, 0xf8, 0x0, 0x5, 0xf7, 0x0, 0x0, 0x9f,
    0x10, 0x0, 0x9f, 0x10, 0x1f, 0x90, 0x0, 0x7f,
    0x50, 0x0, 0x9, 0xf1, 0x0, 0x9, 0xf1, 0x0,
    0xfa, 0x0, 0x9, 0xf3, 0x0, 0x0, 0x9f, 0xff,
    0xff, 0xff, 0x10, 0xe, 0xc0, 0x0, 0xbf, 0x10,
    0x0, 0x9, 0xf7, 0x77, 0x7c, 0xf1, 0x0, 0xce,
    0x0, 0xe, 0xe0, 0x0, 0x0, 0x9f, 0x10, 0x0,
    0x9f, 0x10, 0xa, 0xf0, 0x1, 0xfb, 0x0, 0x0,
    0x9, 0xf1, 0x0, 0x9, 0xf1, 0x0, 0x8f, 0x30,
    0x6f, 0x60, 0x0, 0x0, 0x9f, 0x77, 0x77, 0xcf,
    0x10, 0x4, 0xf7, 0xc, 0xf1, 0x0, 0x0, 0x9,
    0xff, 0xff, 0xff, 0xf1, 0x0, 0xf, 0xc2, 0xfc,
    0x0, 0x0, 0x0, 0x9f, 0x10, 0x0, 0xaf, 0x10,
    0x0, 0x9f, 0xcf, 0x50, 0x0, 0x0, 0x9, 0xf1,
    0x0, 0x9, 0xf1, 0x0, 0x2, 0xff, 0xd0, 0x0,
    0x0, 0x0, 0x9f, 0x10, 0x0, 0xaf, 0xae, 0x60,
    0xe, 0xf9, 0x0, 0x0, 0x0, 0x9, 0xf5, 0x7b,
    0xef, 0xfc, 0x92, 0x9, 0xff, 0xf4, 0x0, 0x0,
    0x5a, 0xef, 0xff, 0xa7, 0xbf, 0x10, 0x5, 0xfd,
    0x3f, 0xf4, 0x0, 0x5, 0xfe, 0x94, 0x0, 0x9,
    0xf1, 0x5, 0xff, 0x20, 0x5f, 0xf8, 0x0, 0x6,
    0x0, 0x0, 0x0, 0xaf, 0x18, 0xff, 0x50, 0x0,
    0x6f, 0xfc, 0x0, 0x0, 0x0, 0x0, 0xa, 0xf1,
    0x6f, 0x50, 0x0, 0x0, 0x4d, 0x20, 0x0, 0x0,
    0x0, 0x0, 0xaf, 0x20, 0x10, 0x0, 0x0, 0x0,
    0x0, 0x0,

    /* U+540E "后" */
    0x0, 0x0, 0x0, 0x0, 0x0, 0x0, 0x0, 0x0,
    0x0, 0x0, 0x0, 0x0, 0x0, 0x0, 0x0, 0x0,
    0x0, 0x0, 0x0, 0x24, 0x7a, 0xc0, 0x0, 0x0,
    0x0, 0x23, 0x44, 0x57, 0x8a, 0xcd, 0xff, 0xff,
    0xff, 0x80, 0x0, 0x0, 0xf, 0xff, 0xff, 0xff,
    0xfe, 0xdb, 0x97, 0x64, 0x21, 0x0, 0x0, 0x0,
    0xff, 0x54, 0x32, 0x10, 0x0, 0x0, 0x0, 0x0,
    0x0, 0x0, 0x0, 0xf, 0xe0, 0x0, 0x0, 0x0,
    0x0, 0x0, 0x0, 0x0, 0x0, 0x0, 0x0, 0xfe,
    0x0, 0x0, 0x0, 0x0, 0x0, 0x0, 0x0, 0x0,
    0x0, 0x0, 0xf, 0xfb, 0xbb, 0xbb, 0xbb, 0xbb,
    0xbb, 0xbb, 0xbc, 0xc5, 0x0, 0x0, 0xff, 0xff,
    0xff, 0xff, 0xff, 0xff, 0xff, 0xff, 0xff, 0x60,
    0x0, 0x1f, 0xd0, 0x0, 0x0, 0x0, 0x0, 0x0,
    0x0, 0x0, 0x0, 0x0, 0x1, 0xfc, 0x0, 0x0,
    0x0, 0x0, 0x0, 0x0, 0x0, 0x0, 0x0, 0x0,
    0x2f, 0xb0, 0x0, 0x0, 0x0, 0x0, 0x0, 0x0,
    0x0, 0x0, 0x0, 0x4, 0xf9, 0x2, 0xff, 0xff,
    0xff, 0xff, 0xff, 0xff, 0xb0, 0x0, 0x0, 0x6f,
    0x70, 0x2f, 0xd8, 0x88, 0x88, 0x88, 0x89, 0xfb,
    0x0, 0x0, 0x9, 0xf5, 0x1, 0xfb, 0x0, 0x0,
    0x0, 0x0, 0x2f, 0xa0, 0x0, 0x0, 0xcf, 0x10,
    0x1f, 0xb0, 0x0, 0x0, 0x0, 0x2, 0xfa, 0x0,
    0x0, 0x1f, 0xd0, 0x1, 0xfb, 0x0, 0x0, 0x0,
    0x0, 0x2f, 0xa0, 0x0, 0x6, 0xf9, 0x0, 0x1f,
    0xb0, 0x0, 0x0, 0x0, 0x2, 0xfa, 0x0, 0x0,
    0xef, 0x40, 0x1, 0xfd, 0x77, 0x77, 0x77, 0x77,
    0x8f, 0xa0, 0x0, 0x9f, 0xd0, 0x0, 0x1f, 0xff,
    0xff, 0xff, 0xff, 0xff, 0xfa, 0x0, 0x6, 0xd5,
    0x0, 0x2, 0xfb, 0x0, 0x0, 0x0, 0x0, 0x2f,
    0xb0, 0x0, 0x0, 0x0, 0x0, 0x2f, 0xb0, 0x0,
    0x0, 0x0, 0x2, 0xfc, 0x0, 0x0, 0x0, 0x0,
    0x0, 0x32, 0x0, 0x0, 0x0, 0x0, 0x0, 0x0,
    0x0,

    /* U+56DB "四" */
    0xdf, 0xff, 0xff, 0xff, 0xff, 0xff, 0xff, 0xff,
    0xff, 0xf2, 0xdf, 0x98, 0x88, 0xaf, 0xc8, 0x9f,
    0xd8, 0x88, 0x8e, 0xf2, 0xcf, 0x10, 0x0, 0x4f,
    0x80, 0x1f, 0xb0, 0x0, 0xc, 0xf1, 0xcf, 0x10,
    0x0, 0x4f, 0x70, 0x1f, 0xb0, 0x0, 0xc, 0xf1,
    0xcf, 0x10, 0x0, 0x5f, 0x60, 0x1f, 0xb0, 0x0,
    0xc, 0xf1, 0xcf, 0x10, 0x0, 0x7f, 0x50, 0x1f,
    0xb0, 0x0, 0xc, 0xf1, 0xcf, 0x10, 0x0, 0x9f,
    0x20, 0x1f, 0xb0, 0x0, 0xc, 0xf1, 0xcf, 0x10,
    0x0, 0xee, 0x0, 0x1f, 0xb0, 0x0, 0xc, 0xf1,
    0xcf, 0x10, 0x4, 0xfa, 0x0, 0x1f, 0xb0, 0x0,
    0xc, 0xf1, 0xcf, 0x10, 0xc, 0xf3, 0x0, 0x1f,
    0xb0, 0x0, 0xc, 0xf1, 0xcf, 0x10, 0x7f, 0xa0,
    0x0, 0x1f, 0xd2, 0x12, 0x1c, 0xf1, 0xcf, 0x15,
    0xfe, 0x10, 0x0, 0xe, 0xff, 0xff, 0x3c, 0xf1,
    0xcf, 0x3e, 0xf4, 0x0, 0x0, 0x3, 0x89, 0x99,
    0xc, 0xf1, 0xcf, 0x12, 0x50, 0x0, 0x0, 0x0,
    0x0, 0x0, 0xc, 0xf1, 0xcf, 0x10, 0x0, 0x0,
    0x0, 0x0, 0x0, 0x0, 0xc, 0xf1, 0xcf, 0x10,
    0x0, 0x0, 0x0, 0x0, 0x0, 0x0, 0xc, 0xf1,
    0xcf, 0xaa, 0xaa, 0xaa, 0xaa, 0xaa, 0xaa, 0xaa,
    0xae, 0xf1, 0xcf, 0xff, 0xff, 0xff, 0xff, 0xff,
    0xff, 0xff, 0xff, 0xf1, 0xdf, 0x10, 0x0, 0x0,
    0x0, 0x0, 0x0, 0x0, 0xc, 0xf2, 0xdf, 0x10,
    0x0, 0x0, 0x0, 0x0, 0x0, 0x0, 0xc, 0xf2,
    0x23, 0x0, 0x0, 0x0, 0x0, 0x0, 0x0, 0x0,
    0x0, 0x0,

    /* U+56DE "回" */
    0x0, 0x0, 0x0, 0x0, 0x0, 0x0, 0x0, 0x0,
    0x0, 0x0, 0x2f, 0xff, 0xff, 0xff, 0xff, 0xff,
    0xff, 0xff, 0xff, 0xf2, 0x1f, 0xd8, 0x88, 0x88,
    0x88, 0x88, 0x88, 0x88, 0x8d, 0xf2, 0x1f, 0xb0,
    0x0, 0x0, 0x0, 0x0, 0x0, 0x0, 0xb, 0xf2,
    0x1f, 0xb0, 0x0, 0x0, 0x0, 0x0, 0x0, 0x0,
    0xb, 0xf1, 0x1f, 0xb0, 0x0, 0x0, 0x0, 0x0,
    0x0, 0x0, 0xb, 0xf1, 0x1f, 0xb0, 0x0, 0xff,
    0xff, 0xff, 0xff, 0x30, 0xb, 0xf1, 0x1f, 0xb0,
    0x0, 0xfd, 0x77, 0x77, 0xcf, 0x20, 0xb, 0xf1,
    0x1f, 0xb0, 0x0, 0xfb, 0x0, 0x0, 0xaf, 0x20,
    0xb, 0xf1, 0x1f, 0xb0, 0x0, 0xfb, 0x0, 0x0,
    0xaf, 0x20, 0xb, 0xf1, 0x1f, 0xb0, 0x0, 0xfb,
    0x0, 0x0, 0xaf, 0x20, 0xb, 0xf1, 0x1f, 0xb0,
    0x0, 0xfb, 0x0, 0x0, 0xaf, 0x20, 0xb, 0xf1,
    0x1f, 0xb0, 0x0, 0xff, 0xff, 0xff, 0xff, 0x20,
    0xb, 0xf1, 0x1f, 0xb0, 0x0, 0xaa, 0xaa, 0xaa,
    0xaa, 0x20, 0xb, 0xf1, 0x1f, 0xb0, 0x0, 0x0,
    0x0, 0x0, 0x0, 0x0, 0xb, 0xf1, 0x1f, 0xb0,
    0x0, 0x0, 0x0, 0x0, 0x0, 0x0, 0xb, 0xf1,
    0x1f, 0xb0, 0x0, 0x0, 0x0, 0x0, 0x0, 0x0,
    0xb, 0xf1, 0x1f, 0xff, 0xff, 0xff, 0xff, 0xff,
    0xff, 0xff, 0xff, 0xf2, 0x1f, 0xd8, 0x88, 0x88,
    0x88, 0x88, 0x88, 0x88, 0x8d, 0xf2, 0x2f, 0xa0,
    0x0, 0x0, 0x0, 0x0, 0x0, 0x0, 0xb, 0xf2,
    0x18, 0x50, 0x0, 0x0, 0x0, 0x0, 0x0, 0x0,
    0x6, 0x81,

    /* U+5728 "在" */
    0x0, 0x0, 0x0, 0x0, 0x0, 0x85, 0x10, 0x0,
    0x0, 0x0, 0x0, 0x0, 0x0, 0x0, 0x0, 0x0,
    0x1f, 0xf2, 0x0, 0x0, 0x0, 0x0, 0x0, 0x0,
    0x0, 0x0, 0x0, 0x5, 0xfc, 0x0, 0x0, 0x0,
    0x0, 0x0, 0x0, 0x0, 0x0, 0x0, 0x0, 0xaf,
    0x60, 0x0, 0x0, 0x0, 0x0, 0x0, 0x0, 0xbc,
    0xcb, 0xbb, 0xbf, 0xfc, 0xbb, 0xbb, 0xbb, 0xbb,
    0xcc, 0x10, 0xd, 0xee, 0xdd, 0xde, 0xff, 0xdd,
    0xdd, 0xdd, 0xdd, 0xde, 0xe1, 0x0, 0x0, 0x0,
    0x0, 0xdf, 0x40, 0x0, 0x0, 0x0, 0x0, 0x0,
    0x0, 0x0, 0x0, 0x0, 0x6f, 0xc0, 0x0, 0x2f,
    0xc0, 0x0, 0x0, 0x0, 0x0, 0x0, 0x0, 0x3f,
    0xf3, 0x0, 0x2, 0xfc, 0x0, 0x0, 0x0, 0x0,
    0x0, 0x1, 0xff, 0xf9, 0x0, 0x0, 0x2f, 0xc0,
    0x0, 0x0, 0x0, 0x0, 0x0, 0x1f, 0xfd, 0x0,
    0x0, 0x2, 0xfc, 0x0, 0x0, 0x0, 0x0, 0x0,
    0x9, 0xff, 0x32, 0xba, 0xaa, 0xaf, 0xea, 0xaa,
    0xab, 0x0, 0x0, 0x9, 0xff, 0xc0, 0x3f, 0xff,
    0xff, 0xff, 0xff, 0xff, 0xf0, 0x0, 0xa, 0xff,
    0xfc, 0x0, 0x0, 0x0, 0x2f, 0xc0, 0x0, 0x0,
    0x0, 0x2e, 0xfe, 0x3f, 0xc0, 0x0, 0x0, 0x2,
    0xfc, 0x0, 0x0, 0x0, 0x0, 0x7c, 0x10, 0xfc,
    0x0, 0x0, 0x0, 0x2f, 0xc0, 0x0, 0x0, 0x0,
    0x0, 0x0, 0xf, 0xc0, 0x0, 0x0, 0x2, 0xfc,
    0x0, 0x0, 0x0, 0x0, 0x0, 0x0, 0xfc, 0x0,
    0x0, 0x0, 0x2f, 0xc0, 0x0, 0x0, 0x0, 0x0,
    0x0, 0xf, 0xc0, 0x0, 0x0, 0x2, 0xfc, 0x0,
    0x0, 0x0, 0x0, 0x0, 0x1, 0xfd, 0x19, 0x99,
    0x99, 0x9f, 0xe9, 0x99, 0x99, 0x92, 0x0, 0x0,
    0x1f, 0xd2, 0xff, 0xff, 0xff, 0xff, 0xff, 0xff,
    0xff, 0x40, 0x0, 0x2, 0xfe, 0x0, 0x0, 0x0,
    0x0, 0x0, 0x0, 0x0, 0x0,

    /* U+5730 "地" */
    0x0, 0x0, 0x0, 0x0, 0x0, 0x0, 0x0, 0x65,
    0x0, 0x0, 0x0, 0x0, 0xe, 0xf2, 0x0, 0x0,
    0x0, 0x0, 0xfd, 0x0, 0x0, 0x0, 0x0, 0xd,
    0xf1, 0x0, 0x0, 0x0, 0x0, 0xfc, 0x0, 0x0,
    0x0, 0x0, 0xd, 0xf1, 0x0, 0xb, 0xe0, 0x0,
    0xfc, 0x0, 0x0, 0x0, 0x0, 0xc, 0xf1, 0x0,
    0xc, 0xf0, 0x0, 0xfc, 0x0, 0x0, 0x0, 0x0,
    0xc, 0xf1, 0x0, 0xb, 0xf0, 0x0, 0xfc, 0x0,
    0x6, 0x20, 0x0, 0xc, 0xf1, 0x0, 0xb, 0xf0,
    0x0, 0xfd, 0x4a, 0xff, 0x20, 0x8b, 0xbe, 0xfb,
    0xb9, 0xb, 0xf0, 0x5, 0xff, 0xff, 0xff, 0x20,
    0xbf, 0xef, 0xfe, 0xfc, 0xb, 0xfa, 0xff, 0xff,
    0x71, 0xaf, 0x20, 0x0, 0xc, 0xf1, 0x5, 0x9f,
    0xff, 0xd7, 0xfc, 0x0, 0xaf, 0x20, 0x0, 0xc,
    0xf1, 0xe, 0xff, 0xf2, 0x0, 0xfc, 0x0, 0xaf,
    0x20, 0x0, 0xc, 0xf1, 0x4, 0x3b, 0xf0, 0x0,
    0xfc, 0x0, 0xaf, 0x20, 0x0, 0xc, 0xf1, 0x0,
    0xb, 0xf0, 0x0, 0xfc, 0x0, 0xaf, 0x20, 0x0,
    0xc, 0xf1, 0x0, 0xb, 0xf0, 0x0, 0xfc, 0x0,
    0xbf, 0x10, 0x0, 0xc, 0xf1, 0x0, 0xb, 0xf0,
    0x0, 0xfc, 0x5c, 0xfe, 0x0, 0x0, 0xc, 0xf1,
    0x2, 0xb, 0xf0, 0x0, 0xfc, 0x5f, 0xd3, 0x0,
    0x0, 0xc, 0xf7, 0xbf, 0xb, 0xf0, 0x0, 0xfd,
    0x4, 0x0, 0x0, 0x4, 0x9f, 0xff, 0xfa, 0xb,
    0xf0, 0x0, 0xeb, 0x0, 0x2, 0x50, 0xbf, 0xff,
    0xa5, 0x0, 0xb, 0xf0, 0x0, 0x0, 0x0, 0x6,
    0xfc, 0x4c, 0x50, 0x0, 0x0, 0xa, 0xf6, 0x0,
    0x0, 0x0, 0x2d, 0xf7, 0x0, 0x0, 0x0, 0x0,
    0x5, 0xff, 0xff, 0xff, 0xff, 0xff, 0xe1, 0x0,
    0x0, 0x0, 0x0, 0x0, 0x48, 0x88, 0x88, 0x88,
    0x86, 0x10,

    /* U+57CE "城" */
    0x0, 0x0, 0x0, 0x0, 0x0, 0x0, 0x0, 0x2b,
    0x70, 0x16, 0x0, 0x0, 0x0, 0x9, 0xd2, 0x0,
    0x0, 0x0, 0x0, 0x3f, 0xa0, 0xdf, 0x50, 0x0,
    0x0, 0xa, 0xf1, 0x0, 0x0, 0x0, 0x0, 0x2f,
    0x90, 0x4f, 0xe1, 0x0, 0x0, 0x9, 0xf1, 0x0,
    0x0, 0x0, 0x0, 0x1f, 0x90, 0x8, 0xb2, 0x0,
    0x0, 0x9, 0xf1, 0x0, 0x68, 0x88, 0x88, 0x9f,
    0xd8, 0x89, 0x9a, 0x0, 0x0, 0x9, 0xf1, 0x0,
    0xaf, 0xff, 0xff, 0xff, 0xff, 0xff, 0xff, 0x0,
    0x4, 0x3b, 0xf4, 0x41, 0xaf, 0x10, 0x0, 0xf,
    0xb0, 0x1, 0x12, 0x0, 0xf, 0xff, 0xff, 0xf4,
    0xaf, 0x10, 0x0, 0xe, 0xc0, 0x0, 0x0, 0x0,
    0x6, 0x5b, 0xf6, 0x61, 0x9f, 0x10, 0x0, 0xd,
    0xd0, 0x7, 0x71, 0x0, 0x0, 0x9, 0xf1, 0x0,
    0x9f, 0x98, 0x88, 0x1b, 0xf0, 0xc, 0xf4, 0x0,
    0x0, 0x9, 0xf1, 0x0, 0x9f, 0xff, 0xff, 0x1a,
    0xf0, 0xe, 0xf0, 0x0, 0x0, 0x9, 0xf1, 0x0,
    0xaf, 0x10, 0x8f, 0x18, 0xf2, 0x1f, 0xb0, 0x0,
    0x0, 0x9, 0xf1, 0x0, 0xaf, 0x0, 0x8f, 0x15,
    0xf5, 0x4f, 0x70, 0x0, 0x0, 0x9, 0xf1, 0x0,
    0xbf, 0x0, 0x9f, 0x3, 0xf8, 0x8f, 0x30, 0x0,
    0x0, 0x9, 0xf1, 0x1, 0xee, 0x0, 0x9f, 0x0,
    0xfb, 0xde, 0x0, 0x0, 0x0, 0x9, 0xfc, 0xf5,
    0xfb, 0x0, 0x9f, 0x0, 0xbf, 0xf9, 0x0, 0x0,
    0x29, 0xdf, 0xfe, 0x98, 0xf7, 0x0, 0xcf, 0x0,
    0x6f, 0xf3, 0x0, 0x0, 0xe, 0xfa, 0x40, 0xd,
    0xf1, 0xaf, 0xfc, 0x0, 0xbf, 0xf1, 0x5, 0x0,
    0x5, 0x10, 0x0, 0x6f, 0xa0, 0x6f, 0xc2, 0x9,
    0xfe, 0xfa, 0xd, 0xd0, 0x0, 0x0, 0x3, 0xff,
    0x20, 0x11, 0x1, 0xbf, 0xc0, 0xbf, 0xdf, 0xc0,
    0x0, 0x0, 0x1e, 0xf7, 0x0, 0x0, 0x5f, 0xfc,
    0x10, 0x1e, 0xff, 0x60, 0x0, 0x0, 0x3, 0x80,
    0x0, 0x0, 0x1d, 0x90, 0x0, 0x1, 0xbc, 0x0,
    0x0, 0x0, 0x0, 0x0, 0x0, 0x0, 0x0, 0x0,
    0x0, 0x0, 0x0, 0x0,

    /* U+591A "多" */
    0x0, 0x0, 0x0, 0x3, 0x10, 0x0, 0x0, 0x0,
    0x0, 0x0, 0x0, 0x0, 0x0, 0x1, 0xee, 0x10,
    0x0, 0x0, 0x0, 0x0, 0x0, 0x0, 0x0, 0x1,
    0xdf, 0x61, 0x11, 0x11, 0x11, 0x10, 0x0, 0x0,
    0x0, 0x2, 0xdf, 0xff, 0xff, 0xff, 0xff, 0xff,
    0x30, 0x0, 0x0, 0x5, 0xff, 0x65, 0x55, 0x55,
    0x55, 0xdf, 0x70, 0x0, 0x0, 0x2a, 0xfd, 0x22,
    0x40, 0x0, 0x0, 0x7f, 0xa0, 0x0, 0x0, 0x3f,
    0xf9, 0x0, 0xdf, 0x50, 0x0, 0x8f, 0xb0, 0x0,
    0x0, 0x0, 0x54, 0x0, 0x2, 0xef, 0x41, 0xbf,
    0xb0, 0x0, 0x0, 0x0, 0x0, 0x0, 0x0, 0x3,
    0xff, 0xef, 0x80, 0x0, 0x0, 0x0, 0x0, 0x0,
    0x0, 0x0, 0x6e, 0xfc, 0x5b, 0x20, 0x0, 0x0,
    0x0, 0x0, 0x2, 0x6a, 0xff, 0xc5, 0x1d, 0xf9,
    0x0, 0x0, 0x0, 0x6, 0xcf, 0xff, 0xe9, 0x30,
    0x2e, 0xfd, 0x77, 0x77, 0x77, 0x70, 0xe, 0xd8,
    0x40, 0x0, 0x5f, 0xff, 0xff, 0xff, 0xff, 0xfb,
    0x0, 0x0, 0x0, 0x1, 0xaf, 0xf5, 0x0, 0x0,
    0x0, 0xcf, 0x30, 0x0, 0x0, 0x18, 0xff, 0xb2,
    0x40, 0x0, 0x0, 0x7f, 0xa0, 0x0, 0x2, 0xaf,
    0xfd, 0x50, 0xaf, 0x60, 0x0, 0x4f, 0xe1, 0x0,
    0x0, 0xb, 0xd5, 0x0, 0x2, 0xef, 0x60, 0x4f,
    0xf3, 0x0, 0x0, 0x0, 0x0, 0x0, 0x0, 0x2,
    0xef, 0xaf, 0xe3, 0x0, 0x0, 0x0, 0x0, 0x0,
    0x0, 0x0, 0x19, 0xff, 0xc2, 0x0, 0x0, 0x0,
    0x0, 0x0, 0x0, 0x26, 0xbf, 0xfe, 0x60, 0x0,
    0x0, 0x0, 0x26, 0x67, 0xac, 0xef, 0xff, 0xb5,
    0x0, 0x0, 0x0, 0x0, 0x1, 0xef, 0xff, 0xfe,
    0xa6, 0x10, 0x0, 0x0, 0x0, 0x0, 0x0, 0x5,
    0x86, 0x31, 0x0, 0x0, 0x0, 0x0, 0x0, 0x0,
    0x0, 0x0,

    /* U+5927 "大" */
    0x0, 0x0, 0x0, 0x0, 0x0, 0x14, 0x20, 0x0,
    0x0, 0x0, 0x0, 0x0, 0x0, 0x0, 0x0, 0x0,
    0x2, 0xff, 0x20, 0x0, 0x0, 0x0, 0x0, 0x0,
    0x0, 0x0, 0x0, 0x0, 0x1f, 0xf0, 0x0, 0x0,
    0x0, 0x0, 0x0, 0x0, 0x0, 0x0, 0x0, 0x1,
    0xfe, 0x0, 0x0, 0x0, 0x0, 0x0, 0x0, 0x0,
    0x0, 0x0, 0x0, 0x1f, 0xd0, 0x0, 0x0, 0x0,
    0x0, 0x0, 0x0, 0x0, 0x0, 0x0, 0x1, 0xfd,
    0x0, 0x0, 0x0, 0x0, 0x0, 0x0, 0x0, 0x0,
    0x0, 0x0, 0x1f, 0xc0, 0x0, 0x0, 0x0, 0x0,
    0x0, 0xe, 0xee, 0xdd, 0xdd, 0xdd, 0xff, 0xdd,
    0xdd, 0xdd, 0xde, 0xf3, 0x0, 0xff, 0xff, 0xff,
    0xff, 0xff, 0xff, 0xff, 0xff, 0xff, 0xff, 0x30,
    0x0, 0x0, 0x0, 0x0, 0x5, 0xff, 0x0, 0x0,
    0x0, 0x0, 0x0, 0x0, 0x0, 0x0, 0x0, 0x0,
    0x8f, 0xf5, 0x0, 0x0, 0x0, 0x0, 0x0, 0x0,
    0x0, 0x0, 0x0, 0xe, 0xff, 0xd0, 0x0, 0x0,
    0x0, 0x0, 0x0, 0x0, 0x0, 0x0, 0x4, 0xfa,
    0x9f, 0x50, 0x0, 0x0, 0x0, 0x0, 0x0, 0x0,
    0x0, 0x0, 0xdf, 0x31, 0xfe, 0x0, 0x0, 0x0,
    0x0, 0x0, 0x0, 0x0, 0x0, 0x7f, 0xb0, 0x7,
    0xfa, 0x0, 0x0, 0x0, 0x0, 0x0, 0x0, 0x0,
    0x3f, 0xf2, 0x0, 0xc, 0xf7, 0x0, 0x0, 0x0,
    0x0, 0x0, 0x0, 0x2e, 0xf5, 0x0, 0x0, 0x2e,
    0xf6, 0x0, 0x0, 0x0, 0x0, 0x0, 0x5f, 0xf9,
    0x0, 0x0, 0x0, 0x4f, 0xf7, 0x0, 0x0, 0x0,
    0x1, 0xaf, 0xfa, 0x0, 0x0, 0x0, 0x0, 0x6f,
    0xfb, 0x10, 0x0, 0x29, 0xff, 0xf7, 0x0, 0x0,
    0x0, 0x0, 0x0, 0x6f, 0xfe, 0x70, 0xb, 0xff,
    0xd3, 0x0, 0x0, 0x0, 0x0, 0x0, 0x0, 0x3e,
    0xff, 0x30, 0xd, 0x70, 0x0, 0x0, 0x0, 0x0,
    0x0, 0x0, 0x0, 0x19, 0x60, 0x0, 0x0, 0x0,
    0x0, 0x0, 0x0, 0x0, 0x0, 0x0, 0x0, 0x0,
    0x0,

    /* U+5929 "天" */
    0x0, 0x0, 0x32, 0x22, 0x22, 0x22, 0x22, 0x22,
    0x22, 0x33, 0x0, 0x0, 0x0, 0x4, 0xff, 0xff,
    0xff, 0xff, 0xff, 0xff, 0xff, 0xff, 0x20, 0x0,
    0x0, 0x2, 0xba, 0xaa, 0xaa, 0xaf, 0xfa, 0xaa,
    0xaa, 0xab, 0x10, 0x0, 0x0, 0x0, 0x0, 0x0,
    0x0, 0xf, 0xf0, 0x0, 0x0, 0x0, 0x0, 0x0,
    0x0, 0x0, 0x0, 0x0, 0x0, 0xf, 0xf0, 0x0,
    0x0, 0x0, 0x0, 0x0, 0x0, 0x0, 0x0, 0x0,
    0x0, 0xf, 0xf0, 0x0, 0x0, 0x0, 0x0, 0x0,
    0x0, 0x0, 0x0, 0x0, 0x0, 0xf, 0xf0, 0x0,
    0x0, 0x0, 0x0, 0x0, 0x0, 0xac, 0xbb, 0xbb,
    0xbb, 0xbf, 0xfb, 0xbb, 0xbb, 0xbb, 0xcc, 0x10,
    0x0, 0xdf, 0xff, 0xff, 0xff, 0xff, 0xff, 0xff,
    0xff, 0xff, 0xff, 0x20, 0x0, 0x11, 0x10, 0x0,
    0x0, 0x6f, 0xf7, 0x0, 0x0, 0x0, 0x11, 0x0,
    0x0, 0x0, 0x0, 0x0, 0x0, 0xbf, 0xfd, 0x0,
    0x0, 0x0, 0x0, 0x0, 0x0, 0x0, 0x0, 0x0,
    0x1, 0xfe, 0xaf, 0x50, 0x0, 0x0, 0x0, 0x0,
    0x0, 0x0, 0x0, 0x0, 0x9, 0xf8, 0x2f, 0xd0,
    0x0, 0x0, 0x0, 0x0, 0x0, 0x0, 0x0, 0x0,
    0x3f, 0xf1, 0x9, 0xf9, 0x0, 0x0, 0x0, 0x0,
    0x0, 0x0, 0x0, 0x1, 0xdf, 0x80, 0x1, 0xef,
    0x60, 0x0, 0x0, 0x0, 0x0, 0x0, 0x0, 0x1c,
    0xfd, 0x0, 0x0, 0x4f, 0xf6, 0x0, 0x0, 0x0,
    0x0, 0x0, 0x3, 0xdf, 0xe2, 0x0, 0x0, 0x6,
    0xff, 0x80, 0x0, 0x0, 0x0, 0x0, 0x8f, 0xfd,
    0x20, 0x0, 0x0, 0x0, 0x6f, 0xfd, 0x60, 0x0,
    0x1, 0x7e, 0xff, 0xa1, 0x0, 0x0, 0x0, 0x0,
    0x3, 0xdf, 0xfe, 0x90, 0xb, 0xff, 0xe5, 0x0,
    0x0, 0x0, 0x0, 0x0, 0x0, 0x8, 0xff, 0x50,
    0x0, 0xb7, 0x0, 0x0, 0x0, 0x0, 0x0, 0x0,
    0x0, 0x0, 0x4, 0x0,

    /* U+5939 "夹" */
    0x0, 0x0, 0x0, 0x0, 0x0, 0x11, 0x0, 0x0,
    0x0, 0x0, 0x0, 0x0, 0x0, 0x0, 0x0, 0x0,
    0xef, 0x0, 0x0, 0x0, 0x0, 0x0, 0x0, 0x0,
    0x0, 0x0, 0x0, 0xdf, 0x0, 0x0, 0x0, 0x0,
    0x0, 0x0, 0x0, 0x0, 0x0, 0x0, 0xdf, 0x0,
    0x0, 0x0, 0x0, 0x0, 0x0, 0x89, 0x88, 0x88,
    0x88, 0xef, 0x88, 0x88, 0x88, 0x99, 0x0, 0x0,
    0xdf, 0xff, 0xff, 0xff, 0xff, 0xff, 0xff, 0xff,
    0xff, 0x0, 0x0, 0x0, 0x42, 0x0, 0x0, 0xde,
    0x0, 0x0, 0x7, 0x10, 0x0, 0x0, 0x5, 0xfc,
    0x0, 0x0, 0xee, 0x0, 0x0, 0x4f, 0xe1, 0x0,
    0x0, 0x0, 0xbf, 0x80, 0x0, 0xed, 0x0, 0x0,
    0xcf, 0x50, 0x0, 0x0, 0x0, 0x2f, 0xf2, 0x0,
    0xfd, 0x0, 0x5, 0xfb, 0x0, 0x0, 0x0, 0x0,
    0x9, 0xf8, 0x0, 0xfc, 0x0, 0x2f, 0xf2, 0x0,
    0x0, 0x1, 0x10, 0x2, 0x40, 0x1, 0xfc, 0x0,
    0x19, 0x80, 0x1, 0x10, 0xf, 0xff, 0xff, 0xff,
    0xff, 0xff, 0xff, 0xff, 0xff, 0xff, 0xf3, 0x9,
    0x98, 0x88, 0x88, 0x8b, 0xff, 0xfa, 0x88, 0x88,
    0x89, 0x92, 0x0, 0x0, 0x0, 0x0, 0xa, 0xf4,
    0xfb, 0x0, 0x0, 0x0, 0x0, 0x0, 0x0, 0x0,
    0x0, 0x2f, 0xd0, 0x8f, 0x60, 0x0, 0x0, 0x0,
    0x0, 0x0, 0x0, 0x0, 0xdf, 0x40, 0xc, 0xf4,
    0x0, 0x0, 0x0, 0x0, 0x0, 0x0, 0x1c, 0xf8,
    0x0, 0x2, 0xef, 0x50, 0x0, 0x0, 0x0, 0x0,
    0x4, 0xef, 0x90, 0x0, 0x0, 0x3f, 0xf8, 0x0,
    0x0, 0x0, 0x3, 0xbf, 0xf7, 0x0, 0x0, 0x0,
    0x2, 0xef, 0xd4, 0x0, 0x7, 0xcf, 0xfc, 0x30,
    0x0, 0x0, 0x0, 0x0, 0x1c, 0xff, 0xc3, 0xb,
    0xfd, 0x50, 0x0, 0x0, 0x0, 0x0, 0x0, 0x0,
    0x7f, 0xc0, 0x2, 0x40, 0x0, 0x0, 0x0, 0x0,
    0x0, 0x0, 0x0, 0x1, 0x20,

    /* U+5B81 "宁" */
    0x0, 0x0, 0x0, 0x0, 0x0, 0x71, 0x0, 0x0,
    0x0, 0x0, 0x0, 0x0, 0x0, 0x0, 0x0, 0xb,
    0xfa, 0x0, 0x0, 0x0, 0x0, 0x0, 0x0, 0x0,
    0x0, 0x0, 0x2, 0xff, 0x30, 0x0, 0x0, 0x0,
    0x0, 0x0, 0x0, 0x0, 0x0, 0x0, 0xac, 0x40,
    0x0, 0x0, 0x0, 0x0, 0x1f, 0xff, 0xff, 0xff,
    0xff, 0xff, 0xff, 0xff, 0xff, 0xff, 0xf3, 0xf,
    0xfa, 0xaa, 0xaa, 0xaa, 0xaa, 0xaa, 0xaa, 0xaa,
    0xae, 0xf3, 0xf, 0xf2, 0x0, 0x0, 0x0, 0x0,
    0x0, 0x0, 0x0, 0xc, 0xf2, 0x1f, 0xf2, 0x0,
    0x0, 0x0, 0x0, 0x0, 0x0, 0x0, 0xc, 0xf3,
    0x4, 0x40, 0x0, 0x0, 0x0, 0x0, 0x0, 0x0,
    0x0, 0x5, 0x71, 0x2, 0x11, 0x0, 0x0, 0x0,
    0x0, 0x0, 0x0, 0x0, 0x1, 0x10, 0xf, 0xff,
    0xff, 0xff, 0xff, 0xff, 0xff, 0xff, 0xff, 0xff,
    0xf1, 0x9, 0x98, 0x88, 0x88, 0x88, 0xff, 0x98,
    0x88, 0x88, 0x99, 0x90, 0x0, 0x0, 0x0, 0x0,
    0x0, 0xef, 0x10, 0x0, 0x0, 0x0, 0x0, 0x0,
    0x0, 0x0, 0x0, 0x0, 0xef, 0x10, 0x0, 0x0,
    0x0, 0x0, 0x0, 0x0, 0x0, 0x0, 0x0, 0xef,
    0x10, 0x0, 0x0, 0x0, 0x0, 0x0, 0x0, 0x0,
    0x0, 0x0, 0xef, 0x10, 0x0, 0x0, 0x0, 0x0,
    0x0, 0x0, 0x0, 0x0, 0x0, 0xef, 0x10, 0x0,
    0x0, 0x0, 0x0, 0x0, 0x0, 0x0, 0x0, 0x0,
    0xef, 0x10, 0x0, 0x0, 0x0, 0x0, 0x0, 0x0,
    0x0, 0x0, 0x0, 0xef, 0x10, 0x0, 0x0, 0x0,
    0x0, 0x0, 0x0, 0x0, 0x0, 0x0, 0xef, 0x10,
    0x0, 0x0, 0x0, 0x0, 0x0, 0x0, 0x0, 0x7,
    0xbd, 0xff, 0x0, 0x0, 0x0, 0x0, 0x0, 0x0,
    0x0, 0x0, 0x5, 0xff, 0xf9, 0x0, 0x0, 0x0,
    0x0, 0x0, 0x0, 0x0, 0x0, 0x0, 0x42, 0x0,
    0x0, 0x0, 0x0, 0x0, 0x0,

    /* U+5BC6 "密" */
    0x0, 0x0, 0x0, 0x0, 0x0, 0x4, 0x20, 0x0,
    0x0, 0x0, 0x0, 0x0, 0x0, 0x0, 0x0, 0x0,
    0xb, 0xf9, 0x0, 0x0, 0x0, 0x0, 0x0, 0x0,
    0x0, 0x0, 0x0, 0x0, 0x6f, 0xe0, 0x0, 0x0,
    0x0, 0x0, 0x0, 0xf, 0xff, 0xff, 0xff, 0xff,
    0xff, 0xff, 0xff, 0xff, 0xff, 0xb0, 0x0, 0xef,
    0x98, 0x88, 0x88, 0xa9, 0x88, 0x88, 0x88, 0x8a,
    0xfb, 0x0, 0xe, 0xf1, 0x0, 0x0, 0x4f, 0xc0,
    0x0, 0x0, 0x0, 0x4f, 0xb0, 0x0, 0xbc, 0x10,
    0x0, 0x1, 0xbf, 0xc1, 0xa, 0x70, 0x3, 0xb8,
    0x0, 0x0, 0x2a, 0x50, 0xbc, 0x20, 0xc9, 0x8,
    0xff, 0x50, 0x31, 0x0, 0x0, 0x8, 0xf9, 0xd,
    0xf2, 0x0, 0xa, 0xfd, 0x30, 0x6f, 0xc0, 0x0,
    0x0, 0xef, 0x30, 0xdf, 0x20, 0x3d, 0xf9, 0x0,
    0x0, 0xdf, 0x80, 0x0, 0x6f, 0xc0, 0xd, 0xf3,
    0x9f, 0xe4, 0x0, 0x45, 0x2, 0xff, 0x20, 0x0,
    0x43, 0x0, 0xdf, 0xff, 0x81, 0x0, 0xa, 0xfa,
    0x5, 0x30, 0x0, 0x0, 0x5, 0xaf, 0xff, 0xca,
    0xaa, 0xac, 0xff, 0x30, 0x0, 0x0, 0x68, 0xcf,
    0xff, 0xce, 0xff, 0xff, 0xff, 0xfd, 0x60, 0x0,
    0x0, 0xa, 0xff, 0xc7, 0x20, 0x0, 0x2, 0x20,
    0x0, 0x0, 0x0, 0x0, 0x0, 0x26, 0x12, 0x30,
    0x0, 0x0, 0xef, 0x20, 0x0, 0x6, 0x81, 0x0,
    0x0, 0x0, 0xbf, 0x30, 0x0, 0xd, 0xf1, 0x0,
    0x0, 0xdf, 0x20, 0x0, 0x0, 0xa, 0xf2, 0x0,
    0x0, 0xcf, 0x10, 0x0, 0xc, 0xf1, 0x0, 0x0,
    0x0, 0xaf, 0x20, 0x0, 0xc, 0xf1, 0x0, 0x0,
    0xcf, 0x10, 0x0, 0x0, 0xa, 0xf2, 0x0, 0x0,
    0xcf, 0x10, 0x0, 0xc, 0xf1, 0x0, 0x0, 0x0,
    0xaf, 0xff, 0xff, 0xff, 0xff, 0xff, 0xff, 0xff,
    0x10, 0x0, 0x0, 0x5, 0x88, 0x88, 0x88, 0x88,
    0x88, 0x88, 0x8e, 0xf2, 0x0,

    /* U+5C0F "小" */
    0x0, 0x0, 0x0, 0x0, 0x0, 0x45, 0x0, 0x0,
    0x0, 0x0, 0x0, 0x0, 0x0, 0x0, 0x0, 0x0,
    0xef, 0x10, 0x0, 0x0, 0x0, 0x0, 0x0, 0x0,
    0x0, 0x0, 0x0, 0xef, 0x0, 0x0, 0x0, 0x0,
    0x0, 0x0, 0x0, 0x0, 0x0, 0x0, 0xdf, 0x0,
    0x0, 0x0, 0x0, 0x0, 0x0, 0x0, 0x0, 0x0,
    0x0, 0xdf, 0x0, 0x0, 0x0, 0x0, 0x0, 0x0,
    0x0, 0x0, 0x0, 0x0, 0xdf, 0x0, 0x0, 0x0,
    0x0, 0x0, 0x0, 0x0, 0x21, 0x0, 0x0, 0xdf,
    0x0, 0x0, 0x30, 0x0, 0x0, 0x0, 0x0, 0x9f,
    0x80, 0x0, 0xdf, 0x0, 0xd, 0xf1, 0x0, 0x0,
    0x0, 0x0, 0xef, 0x50, 0x0, 0xdf, 0x0, 0x9,
    0xf9, 0x0, 0x0, 0x0, 0x3, 0xfe, 0x0, 0x0,
    0xdf, 0x0, 0x1, 0xff, 0x20, 0x0, 0x0, 0x8,
    0xf9, 0x0, 0x0, 0xdf, 0x0, 0x0, 0x8f, 0xa0,
    0x0, 0x0, 0xe, 0xf3, 0x0, 0x0, 0xdf, 0x0,
    0x0, 0x1f, 0xf3, 0x0, 0x0, 0x5f, 0xd0, 0x0,
    0x0, 0xdf, 0x0, 0x0, 0x8, 0xfa, 0x0, 0x0,
    0xbf, 0x70, 0x0, 0x0, 0xdf, 0x0, 0x0, 0x1,
    0xff, 0x20, 0x3, 0xff, 0x10, 0x0, 0x0, 0xdf,
    0x0, 0x0, 0x0, 0xaf, 0x90, 0xb, 0xfa, 0x0,
    0x0, 0x0, 0xdf, 0x0, 0x0, 0x0, 0x3f, 0xc0,
    0x7, 0xe3, 0x0, 0x0, 0x0, 0xdf, 0x0, 0x0,
    0x0, 0x4, 0x0, 0x0, 0x0, 0x0, 0x0, 0x0,
    0xdf, 0x0, 0x0, 0x0, 0x0, 0x0, 0x0, 0x0,
    0x0, 0x0, 0x0, 0xdf, 0x0, 0x0, 0x0, 0x0,
    0x0, 0x0, 0x0, 0x0, 0x0, 0x0, 0xff, 0x0,
    0x0, 0x0, 0x0, 0x0, 0x0, 0x0, 0x0, 0xa,
    0xef, 0xfd, 0x0, 0x0, 0x0, 0x0, 0x0, 0x0,
    0x0, 0x0, 0x4, 0xff, 0xc4, 0x0, 0x0, 0x0,
    0x0, 0x0, 0x0, 0x0, 0x0, 0x0, 0x30, 0x0,
    0x0, 0x0, 0x0, 0x0, 0x0,

    /* U+5DDE "州" */
    0x0, 0x0, 0xa, 0x80, 0x0, 0x0, 0x0, 0x0,
    0x0, 0xba, 0x0, 0x0, 0xf, 0xc0, 0x0, 0x8,
    0xb0, 0x0, 0x0, 0xfe, 0x0, 0x0, 0xf, 0xb0,
    0x0, 0xb, 0xf0, 0x0, 0x0, 0xfd, 0x0, 0x0,
    0xf, 0xb0, 0x0, 0xb, 0xf0, 0x0, 0x0, 0xfd,
    0x0, 0x0, 0xf, 0xb0, 0x0, 0xb, 0xf0, 0x0,
    0x0, 0xfd, 0x0, 0x0, 0xf, 0xb0, 0x0, 0xb,
    0xf0, 0x0, 0x0, 0xfd, 0x2, 0xb6, 0xf, 0xb2,
    0x90, 0xb, 0xf0, 0x43, 0x0, 0xfd, 0x5, 0xf8,
    0xf, 0xb7, 0xf5, 0xb, 0xf1, 0xfb, 0x0, 0xfd,
    0x7, 0xf6, 0xf, 0xb1, 0xfa, 0xb, 0xf0, 0x9f,
    0x30, 0xfd, 0x9, 0xf3, 0xf, 0xb0, 0xbf, 0xb,
    0xf0, 0x2f, 0xa0, 0xfd, 0xc, 0xf0, 0xf, 0xb0,
    0x7f, 0x4b, 0xf0, 0xb, 0xf1, 0xfd, 0xf, 0xd0,
    0xf, 0xa0, 0x2f, 0x8b, 0xf0, 0x5, 0xf5, 0xfd,
    0x2e, 0xa0, 0x1f, 0x90, 0x1, 0xb, 0xf0, 0x0,
    0x20, 0xfd, 0x0, 0x0, 0x4f, 0x70, 0x0, 0xb,
    0xf0, 0x0, 0x0, 0xfd, 0x0, 0x0, 0x7f, 0x40,
    0x0, 0xb, 0xf0, 0x0, 0x0, 0xfd, 0x0, 0x0,
    0xcf, 0x0, 0x0, 0xb, 0xf0, 0x0, 0x0, 0xfd,
    0x0, 0x2, 0xfc, 0x0, 0x0, 0xb, 0xf0, 0x0,
    0x0, 0xfd, 0x0, 0xa, 0xf6, 0x0, 0x0, 0xb,
    0xf0, 0x0, 0x0, 0xfd, 0x0, 0x4f, 0xe0, 0x0,
    0x0, 0xb, 0xf0, 0x0, 0x0, 0xfd, 0x1, 0xef,
    0x50, 0x0, 0x0, 0xc, 0xf0, 0x0, 0x0, 0xfd,
    0x6, 0xea, 0x0, 0x0, 0x0, 0x0, 0x0, 0x0,
    0x0, 0xfe, 0x0, 0x11, 0x0, 0x0, 0x0, 0x0,
    0x0, 0x0, 0x0, 0x0,

    /* U+5E02 "市" */
    0x0, 0x0, 0x0, 0x0, 0x4, 0x70, 0x0, 0x0,
    0x0, 0x0, 0x0, 0x0, 0x0, 0x0, 0x0, 0xe,
    0xf5, 0x0, 0x0, 0x0, 0x0, 0x0, 0x0, 0x0,
    0x0, 0x0, 0x3, 0xff, 0x20, 0x0, 0x0, 0x0,
    0x0, 0x0, 0x0, 0x0, 0x0, 0x0, 0x8c, 0x30,
    0x0, 0x0, 0x0, 0x0, 0x7d, 0xcc, 0xcc, 0xcc,
    0xcc, 0xcc, 0xcc, 0xcc, 0xcc, 0xcc, 0xc9, 0x9f,
    0xff, 0xff, 0xff, 0xff, 0xff, 0xff, 0xff, 0xff,
    0xff, 0xfb, 0x0, 0x0, 0x0, 0x0, 0x0, 0xdf,
    0x20, 0x0, 0x0, 0x0, 0x0, 0x0, 0x0, 0x0,
    0x0, 0x0, 0xdf, 0x20, 0x0, 0x0, 0x0, 0x0,
    0x0, 0x0, 0x0, 0x0, 0x0, 0xdf, 0x20, 0x0,
    0x0, 0x0, 0x0, 0x0, 0x1f, 0xff, 0xff, 0xff,
    0xff, 0xff, 0xff, 0xff, 0xf2, 0x0, 0x0, 0x1f,
    0xfb, 0xbb, 0xbb, 0xff, 0xcb, 0xbb, 0xbf, 0xf2,
    0x0, 0x0, 0x1f, 0xe0, 0x0, 0x0, 0xdf, 0x20,
    0x0, 0xe, 0xf1, 0x0, 0x0, 0xf, 0xe0, 0x0,
    0x0, 0xdf, 0x20, 0x0, 0xe, 0xf1, 0x0, 0x0,
    0xf, 0xe0, 0x0, 0x0, 0xdf, 0x20, 0x0, 0xe,
    0xf1, 0x0, 0x0, 0xf, 0xe0, 0x0, 0x0, 0xdf,
    0x20, 0x0, 0xe, 0xf1, 0x0, 0x0, 0xf, 0xe0,
    0x0, 0x0, 0xdf, 0x20, 0x0, 0xe, 0xf1, 0x0,
    0x0, 0xf, 0xe0, 0x0, 0x0, 0xdf, 0x20, 0x0,
    0xe, 0xf1, 0x0, 0x0, 0x1f, 0xe0, 0x0, 0x0,
    0xdf, 0x20, 0x24, 0x5f, 0xf0, 0x0, 0x0, 0x1f,
    0xe0, 0x0, 0x0, 0xdf, 0x20, 0x7f, 0xff, 0xb0,
    0x0, 0x0, 0x1e, 0xd0, 0x0, 0x0, 0xdf, 0x20,
    0x1e, 0xc7, 0x0, 0x0, 0x0, 0x0, 0x0, 0x0,
    0x0, 0xdf, 0x20, 0x0, 0x0, 0x0, 0x0, 0x0,
    0x0, 0x0, 0x0, 0x0, 0xef, 0x30, 0x0, 0x0,
    0x0, 0x0,

    /* U+5E74 "年" */
    0x0, 0x0, 0x0, 0x6, 0x10, 0x0, 0x0, 0x0,
    0x0, 0x0, 0x0, 0x0, 0x0, 0x0, 0x6, 0xff,
    0x40, 0x0, 0x0, 0x0, 0x0, 0x0, 0x0, 0x0,
    0x0, 0x0, 0xdf, 0x90, 0x0, 0x0, 0x0, 0x0,
    0x0, 0x0, 0x0, 0x0, 0x0, 0x7f, 0xf1, 0x0,
    0x0, 0x0, 0x0, 0x1, 0x11, 0x0, 0x0, 0x0,
    0x2f, 0xff, 0xff, 0xff, 0xff, 0xff, 0xff, 0xff,
    0xf6, 0x0, 0x0, 0xc, 0xfc, 0x55, 0x55, 0x5d,
    0xf6, 0x55, 0x56, 0x66, 0x20, 0x0, 0x8, 0xff,
    0x20, 0x0, 0x0, 0xcf, 0x10, 0x0, 0x0, 0x0,
    0x0, 0x6, 0xff, 0x50, 0x0, 0x0, 0xc, 0xf1,
    0x0, 0x0, 0x0, 0x0, 0x5, 0xff, 0x90, 0x0,
    0x0, 0x0, 0xcf, 0x10, 0x0, 0x0, 0x0, 0x0,
    0x28, 0xc0, 0xcf, 0xff, 0xff, 0xff, 0xff, 0xff,
    0xff, 0xf5, 0x0, 0x0, 0x0, 0xc, 0xf7, 0x77,
    0x77, 0xef, 0x77, 0x77, 0x78, 0x30, 0x0, 0x0,
    0x0, 0xbf, 0x10, 0x0, 0xc, 0xf1, 0x0, 0x0,
    0x0, 0x0, 0x0, 0x0, 0xb, 0xf1, 0x0, 0x0,
    0xcf, 0x10, 0x0, 0x0, 0x0, 0x0, 0x0, 0x0,
    0xbf, 0x10, 0x0, 0xc, 0xf1, 0x0, 0x0, 0x0,
    0x0, 0x2, 0x11, 0x1b, 0xf1, 0x0, 0x0, 0xcf,
    0x10, 0x0, 0x0, 0x11, 0x11, 0xff, 0xff, 0xff,
    0xff, 0xff, 0xff, 0xff, 0xff, 0xff, 0xff, 0xfb,
    0x7, 0x66, 0x55, 0x55, 0x55, 0x55, 0xdf, 0x65,
    0x55, 0x55, 0x66, 0x40, 0x0, 0x0, 0x0, 0x0,
    0x0, 0xc, 0xf1, 0x0, 0x0, 0x0, 0x0, 0x0,
    0x0, 0x0, 0x0, 0x0, 0x0, 0xcf, 0x10, 0x0,
    0x0, 0x0, 0x0, 0x0, 0x0, 0x0, 0x0, 0x0,
    0xd, 0xf1, 0x0, 0x0, 0x0, 0x0, 0x0, 0x0,
    0x0, 0x0, 0x0, 0x0, 0xdf, 0x10, 0x0, 0x0,
    0x0, 0x0, 0x0, 0x0, 0x0, 0x0, 0x0, 0xe,
    0xf2, 0x0, 0x0, 0x0, 0x0,

    /* U+5EA6 "度" */
    0x0, 0x0, 0x0, 0x0, 0x0, 0x2, 0x82, 0x0,
    0x0, 0x0, 0x0, 0x0, 0x0, 0x0, 0x0, 0x0,
    0x0, 0x9f, 0x90, 0x0, 0x0, 0x0, 0x0, 0x0,
    0x0, 0x0, 0x0, 0x0, 0x3, 0xfe, 0x0, 0x0,
    0x0, 0x0, 0x0, 0x0, 0xaf, 0xff, 0xff, 0xff,
    0xff, 0xff, 0xff, 0xff, 0xff, 0x60, 0x0, 0xa,
    0xf9, 0x88, 0x88, 0x88, 0x88, 0x88, 0x88, 0x89,
    0x93, 0x0, 0x0, 0xaf, 0x20, 0x0, 0xac, 0x10,
    0x0, 0xd, 0xe0, 0x0, 0x0, 0x0, 0xa, 0xf2,
    0x0, 0xb, 0xf1, 0x0, 0x0, 0xef, 0x0, 0x0,
    0x0, 0x0, 0xaf, 0x28, 0x77, 0xdf, 0x77, 0x77,
    0x7e, 0xf7, 0x78, 0x40, 0x0, 0xa, 0xf2, 0xff,
    0xff, 0xff, 0xff, 0xff, 0xff, 0xff, 0xf7, 0x0,
    0x0, 0xaf, 0x10, 0x0, 0xbf, 0x10, 0x0, 0xe,
    0xe0, 0x0, 0x0, 0x0, 0xb, 0xf1, 0x0, 0xb,
    0xf1, 0x0, 0x0, 0xee, 0x0, 0x0, 0x0, 0x0,
    0xbf, 0x0, 0x0, 0xcf, 0xff, 0xff, 0xff, 0xf0,
    0x0, 0x0, 0x0, 0xc, 0xf0, 0x0, 0x7, 0x88,
    0x88, 0x88, 0x88, 0x0, 0x0, 0x0, 0x0, 0xde,
    0x0, 0x11, 0x0, 0x0, 0x0, 0x0, 0x0, 0x0,
    0x0, 0x0, 0xe, 0xd0, 0x7f, 0xff, 0xff, 0xff,
    0xff, 0xff, 0xf2, 0x0, 0x0, 0x1, 0xfa, 0x3,
    0x66, 0xdf, 0x65, 0x55, 0x5c, 0xf8, 0x0, 0x0,
    0x0, 0x3f, 0x80, 0x0, 0x4, 0xfa, 0x0, 0x4,
    0xfc, 0x0, 0x0, 0x0, 0x7, 0xf4, 0x0, 0x0,
    0x9, 0xf8, 0x3, 0xfd, 0x10, 0x0, 0x0, 0x0,
    0xcf, 0x10, 0x0, 0x0, 0xb, 0xfb, 0xfe, 0x20,
    0x0, 0x0, 0x0, 0x3f, 0xc0, 0x0, 0x0, 0x0,
    0x5f, 0xff, 0x91, 0x0, 0x0, 0x0, 0xa, 0xf5,
    0x0, 0x13, 0x6a, 0xef, 0xe9, 0xdf, 0xfe, 0xb8,
    0x65, 0x30, 0x7d, 0x1, 0xef, 0xff, 0xea, 0x50,
    0x0, 0x38, 0xcf, 0xff, 0xf5, 0x0, 0x0, 0x4,
    0x85, 0x10, 0x0, 0x0, 0x0, 0x0, 0x3, 0x57,
    0x0,

    /* U+5EFF "廿" */
    0x0, 0x0, 0x0, 0x43, 0x0, 0x0, 0x0, 0x4,
    0x40, 0x0, 0x0, 0x0, 0x0, 0x0, 0x1f, 0xd0,
    0x0, 0x0, 0x1, 0xfd, 0x0, 0x0, 0x0, 0x0,
    0x0, 0x1, 0xfc, 0x0, 0x0, 0x0, 0x1f, 0xd0,
    0x0, 0x0, 0x0, 0x0, 0x0, 0x1f, 0xc0, 0x0,
    0x0, 0x0, 0xfd, 0x0, 0x0, 0x0, 0x0, 0x0,
    0x1, 0xfc, 0x0, 0x0, 0x0, 0xf, 0xd0, 0x0,
    0x0, 0x0, 0x0, 0x0, 0xf, 0xc0, 0x0, 0x0,
    0x0, 0xfc, 0x0, 0x0, 0x0, 0x0, 0x0, 0x0,
    0xfc, 0x0, 0x0, 0x0, 0xf, 0xc0, 0x0, 0x0,
    0x5, 0xba, 0xaa, 0xaf, 0xea, 0xaa, 0xaa, 0xaa,
    0xfe, 0xaa, 0xaa, 0xb2, 0x7f, 0xff, 0xff, 0xff,
    0xff, 0xff, 0xff, 0xff, 0xff, 0xff, 0xff, 0x30,
    0x0, 0x0, 0xf, 0xc0, 0x0, 0x0, 0x0, 0xfc,
    0x0, 0x0, 0x0, 0x0, 0x0, 0x0, 0xfc, 0x0,
    0x0, 0x0, 0xf, 0xc0, 0x0, 0x0, 0x0, 0x0,
    0x0, 0xf, 0xc0, 0x0, 0x0, 0x0, 0xfc, 0x0,
    0x0, 0x0, 0x0, 0x0, 0x0, 0xfc, 0x0, 0x0,
    0x0, 0xf, 0xc0, 0x0, 0x0, 0x0, 0x0, 0x0,
    0xf, 0xc0, 0x0, 0x0, 0x0, 0xfc, 0x0, 0x0,
    0x0, 0x0, 0x0, 0x0, 0xfc, 0x0, 0x0, 0x0,
    0xf, 0xc0, 0x0, 0x0, 0x0, 0x0, 0x0, 0xf,
    0xc0, 0x0, 0x0, 0x0, 0xfc, 0x0, 0x0, 0x0,
    0x0, 0x0, 0x0, 0xfc, 0x0, 0x0, 0x0, 0xf,
    0xc0, 0x0, 0x0, 0x0, 0x0, 0x0, 0xf, 0xff,
    0xff, 0xff, 0xff, 0xfc, 0x0, 0x0, 0x0, 0x0,
    0x0, 0x1, 0xfe, 0xaa, 0xaa, 0xaa, 0xaf, 0xc0,
    0x0, 0x0, 0x0, 0x0, 0x0, 0x1f, 0xc0, 0x0,
    0x0, 0x0, 0xfc, 0x0, 0x0, 0x0, 0x0, 0x0,
    0x1, 0xfc, 0x0, 0x0, 0x0, 0xf, 0xd0, 0x0,
    0x0, 0x0, 0x0, 0x0, 0x1f, 0xc0, 0x0, 0x0,
    0x0, 0xfd, 0x0, 0x0, 0x0,

    /* U+5F53 "当" */
    0x0, 0x0, 0x0, 0x0, 0x3, 0x30, 0x0, 0x0,
    0x0, 0x0, 0x0, 0x0, 0x0, 0x0, 0xe, 0xf3,
    0x0, 0x0, 0x0, 0x0, 0x0, 0xa5, 0x0, 0x0,
    0xd, 0xf2, 0x0, 0x0, 0x1e, 0x60, 0x8, 0xff,
    0x30, 0x0, 0xd, 0xf2, 0x0, 0x0, 0xbf, 0xe1,
    0x0, 0xcf, 0xe1, 0x0, 0xd, 0xf2, 0x0, 0x6,
    0xff, 0x30, 0x0, 0x1e, 0xfb, 0x0, 0xd, 0xf2,
    0x0, 0x3f, 0xf5, 0x0, 0x0, 0x4, 0xff, 0x30,
    0xd, 0xf2, 0x0, 0xef, 0x80, 0x0, 0x0, 0x0,
    0x83, 0x0, 0xd, 0xf2, 0x0, 0x39, 0x0, 0x0,
    0x0, 0x0, 0x0, 0x0, 0xd, 0xf2, 0x0, 0x0,
    0x0, 0x0, 0x4f, 0xff, 0xff, 0xff, 0xff, 0xff,
    0xff, 0xff, 0xff, 0xf0, 0x3b, 0xaa, 0xaa, 0xaa,
    0xaa, 0xaa, 0xaa, 0xaa, 0xaf, 0xf0, 0x0, 0x0,
    0x0, 0x0, 0x0, 0x0, 0x0, 0x0, 0xf, 0xe0,
    0x0, 0x0, 0x0, 0x0, 0x0, 0x0, 0x0, 0x0,
    0xf, 0xe0, 0x1, 0x11, 0x10, 0x0, 0x0, 0x0,
    0x0, 0x0, 0x1f, 0xe0, 0xb, 0xff, 0xff, 0xff,
    0xff, 0xff, 0xff, 0xff, 0xff, 0xe0, 0x8, 0xbb,
    0xaa, 0xaa, 0xaa, 0xaa, 0xaa, 0xaa, 0xaf, 0xe0,
    0x0, 0x0, 0x0, 0x0, 0x0, 0x0, 0x0, 0x0,
    0xf, 0xe0, 0x0, 0x0, 0x0, 0x0, 0x0, 0x0,
    0x0, 0x0, 0xf, 0xe0, 0x11, 0x11, 0x0, 0x0,
    0x0, 0x0, 0x0, 0x0, 0x1f, 0xe0, 0x8f, 0xff,
    0xff, 0xff, 0xff, 0xff, 0xff, 0xff, 0xff, 0xe0,
    0x59, 0x99, 0x88, 0x88, 0x88, 0x88, 0x88, 0x88,
    0x9f, 0xf0, 0x0, 0x0, 0x0, 0x0, 0x0, 0x0,
    0x0, 0x0, 0xf, 0xf0,

    /* U+60E0 "惠" */
    0x0, 0x0, 0x0, 0x0, 0x0, 0x65, 0x0, 0x0,
    0x0, 0x0, 0x0, 0x0, 0x0, 0x0, 0x0, 0x1,
    0xfc, 0x0, 0x0, 0x0, 0x0, 0x0, 0x15, 0x44,
    0x44, 0x44, 0x44, 0xfc, 0x44, 0x44, 0x44, 0x44,
    0x50, 0x5f, 0xff, 0xff, 0xff, 0xff, 0xff, 0xff,
    0xff, 0xff, 0xff, 0xf1, 0x13, 0x11, 0x11, 0x11,
    0x11, 0xfc, 0x11, 0x11, 0x11, 0x11, 0x20, 0x0,
    0x4, 0x55, 0x55, 0x56, 0xfd, 0x55, 0x55, 0x55,
    0x50, 0x0, 0x0, 0xc, 0xff, 0xff, 0xff, 0xff,
    0xff, 0xff, 0xff, 0xf1, 0x0, 0x0, 0xb, 0xf1,
    0x0, 0x0, 0xfb, 0x0, 0x0, 0xd, 0xf0, 0x0,
    0x0, 0xb, 0xff, 0xff, 0xff, 0xff, 0xff, 0xff,
    0xff, 0xf0, 0x0, 0x0, 0xb, 0xf6, 0x66, 0x66,
    0xfd, 0x66, 0x66, 0x6e, 0xf0, 0x0, 0x0, 0xb,
    0xf1, 0x0, 0x0, 0xfb, 0x0, 0x0, 0xd, 0xf0,
    0x0, 0x0, 0xc, 0xff, 0xff, 0xff, 0xff, 0xff,
    0xff, 0xff, 0xf1, 0x0, 0x0, 0x4, 0x55, 0x55,
    0x56, 0xfd, 0x55, 0x55, 0xad, 0x60, 0x0, 0x0,
    0x0, 0x0, 0x0, 0x1, 0xfb, 0x12, 0x23, 0xdf,
    0xc1, 0x0, 0x9, 0xff, 0xff, 0xff, 0xff, 0xff,
    0xff, 0xff, 0xff, 0xfe, 0x40, 0x5, 0xfd, 0xca,
    0x98, 0x76, 0x54, 0x32, 0x21, 0x0, 0x8f, 0x60,
    0x0, 0x0, 0x1, 0x20, 0x2, 0xb3, 0x0, 0x0,
    0x0, 0x61, 0x0, 0x3, 0x82, 0x9, 0xf4, 0x3,
    0xfe, 0x10, 0x0, 0xa, 0xf8, 0x0, 0x9, 0xf6,
    0x9, 0xf3, 0x0, 0x8f, 0x90, 0x3, 0x1, 0xdf,
    0x80, 0x1f, 0xf0, 0x8, 0xf4, 0x0, 0x4, 0x0,
    0x3f, 0xb0, 0x2e, 0xf6, 0x8f, 0x80, 0x7, 0xfb,
    0x55, 0x55, 0x55, 0xcf, 0x90, 0x4, 0xe4, 0x6e,
    0x10, 0x3, 0xef, 0xff, 0xff, 0xff, 0xfd, 0x20,
    0x0, 0x0, 0x0, 0x0, 0x0, 0x0, 0x0, 0x0,
    0x0, 0x0, 0x0, 0x0, 0x0,

    /* U+626B "扫" */
    0x0, 0x0, 0x4, 0x51, 0x0, 0x0, 0x0, 0x0,
    0x0, 0x0, 0x0, 0x0, 0x0, 0x0, 0xef, 0x20,
    0x0, 0x0, 0x0, 0x0, 0x0, 0x0, 0x0, 0x0,
    0x0, 0xe, 0xf2, 0x0, 0x1e, 0xdd, 0xdd, 0xdd,
    0xdd, 0xdd, 0x10, 0x0, 0x0, 0xdf, 0x20, 0x1,
    0xfe, 0xee, 0xee, 0xee, 0xef, 0xf1, 0x0, 0x0,
    0xd, 0xf2, 0x0, 0x0, 0x0, 0x0, 0x0, 0x0,
    0xdf, 0x0, 0xac, 0xcb, 0xff, 0xcc, 0xc7, 0x0,
    0x0, 0x0, 0x0, 0xd, 0xf0, 0xc, 0xff, 0xff,
    0xff, 0xff, 0x80, 0x0, 0x0, 0x0, 0x0, 0xdf,
    0x0, 0x0, 0x0, 0xdf, 0x20, 0x0, 0x0, 0x0,
    0x0, 0x0, 0xd, 0xf0, 0x0, 0x0, 0xd, 0xf2,
    0x0, 0x0, 0x0, 0x0, 0x0, 0x0, 0xdf, 0x0,
    0x0, 0x0, 0xdf, 0x20, 0x40, 0x2, 0x21, 0x11,
    0x11, 0x1d, 0xf0, 0x0, 0x0, 0xd, 0xf4, 0xbf,
    0x10, 0xff, 0xff, 0xff, 0xff, 0xff, 0x0, 0x0,
    0x0, 0xdf, 0xff, 0x80, 0x9, 0x88, 0x88, 0x88,
    0x8e, 0xf0, 0x0, 0x6, 0xef, 0xf8, 0x10, 0x0,
    0x0, 0x0, 0x0, 0x0, 0xdf, 0x0, 0x9f, 0xfd,
    0xef, 0x20, 0x0, 0x0, 0x0, 0x0, 0x0, 0xd,
    0xf0, 0x7, 0xe6, 0xd, 0xf2, 0x0, 0x0, 0x0,
    0x0, 0x0, 0x0, 0xdf, 0x0, 0x1, 0x0, 0xdf,
    0x20, 0x0, 0x0, 0x0, 0x0, 0x0, 0xd, 0xf0,
    0x0, 0x0, 0xd, 0xf2, 0x0, 0x0, 0x0, 0x0,
    0x0, 0x0, 0xdf, 0x0, 0x0, 0x0, 0xdf, 0x20,
    0x1, 0x11, 0x0, 0x0, 0x0, 0xd, 0xf0, 0x0,
    0x0, 0xd, 0xf2, 0x0, 0xcf, 0xff, 0xff, 0xff,
    0xff, 0xff, 0x0, 0x0, 0x0, 0xdf, 0x20, 0x9,
    0xba, 0xaa, 0xaa, 0xaa, 0xaf, 0xf1, 0x0, 0x59,
    0xaf, 0xf0, 0x0, 0x0, 0x0, 0x0, 0x0, 0x0,
    0xdf, 0x10, 0x4, 0xff, 0xd5, 0x0, 0x0, 0x0,
    0x0, 0x0, 0x0, 0xd, 0xf1, 0x0, 0x4, 0x20,
    0x0, 0x0, 0x0, 0x0, 0x0, 0x0, 0x0, 0x0,
    0x0,

    /* U+62A5 "报" */
    0x0, 0x0, 0x4, 0x60, 0x0, 0x0, 0x0, 0x0,
    0x0, 0x0, 0x0, 0x0, 0x0, 0x0, 0xb, 0xf1,
    0x0, 0x8, 0x88, 0x88, 0x88, 0x88, 0x60, 0x0,
    0x0, 0x0, 0xb, 0xf0, 0x0, 0xf, 0xff, 0xff,
    0xff, 0xff, 0xb0, 0x0, 0x0, 0x0, 0xa, 0xf0,
    0x0, 0xf, 0xb0, 0x0, 0x0, 0x3f, 0xa0, 0x0,
    0x0, 0x0, 0xa, 0xf0, 0x0, 0xf, 0xb0, 0x0,
    0x0, 0x3f, 0x90, 0x0, 0x1, 0x10, 0xa, 0xf1,
    0x11, 0xf, 0xb0, 0x0, 0x0, 0x4f, 0x80, 0x0,
    0x9, 0xff, 0xff, 0xff, 0xff, 0x2f, 0xb0, 0x0,
    0x0, 0x7f, 0x60, 0x0, 0x5, 0x99, 0x8d, 0xf9,
    0x99, 0x1f, 0xb0, 0x4, 0xde, 0xff, 0x10, 0x0,
    0x0, 0x0, 0xa, 0xf0, 0x0, 0xf, 0xb0, 0x0,
    0xcb, 0x82, 0x0, 0x0, 0x0, 0x0, 0xa, 0xf0,
    0x0, 0xf, 0xd8, 0x88, 0x88, 0x88, 0x83, 0x0,
    0x0, 0x0, 0xa, 0xf2, 0x7c, 0xf, 0xff, 0xff,
    0xff, 0xff, 0xf3, 0x0, 0x0, 0x1, 0x5d, 0xff,
    0xfd, 0xf, 0xb6, 0xf5, 0x0, 0x1f, 0xf0, 0x0,
    0x19, 0xcf, 0xff, 0xf8, 0x30, 0xf, 0xb1, 0xf9,
    0x0, 0x4f, 0xa0, 0x0, 0xc, 0xfd, 0x8c, 0xf0,
    0x0, 0xf, 0xb0, 0xbf, 0x10, 0x9f, 0x40, 0x0,
    0x4, 0x40, 0xa, 0xf0, 0x0, 0xf, 0xb0, 0x5f,
    0x81, 0xfe, 0x0, 0x0, 0x0, 0x0, 0xa, 0xf0,
    0x0, 0xf, 0xb0, 0xd, 0xfa, 0xf7, 0x0, 0x0,
    0x0, 0x0, 0xa, 0xf0, 0x0, 0xf, 0xb0, 0x5,
    0xff, 0xe0, 0x0, 0x0, 0x0, 0x0, 0xa, 0xf0,
    0x0, 0xf, 0xb0, 0x0, 0xef, 0xd1, 0x0, 0x0,
    0x0, 0x0, 0xa, 0xf0, 0x0, 0xf, 0xb0, 0xa,
    0xfd, 0xfe, 0x20, 0x0, 0x0, 0x0, 0xc, 0xf0,
    0x0, 0xf, 0xb0, 0x9f, 0xc0, 0xaf, 0xf7, 0x0,
    0x0, 0x3b, 0xef, 0xd0, 0x0, 0xf, 0xbd, 0xfc,
    0x10, 0x8, 0xff, 0xd0, 0x0, 0xd, 0xfb, 0x20,
    0x0, 0x1f, 0xb8, 0xb0, 0x0, 0x0, 0x4e, 0x60,
    0x0, 0x1, 0x0, 0x0, 0x0, 0x0, 0x0, 0x0,
    0x0, 0x0, 0x0, 0x0,

    /* U+62E9 "择" */
    0x0, 0x0, 0x9b, 0x10, 0x0, 0x0, 0x0, 0x0,
    0x0, 0x0, 0x0, 0x0, 0x0, 0x0, 0xdf, 0x20,
    0x0, 0xff, 0xff, 0xff, 0xff, 0xff, 0xe1, 0x0,
    0x0, 0x0, 0xdf, 0x20, 0x0, 0x8e, 0xf8, 0x88,
    0x88, 0xcf, 0x80, 0x0, 0x0, 0x0, 0xdf, 0x10,
    0x0, 0x8, 0xf3, 0x0, 0x1, 0xee, 0x0, 0x0,
    0x1, 0x11, 0xdf, 0x22, 0x20, 0x1, 0xfc, 0x0,
    0xa, 0xf5, 0x0, 0x0, 0xb, 0xff, 0xff, 0xff,
    0xc0, 0x0, 0x7f, 0x70, 0x8f, 0x90, 0x0, 0x0,
    0x6, 0x88, 0xef, 0x88, 0x70, 0x0, 0xb, 0xfc,
    0xfa, 0x0, 0x0, 0x0, 0x0, 0x0, 0xcf, 0x10,
    0x0, 0x0, 0x7, 0xff, 0xf5, 0x0, 0x0, 0x0,
    0x0, 0x0, 0xcf, 0x10, 0x0, 0x38, 0xdf, 0xe8,
    0xef, 0xea, 0x75, 0x30, 0x0, 0x0, 0xcf, 0x15,
    0x4f, 0xff, 0xd6, 0x0, 0x18, 0xef, 0xff, 0x80,
    0x0, 0x0, 0xcf, 0xef, 0x7, 0x83, 0x0, 0xcf,
    0x40, 0x3, 0x7b, 0x10, 0x2, 0x7c, 0xff, 0xd6,
    0x0, 0x0, 0x0, 0xbf, 0x30, 0x0, 0x0, 0x0,
    0x1f, 0xff, 0xff, 0x10, 0x3, 0xa9, 0x99, 0xdf,
    0xa9, 0xaa, 0x70, 0x0, 0xa, 0xb2, 0xcf, 0x10,
    0x5, 0xfe, 0xee, 0xff, 0xee, 0xff, 0xb0, 0x0,
    0x0, 0x0, 0xcf, 0x10, 0x0, 0x0, 0x0, 0xaf,
    0x30, 0x0, 0x0, 0x0, 0x0, 0x0, 0xcf, 0x10,
    0x0, 0x0, 0x0, 0xaf, 0x30, 0x0, 0x0, 0x0,
    0x0, 0x0, 0xcf, 0x10, 0x11, 0x11, 0x11, 0xbf,
    0x41, 0x11, 0x12, 0x10, 0x0, 0x0, 0xcf, 0x13,
    0xff, 0xff, 0xff, 0xff, 0xff, 0xff, 0xff, 0x70,
    0x0, 0x0, 0xcf, 0x11, 0x87, 0x77, 0x77, 0xdf,
    0x87, 0x77, 0x78, 0x40, 0x0, 0x99, 0xff, 0x0,
    0x0, 0x0, 0x0, 0xaf, 0x30, 0x0, 0x0, 0x0,
    0x0, 0xdf, 0xf9, 0x0, 0x0, 0x0, 0x0, 0xbf,
    0x30, 0x0, 0x0, 0x0, 0x0, 0x44, 0x10, 0x0,
    0x0, 0x0, 0x0, 0xcf, 0x40, 0x0, 0x0, 0x0,

    /* U+63A5 "接" */
    0x0, 0x0, 0x23, 0x0, 0x0, 0x0, 0x0, 0x59,
    0x20, 0x0, 0x0, 0x0, 0x0, 0x0, 0xbf, 0x20,
    0x0, 0x0, 0x0, 0x9f, 0x70, 0x0, 0x0, 0x0,
    0x0, 0x0, 0x9f, 0x10, 0x2, 0x22, 0x22, 0x6f,
    0xc2, 0x22, 0x23, 0x10, 0x0, 0x0, 0x9f, 0x10,
    0xa, 0xff, 0xff, 0xff, 0xff, 0xff, 0xff, 0x40,
    0x0, 0x0, 0x9f, 0x10, 0x4, 0x55, 0x55, 0x55,
    0x56, 0x75, 0x56, 0x20, 0xd, 0xed, 0xef, 0xdd,
    0x60, 0x1, 0x91, 0x0, 0x4, 0xf8, 0x0, 0x0,
    0xc, 0xdc, 0xef, 0xcd, 0x50, 0x9, 0xf9, 0x0,
    0x8, 0xf7, 0x0, 0x0, 0x0, 0x0, 0x9f, 0x10,
    0x0, 0x1, 0xff, 0x20, 0xd, 0xf1, 0x0, 0x0,
    0x0, 0x0, 0x9f, 0x10, 0x2, 0x10, 0x76, 0x10,
    0x3f, 0xa0, 0x2, 0x10, 0x0, 0x0, 0x9f, 0x10,
    0xd, 0xff, 0xff, 0xff, 0xff, 0xff, 0xff, 0x40,
    0x0, 0x0, 0x9f, 0x27, 0x36, 0x77, 0x79, 0x87,
    0x77, 0x77, 0x77, 0x20, 0x0, 0x0, 0x9f, 0xff,
    0x40, 0x0, 0x8, 0xf7, 0x0, 0x0, 0x0, 0x0,
    0x2, 0x6b, 0xff, 0xd5, 0x12, 0x0, 0xe, 0xf4,
    0x0, 0x0, 0x1, 0x10, 0xe, 0xff, 0xef, 0x10,
    0x6f, 0xff, 0xff, 0xff, 0xff, 0xff, 0xff, 0xf0,
    0x8, 0xa2, 0x9f, 0x10, 0x37, 0x77, 0xef, 0x77,
    0x7a, 0xfb, 0x77, 0x80, 0x0, 0x0, 0x9f, 0x10,
    0x0, 0x4, 0xf8, 0x0, 0xa, 0xf1, 0x0, 0x0,
    0x0, 0x0, 0x9f, 0x10, 0x0, 0xd, 0xf8, 0x10,
    0x3f, 0xa0, 0x0, 0x0, 0x0, 0x0, 0x9f, 0x10,
    0x0, 0x6, 0xdf, 0xfa, 0xcf, 0x10, 0x0, 0x0,
    0x0, 0x0, 0x9f, 0x10, 0x0, 0x0, 0x3, 0xcf,
    0xfe, 0x50, 0x0, 0x0, 0x0, 0x0, 0xbf, 0x10,
    0x0, 0x0, 0x28, 0xff, 0xaf, 0xfd, 0x50, 0x0,
    0x1, 0xbb, 0xff, 0x0, 0x26, 0x9c, 0xff, 0xc2,
    0x2, 0xaf, 0xfd, 0x40, 0x0, 0xcf, 0xf6, 0x0,
    0x3f, 0xff, 0xa4, 0x0, 0x0, 0x4, 0xde, 0x10,
    0x0, 0x34, 0x10, 0x0, 0x6, 0x30, 0x0, 0x0,
    0x0, 0x0, 0x2, 0x0,

    /* U+63CF "描" */
    0x0, 0x0, 0x34, 0x0, 0x0, 0x0, 0x78, 0x0,
    0x6, 0x92, 0x0, 0x0, 0x0, 0x0, 0xcf, 0x10,
    0x0, 0x0, 0xcd, 0x0, 0xa, 0xf3, 0x0, 0x0,
    0x0, 0x0, 0xbf, 0x10, 0x0, 0x0, 0xbd, 0x0,
    0xa, 0xf2, 0x0, 0x0, 0x0, 0x0, 0xbf, 0x10,
    0x1, 0x0, 0xbd, 0x0, 0xa, 0xf2, 0x0, 0x0,
    0x0, 0x0, 0xbf, 0x10, 0x3f, 0xff, 0xff, 0xff,
    0xff, 0xff, 0xff, 0xf2, 0x1, 0x10, 0xbf, 0x21,
    0x28, 0x77, 0xde, 0x77, 0x7d, 0xf9, 0x77, 0x81,
    0xf, 0xff, 0xff, 0xff, 0x60, 0x0, 0xcd, 0x0,
    0xa, 0xf3, 0x0, 0x0, 0x8, 0x77, 0xdf, 0x87,
    0x30, 0x0, 0xcd, 0x0, 0xa, 0xf3, 0x0, 0x0,
    0x0, 0x0, 0xbf, 0x10, 0x0, 0x0, 0x22, 0x0,
    0x1, 0x30, 0x0, 0x0, 0x0, 0x0, 0xbf, 0x10,
    0x1, 0x77, 0x77, 0x77, 0x77, 0x77, 0x75, 0x0,
    0x0, 0x0, 0xbf, 0x4a, 0x22, 0xff, 0xff, 0xff,
    0xff, 0xff, 0xfb, 0x0, 0x0, 0x2, 0xdf, 0xfe,
    0x31, 0xfb, 0x0, 0x1f, 0x90, 0x1, 0xfb, 0x0,
    0x9, 0xdf, 0xff, 0x70, 0x0, 0xfb, 0x0, 0x1f,
    0x90, 0x1, 0xfb, 0x0, 0xc, 0xfb, 0xdf, 0x10,
    0x0, 0xfb, 0x0, 0x1f, 0x90, 0x1, 0xfb, 0x0,
    0x3, 0x20, 0xbf, 0x10, 0x0, 0xfe, 0x88, 0x9f,
    0xd8, 0x89, 0xfb, 0x0, 0x0, 0x0, 0xbf, 0x10,
    0x0, 0xff, 0xff, 0xff, 0xff, 0xff, 0xfb, 0x0,
    0x0, 0x0, 0xbf, 0x10, 0x0, 0xfb, 0x0, 0x1f,
    0x90, 0x1, 0xfb, 0x0, 0x0, 0x0, 0xbf, 0x10,
    0x0, 0xfb, 0x0, 0x1f, 0x90, 0x1, 0xfb, 0x0,
    0x0, 0x0, 0xbf, 0x10, 0x0, 0xfb, 0x0, 0x1f,
    0x90, 0x1, 0xfb, 0x0, 0x0, 0x0, 0xef, 0x0,
    0x0, 0xfd, 0x77, 0x7f, 0xc7, 0x77, 0xfb, 0x0,
    0x0, 0x8d, 0xfb, 0x0, 0x1, 0xff, 0xff, 0xff,
    0xff, 0xff, 0xfb, 0x0, 0x0, 0x6f, 0xa1, 0x0,
    0x3, 0xfb, 0x0, 0x0, 0x0, 0x1, 0xfc, 0x0,
    0x0, 0x0, 0x0, 0x0, 0x0, 0x0, 0x0, 0x0,
    0x0, 0x0, 0x0, 0x0,

    /* U+641C "搜" */
    0x0, 0x0, 0x79, 0x20, 0x0, 0x0, 0x0, 0x69,
    0x10, 0x0, 0x0, 0x0, 0x0, 0x0, 0xbf, 0x10,
    0x0, 0x25, 0x90, 0xaf, 0x22, 0x77, 0x75, 0x0,
    0x0, 0x0, 0xbf, 0x0, 0xa, 0xff, 0xf5, 0x9f,
    0x15, 0xff, 0xfa, 0x0, 0x0, 0x0, 0xbf, 0x0,
    0xa, 0xf1, 0x0, 0x9f, 0x10, 0x12, 0xf9, 0x0,
    0x0, 0x0, 0xbf, 0x0, 0x9, 0xf1, 0x0, 0x9f,
    0x10, 0x1, 0xf9, 0x0, 0x9, 0xdd, 0xff, 0xdd,
    0x9, 0xfa, 0xa1, 0x9f, 0x14, 0xaa, 0xf9, 0x0,
    0x9, 0xdc, 0xef, 0xcd, 0x9, 0xff, 0xf2, 0x9f,
    0x16, 0xff, 0xf9, 0x0, 0x0, 0x0, 0xbf, 0x0,
    0x9, 0xf1, 0x0, 0x9f, 0x10, 0x1, 0xf9, 0x0,
    0x0, 0x0, 0xbf, 0x0, 0x9, 0xf1, 0x0, 0x9f,
    0x10, 0x1, 0xf9, 0x0, 0x0, 0x0, 0xbf, 0x0,
    0xa, 0xfa, 0xaa, 0xdf, 0xaa, 0xaa, 0xfa, 0x0,
    0x0, 0x0, 0xbf, 0x7e, 0x3a, 0xff, 0xff, 0xff,
    0xff, 0xff, 0xfa, 0x0, 0x0, 0x48, 0xef, 0xe9,
    0x10, 0x0, 0x0, 0x9f, 0x10, 0x0, 0x0, 0x0,
    0xd, 0xff, 0xef, 0x0, 0x5, 0x98, 0x88, 0xcf,
    0x98, 0x88, 0x82, 0x0, 0x7, 0x81, 0xbf, 0x0,
    0x9, 0xff, 0xff, 0xff, 0xff, 0xff, 0xe0, 0x0,
    0x0, 0x0, 0xbf, 0x0, 0x0, 0x1e, 0xe1, 0x11,
    0x11, 0x9f, 0x60, 0x0, 0x0, 0x0, 0xbf, 0x0,
    0x0, 0x8, 0xf6, 0x0, 0x4, 0xfc, 0x0, 0x0,
    0x0, 0x0, 0xbf, 0x0, 0x0, 0x1, 0xfe, 0x10,
    0x2e, 0xf2, 0x0, 0x0, 0x0, 0x0, 0xbf, 0x0,
    0x0, 0x0, 0x6f, 0xb2, 0xef, 0x40, 0x0, 0x0,
    0x0, 0x0, 0xbf, 0x0, 0x0, 0x0, 0xa, 0xff,
    0xf5, 0x0, 0x0, 0x0, 0x0, 0x34, 0xef, 0x0,
    0x0, 0x1, 0x6d, 0xff, 0xfa, 0x41, 0x0, 0x0,
    0x0, 0xef, 0xfc, 0x0, 0x8b, 0xef, 0xfe, 0x75,
    0xcf, 0xff, 0xec, 0xa0, 0x0, 0x8a, 0x60, 0x0,
    0x8f, 0xe9, 0x40, 0x0, 0x3, 0x8c, 0xff, 0x80,
    0x0, 0x0, 0x0, 0x0, 0x2, 0x0, 0x0, 0x0,
    0x0, 0x0, 0x1, 0x0,

    /* U+65E5 "日" */
    0x1b, 0xbb, 0xbb, 0xbb, 0xbb, 0xbb, 0xbb, 0xbb,
    0x22, 0xff, 0xff, 0xff, 0xff, 0xff, 0xff, 0xff,
    0xf3, 0x1f, 0xe0, 0x0, 0x0, 0x0, 0x0, 0x0,
    0xef, 0x31, 0xfe, 0x0, 0x0, 0x0, 0x0, 0x0,
    0xe, 0xf2, 0x1f, 0xe0, 0x0, 0x0, 0x0, 0x0,
    0x0, 0xef, 0x21, 0xfe, 0x0, 0x0, 0x0, 0x0,
    0x0, 0xe, 0xf2, 0x1f, 0xe0, 0x0, 0x0, 0x0,
    0x0, 0x0, 0xef, 0x21, 0xfe, 0x0, 0x0, 0x0,
    0x0, 0x0, 0xe, 0xf2, 0xf, 0xf8, 0x88, 0x88,
    0x88, 0x88, 0x88, 0xff, 0x20, 0xff, 0xff, 0xff,
    0xff, 0xff, 0xff, 0xff, 0xf2, 0xf, 0xe0, 0x0,
    0x0, 0x0, 0x0, 0x0, 0xef, 0x20, 0xfe, 0x0,
    0x0, 0x0, 0x0, 0x0, 0xe, 0xf2, 0xf, 0xe0,
    0x0, 0x0, 0x0, 0x0, 0x0, 0xef, 0x20, 0xfe,
    0x0, 0x0, 0x0, 0x0, 0x0, 0xe, 0xf2, 0xf,
    0xe0, 0x0, 0x0, 0x0, 0x0, 0x0, 0xef, 0x21,
    0xfe, 0x0, 0x0, 0x0, 0x0, 0x0, 0xe, 0xf2,
    0x1f, 0xe0, 0x0, 0x0, 0x0, 0x0, 0x0, 0xef,
    0x21, 0xff, 0xff, 0xff, 0xff, 0xff, 0xff, 0xff,
    0xf2, 0x1f, 0xf8, 0x88, 0x88, 0x88, 0x88, 0x88,
    0xff, 0x31, 0xfe, 0x0, 0x0, 0x0, 0x0, 0x0,
    0xe, 0xf3, 0x2f, 0xe0, 0x0, 0x0, 0x0, 0x0,
    0x0, 0xef, 0x30,

    /* U+65F6 "时" */
    0x0, 0x0, 0x0, 0x0, 0x0, 0x0, 0x0, 0x0,
    0xb, 0xd2, 0x0, 0x0, 0x0, 0x0, 0x0, 0x0,
    0x0, 0x0, 0x0, 0x0, 0xdf, 0x20, 0x0, 0x0,
    0x0, 0x0, 0x0, 0x0, 0x0, 0x0, 0x0, 0xd,
    0xf1, 0x0, 0x1, 0xff, 0xff, 0xff, 0xfd, 0x0,
    0x0, 0x0, 0x0, 0xdf, 0x10, 0x0, 0xf, 0xf8,
    0x88, 0x9f, 0xc0, 0x0, 0x0, 0x0, 0xc, 0xf1,
    0x0, 0x0, 0xfe, 0x0, 0x2, 0xfc, 0x69, 0x99,
    0x99, 0x99, 0xef, 0x99, 0xa0, 0xf, 0xe0, 0x0,
    0x2f, 0xca, 0xff, 0xff, 0xff, 0xff, 0xff, 0xff,
    0x10, 0xfe, 0x0, 0x2, 0xfb, 0x11, 0x10, 0x0,
    0x0, 0xcf, 0x11, 0x10, 0xf, 0xe0, 0x0, 0x2f,
    0xb0, 0x0, 0x0, 0x0, 0xc, 0xf1, 0x0, 0x0,
    0xff, 0xff, 0xff, 0xfb, 0x0, 0x0, 0x0, 0x0,
    0xcf, 0x10, 0x0, 0xf, 0xf8, 0x88, 0x9f, 0xb0,
    0x3c, 0x90, 0x0, 0xc, 0xf1, 0x0, 0x0, 0xfe,
    0x0, 0x2, 0xfb, 0x1, 0xff, 0x30, 0x0, 0xcf,
    0x10, 0x0, 0xf, 0xe0, 0x0, 0x2f, 0xb0, 0x6,
    0xfc, 0x0, 0xc, 0xf1, 0x0, 0x0, 0xfe, 0x0,
    0x2, 0xfb, 0x0, 0xe, 0xf5, 0x0, 0xcf, 0x10,
    0x0, 0xf, 0xe0, 0x0, 0x2f, 0xb0, 0x0, 0x65,
    0x0, 0xc, 0xf1, 0x0, 0x0, 0xff, 0xff, 0xff,
    0xfc, 0x0, 0x0, 0x0, 0x0, 0xcf, 0x10, 0x0,
    0xf, 0xfa, 0xaa, 0xbf, 0xc0, 0x0, 0x0, 0x0,
    0xc, 0xf1, 0x0, 0x0, 0xfe, 0x0, 0x2, 0xfc,
    0x0, 0x0, 0x0, 0x0, 0xcf, 0x10, 0x0, 0x1f,
    0xe0, 0x0, 0x19, 0x70, 0x0, 0x0, 0x0, 0xc,
    0xf1, 0x0, 0x1, 0xed, 0x0, 0x0, 0x0, 0x0,
    0x0, 0x0, 0x0, 0xef, 0x10, 0x0, 0x0, 0x0,
    0x0, 0x0, 0x0, 0x0, 0x0, 0x8c, 0xdf, 0xf0,
    0x0, 0x0, 0x0, 0x0, 0x0, 0x0, 0x0, 0x0,
    0x1, 0xff, 0xd5, 0x0, 0x0, 0x0, 0x0, 0x0,
    0x0, 0x0, 0x0, 0x0, 0x3, 0x0, 0x0, 0x0,
    0x0,

    /* U+660E "明" */
    0x0, 0x0, 0x0, 0x0, 0x0, 0x9b, 0xbb, 0xbb,
    0xbb, 0xb9, 0xef, 0xff, 0xff, 0xfa, 0x0, 0xdf,
    0xee, 0xee, 0xee, 0xfd, 0xef, 0xaa, 0xaa, 0xfa,
    0x0, 0xdf, 0x10, 0x0, 0x1, 0xfc, 0xdf, 0x0,
    0x1, 0xfa, 0x0, 0xcf, 0x10, 0x0, 0x1, 0xfc,
    0xdf, 0x0, 0x1, 0xf9, 0x0, 0xcf, 0x10, 0x0,
    0x1, 0xfc, 0xdf, 0x0, 0x1, 0xf9, 0x0, 0xcf,
    0x21, 0x11, 0x12, 0xfc, 0xdf, 0x0, 0x1, 0xf9,
    0x0, 0xcf, 0xff, 0xff, 0xff, 0xfc, 0xdf, 0xff,
    0xff, 0xf9, 0x0, 0xcf, 0x88, 0x88, 0x88, 0xfc,
    0xdf, 0x77, 0x77, 0xf9, 0x0, 0xcf, 0x10, 0x0,
    0x1, 0xfc, 0xdf, 0x0, 0x1, 0xf9, 0x0, 0xcf,
    0x10, 0x0, 0x1, 0xfc, 0xdf, 0x0, 0x1, 0xf9,
    0x0, 0xcf, 0x10, 0x0, 0x1, 0xfc, 0xdf, 0x0,
    0x1, 0xf9, 0x0, 0xdf, 0xba, 0xaa, 0xab, 0xfc,
    0xdf, 0x0, 0x1, 0xf9, 0x0, 0xef, 0xee, 0xee,
    0xee, 0xfc, 0xdf, 0xff, 0xff, 0xf9, 0x0, 0xfe,
    0x0, 0x0, 0x1, 0xfc, 0xdf, 0xbb, 0xbb, 0xfa,
    0x3, 0xfb, 0x0, 0x0, 0x1, 0xfc, 0xdf, 0x0,
    0x1, 0xfa, 0x7, 0xf8, 0x0, 0x0, 0x1, 0xfc,
    0xef, 0x0, 0x0, 0x0, 0xb, 0xf3, 0x0, 0x0,
    0x1, 0xfc, 0x33, 0x0, 0x0, 0x0, 0x2f, 0xe0,
    0x0, 0x0, 0x1, 0xfc, 0x0, 0x0, 0x0, 0x0,
    0xaf, 0x80, 0x0, 0x2, 0x16, 0xfc, 0x0, 0x0,
    0x0, 0x4, 0xff, 0x10, 0x0, 0xc, 0xff, 0xf9,
    0x0, 0x0, 0x0, 0x8, 0xf8, 0x0, 0x0, 0x4,
    0xfc, 0x80, 0x0, 0x0, 0x0, 0x0, 0x40, 0x0,
    0x0, 0x0, 0x0, 0x0,

    /* U+661F "星" */
    0x0, 0x1, 0x88, 0x88, 0x88, 0x88, 0x88, 0x88,
    0x88, 0x88, 0x10, 0x0, 0x0, 0x1f, 0xff, 0xff,
    0xff, 0xff, 0xff, 0xff, 0xff, 0xf2, 0x0, 0x0,
    0x1, 0xfe, 0x0, 0x0, 0x0, 0x0, 0x0, 0x0,
    0xef, 0x10, 0x0, 0x0, 0xf, 0xf7, 0x77, 0x77,
    0x77, 0x77, 0x77, 0x7f, 0xf1, 0x0, 0x0, 0x0,
    0xff, 0xff, 0xff, 0xff, 0xff, 0xff, 0xff, 0xff,
    0x10, 0x0, 0x0, 0xf, 0xe0, 0x0, 0x0, 0x0,
    0x0, 0x0, 0xe, 0xf1, 0x0, 0x0, 0x1, 0xfe,
    0x0, 0x0, 0x0, 0x0, 0x0, 0x0, 0xef, 0x10,
    0x0, 0x0, 0x1f, 0xff, 0xff, 0xff, 0xff, 0xff,
    0xff, 0xff, 0xf2, 0x0, 0x0, 0x1, 0x88, 0x88,
    0x88, 0x88, 0x88, 0x88, 0x88, 0x88, 0x10, 0x0,
    0x0, 0x0, 0x10, 0x0, 0x0, 0x44, 0x0, 0x0,
    0x0, 0x0, 0x0, 0x0, 0x0, 0x6f, 0x91, 0x0,
    0xf, 0xf2, 0x0, 0x0, 0x0, 0x0, 0x0, 0x0,
    0x1e, 0xf9, 0x0, 0x0, 0xef, 0x20, 0x0, 0x11,
    0x11, 0x0, 0x0, 0xb, 0xff, 0xff, 0xff, 0xff,
    0xff, 0xff, 0xff, 0xff, 0xc0, 0x0, 0x9, 0xfe,
    0x88, 0x88, 0x88, 0xff, 0x98, 0x89, 0x99, 0x97,
    0x0, 0x8, 0xff, 0x30, 0x0, 0x0, 0xe, 0xf1,
    0x0, 0x0, 0x0, 0x0, 0x0, 0xaf, 0x50, 0x99,
    0x98, 0x88, 0xff, 0x98, 0x88, 0x99, 0x90, 0x0,
    0x0, 0x20, 0x1f, 0xff, 0xff, 0xff, 0xff, 0xff,
    0xff, 0xff, 0x10, 0x0, 0x0, 0x0, 0x0, 0x0,
    0x0, 0xef, 0x10, 0x0, 0x0, 0x0, 0x0, 0x0,
    0x0, 0x0, 0x0, 0x0, 0xe, 0xf1, 0x0, 0x0,
    0x0, 0x0, 0x0, 0x8d, 0xcb, 0xbb, 0xbb, 0xbb,
    0xff, 0xbb, 0xbb, 0xbb, 0xbb, 0xc7, 0xa, 0xff,
    0xee, 0xee, 0xee, 0xee, 0xee, 0xee, 0xee, 0xee,
    0xef, 0x80, 0x0, 0x0, 0x0, 0x0, 0x0, 0x0,
    0x0, 0x0, 0x0, 0x0, 0x0,

    /* U+6674 "晴" */
    0x0, 0x0, 0x0, 0x0, 0x0, 0x0, 0x0, 0x85,
    0x0, 0x0, 0x0, 0x0, 0x0, 0x0, 0x0, 0x0,
    0x0, 0x0, 0xfb, 0x0, 0x0, 0x0, 0x12, 0x22,
    0x22, 0x20, 0x49, 0x88, 0x88, 0xfd, 0x88, 0x89,
    0x91, 0xbf, 0xff, 0xff, 0xe0, 0x7e, 0xee, 0xee,
    0xff, 0xee, 0xee, 0xf2, 0xaf, 0x53, 0x3f, 0xe0,
    0x0, 0x0, 0x0, 0xfa, 0x0, 0x0, 0x0, 0xaf,
    0x20, 0xf, 0xd0, 0xc, 0xff, 0xff, 0xff, 0xff,
    0xff, 0x70, 0xaf, 0x20, 0xf, 0xd0, 0x6, 0x77,
    0x77, 0xfd, 0x77, 0x78, 0x30, 0xaf, 0x20, 0xf,
    0xd0, 0x0, 0x0, 0x0, 0xfa, 0x0, 0x0, 0x0,
    0xaf, 0x20, 0xf, 0xd2, 0xff, 0xff, 0xff, 0xff,
    0xff, 0xff, 0xff, 0xaf, 0xcb, 0xbf, 0xd1, 0x87,
    0x77, 0x77, 0x77, 0x77, 0x77, 0x77, 0xaf, 0xcb,
    0xbf, 0xd0, 0x1, 0x11, 0x11, 0x11, 0x11, 0x11,
    0x0, 0xaf, 0x20, 0xf, 0xd0, 0xa, 0xff, 0xff,
    0xff, 0xff, 0xff, 0x0, 0xaf, 0x20, 0xf, 0xd0,
    0xa, 0xf5, 0x55, 0x55, 0x55, 0xbf, 0x0, 0xaf,
    0x20, 0xf, 0xd0, 0xa, 0xf1, 0x0, 0x0, 0x0,
    0xaf, 0x0, 0xaf, 0x20, 0xf, 0xd0, 0x9, 0xff,
    0xff, 0xff, 0xff, 0xff, 0x0, 0xaf, 0x53, 0x3f,
    0xd0, 0x9, 0xf7, 0x66, 0x66, 0x66, 0xcf, 0x0,
    0xaf, 0xff, 0xff, 0xe0, 0x9, 0xf1, 0x0, 0x0,
    0x0, 0xaf, 0x0, 0xaf, 0x42, 0x2f, 0xe0, 0x9,
    0xff, 0xff, 0xff, 0xff, 0xff, 0x0, 0xbf, 0x20,
    0x9, 0x90, 0x9, 0xf7, 0x77, 0x77, 0x77, 0xcf,
    0x0, 0xbf, 0x20, 0x0, 0x0, 0xa, 0xf1, 0x0,
    0x0, 0x0, 0xaf, 0x0, 0x0, 0x0, 0x0, 0x0,
    0xa, 0xf1, 0x0, 0x0, 0x19, 0xee, 0x0, 0x0,
    0x0, 0x0, 0x0, 0xa, 0xf1, 0x0, 0x0, 0xb,
    0xb4, 0x0,

    /* U+66B4 "暴" */
    0x0, 0x0, 0x8f, 0xff, 0xff, 0xff, 0xff, 0xff,
    0xff, 0xf2, 0x0, 0x0, 0x0, 0x8, 0xf5, 0x44,
    0x44, 0x44, 0x44, 0x44, 0xaf, 0x10, 0x0, 0x0,
    0x0, 0x8f, 0x54, 0x44, 0x44, 0x44, 0x44, 0x4a,
    0xf1, 0x0, 0x0, 0x0, 0x8, 0xff, 0xff, 0xff,
    0xff, 0xff, 0xff, 0xff, 0x10, 0x0, 0x0, 0x0,
    0x8f, 0x10, 0x0, 0x0, 0x0, 0x0, 0x8, 0xf1,
    0x0, 0x0, 0x0, 0x9, 0xff, 0xff, 0xff, 0xff,
    0xff, 0xff, 0xff, 0x20, 0x0, 0x0, 0x0, 0x24,
    0x45, 0xfa, 0x44, 0x44, 0xcf, 0x44, 0x40, 0x0,
    0x0, 0x0, 0x32, 0x22, 0x3f, 0x92, 0x22, 0x2b,
    0xe2, 0x22, 0x32, 0x0, 0x0, 0xd, 0xff, 0xff,
    0xff, 0xff, 0xff, 0xff, 0xff, 0xff, 0x90, 0x0,
    0x0, 0x11, 0x11, 0x2f, 0x81, 0x11, 0x1b, 0xe1,
    0x11, 0x11, 0x0, 0x1, 0x87, 0x77, 0x77, 0xfb,
    0x77, 0x77, 0xdf, 0x77, 0x77, 0x78, 0x10, 0x2f,
    0xee, 0xee, 0xff, 0xee, 0xee, 0xee, 0xfe, 0xee,
    0xee, 0xf3, 0x0, 0x0, 0x0, 0x7f, 0xb0, 0x6,
    0x40, 0xc, 0xe3, 0x0, 0x0, 0x0, 0x0, 0x4,
    0xcf, 0x90, 0x0, 0xfb, 0x0, 0x1b, 0xfa, 0x30,
    0x0, 0x5, 0x8e, 0xfd, 0x7c, 0x20, 0xf, 0xa0,
    0x8, 0xd8, 0xef, 0xd9, 0x20, 0x7f, 0xc5, 0x4,
    0xfd, 0x3, 0xfe, 0x74, 0xfc, 0x0, 0x7e, 0xd0,
    0x0, 0x20, 0x0, 0x6, 0xfe, 0xff, 0xff, 0xff,
    0x20, 0x0, 0x1, 0x0, 0x0, 0x0, 0x39, 0xff,
    0xa4, 0xfa, 0x3b, 0xff, 0x81, 0x0, 0x0, 0x0,
    0x8, 0xef, 0xe7, 0x10, 0xf, 0xa0, 0x3, 0xcf,
    0xf8, 0x10, 0x0, 0x0, 0x5d, 0x50, 0x0, 0x6a,
    0xf9, 0x0, 0x0, 0x6f, 0xf5, 0x0, 0x0, 0x0,
    0x0, 0x0, 0x7, 0xfe, 0x20, 0x0, 0x0, 0x16,
    0x0, 0x0, 0x0, 0x0, 0x0, 0x0, 0x13, 0x0,
    0x0, 0x0, 0x0, 0x0, 0x0,

    /* U+6708 "月" */
    0x0, 0x0, 0x11, 0x11, 0x11, 0x11, 0x11, 0x11,
    0x11, 0x10, 0x0, 0xd, 0xff, 0xff, 0xff, 0xff,
    0xff, 0xff, 0xfd, 0x0, 0x0, 0xcf, 0x55, 0x55,
    0x55, 0x55, 0x55, 0x5f, 0xc0, 0x0, 0xc, 0xf0,
    0x0, 0x0, 0x0, 0x0, 0x1, 0xfb, 0x0, 0x0,
    0xcf, 0x0, 0x0, 0x0, 0x0, 0x0, 0x1f, 0xb0,
    0x0, 0xc, 0xf0, 0x0, 0x0, 0x0, 0x0, 0x1,
    0xfb, 0x0, 0x0, 0xcf, 0xff, 0xff, 0xff, 0xff,
    0xff, 0xff, 0xb0, 0x0, 0xc, 0xf7, 0x77, 0x77,
    0x77, 0x77, 0x77, 0xfb, 0x0, 0x0, 0xcf, 0x0,
    0x0, 0x0, 0x0, 0x0, 0x1f, 0xb0, 0x0, 0xc,
    0xf0, 0x0, 0x0, 0x0, 0x0, 0x1, 0xfb, 0x0,
    0x0, 0xcf, 0x0, 0x0, 0x0, 0x0, 0x0, 0x1f,
    0xb0, 0x0, 0xc, 0xf8, 0x88, 0x88, 0x88, 0x88,
    0x88, 0xfb, 0x0, 0x0, 0xef, 0xff, 0xff, 0xff,
    0xff, 0xff, 0xff, 0xb0, 0x0, 0xf, 0xd0, 0x0,
    0x0, 0x0, 0x0, 0x1, 0xfb, 0x0, 0x3, 0xfa,
    0x0, 0x0, 0x0, 0x0, 0x0, 0x1f, 0xb0, 0x0,
    0x7f, 0x60, 0x0, 0x0, 0x0, 0x0, 0x1, 0xfb,
    0x0, 0xd, 0xf2, 0x0, 0x0, 0x0, 0x0, 0x0,
    0x1f, 0xb0, 0x4, 0xfc, 0x0, 0x0, 0x0, 0x0,
    0x0, 0x1, 0xfb, 0x0, 0xdf, 0x40, 0x0, 0x0,
    0x0, 0x0, 0x0, 0x5f, 0xa0, 0xbf, 0xb0, 0x0,
    0x0, 0x0, 0x0, 0x8f, 0xff, 0xf8, 0x2b, 0xe2,
    0x0, 0x0, 0x0, 0x0, 0x1, 0xff, 0xd9, 0x10,
    0x1, 0x0, 0x0, 0x0, 0x0, 0x0, 0x0, 0x0,
    0x0,

    /* U+671F "期" */
    0x0, 0x2, 0x30, 0x0, 0x3, 0x30, 0x0, 0x0,
    0x0, 0x0, 0x0, 0x0, 0x0, 0xbf, 0x30, 0x0,
    0xdf, 0x20, 0x3, 0x44, 0x44, 0x44, 0x40, 0x0,
    0xa, 0xf2, 0x0, 0xd, 0xf1, 0x0, 0xdf, 0xff,
    0xff, 0xff, 0x10, 0x22, 0xbf, 0x32, 0x22, 0xdf,
    0x32, 0xd, 0xf3, 0x22, 0x2e, 0xf0, 0xa, 0xff,
    0xff, 0xff, 0xff, 0xff, 0xc0, 0xdf, 0x10, 0x0,
    0xef, 0x0, 0x34, 0xcf, 0x54, 0x44, 0xdf, 0x54,
    0xd, 0xf1, 0x0, 0xe, 0xf0, 0x0, 0xa, 0xf2,
    0x0, 0xc, 0xf1, 0x0, 0xcf, 0x10, 0x0, 0xef,
    0x0, 0x0, 0xaf, 0x87, 0x77, 0xef, 0x10, 0xc,
    0xf7, 0x77, 0x7e, 0xf0, 0x0, 0xa, 0xff, 0xff,
    0xff, 0xf1, 0x0, 0xcf, 0xff, 0xff, 0xff, 0x0,
    0x0, 0xaf, 0x20, 0x0, 0xcf, 0x10, 0xc, 0xf1,
    0x0, 0xe, 0xf0, 0x0, 0xa, 0xf5, 0x44, 0x4d,
    0xf1, 0x0, 0xdf, 0x10, 0x0, 0xef, 0x0, 0x0,
    0xaf, 0xff, 0xff, 0xff, 0x10, 0xd, 0xf1, 0x0,
    0xe, 0xf0, 0x0, 0xa, 0xf3, 0x22, 0x2d, 0xf1,
    0x0, 0xdf, 0x65, 0x55, 0xef, 0x0, 0x0, 0xaf,
    0x20, 0x0, 0xcf, 0x10, 0xe, 0xff, 0xff, 0xff,
    0xf0, 0x3f, 0xff, 0xff, 0xff, 0xff, 0xff, 0xc0,
    0xfe, 0x0, 0x0, 0xef, 0x1, 0x87, 0x77, 0x77,
    0x77, 0x77, 0x86, 0x3f, 0xb0, 0x0, 0xe, 0xf0,
    0x0, 0x5, 0x91, 0x0, 0x4a, 0x0, 0x8, 0xf8,
    0x0, 0x0, 0xef, 0x0, 0x1, 0xef, 0x40, 0x9,
    0xf9, 0x0, 0xef, 0x20, 0x0, 0xe, 0xf0, 0x0,
    0xbf, 0x50, 0x0, 0xc, 0xf7, 0x7f, 0xc0, 0x0,
    0x0, 0xef, 0x0, 0xaf, 0x90, 0x0, 0x0, 0x2d,
    0x6f, 0xf4, 0x0, 0x0, 0x1e, 0xf0, 0x1b, 0xc0,
    0x0, 0x0, 0x0, 0x2e, 0xfa, 0x0, 0x0, 0x9f,
    0xfd, 0x0, 0x0, 0x0, 0x0, 0x0, 0x0, 0x5c,
    0x0, 0x0, 0x3, 0xfb, 0x20, 0x0, 0x0, 0x0,
    0x0, 0x0, 0x0, 0x0, 0x0, 0x0, 0x0, 0x0,
    0x0,

    /* U+672A "未" */
    0x0, 0x0, 0x0, 0x0, 0x0, 0x19, 0x80, 0x0,
    0x0, 0x0, 0x0, 0x0, 0x0, 0x0, 0x0, 0x0,
    0x0, 0x1f, 0xd0, 0x0, 0x0, 0x0, 0x0, 0x0,
    0x0, 0x0, 0x0, 0x0, 0x0, 0x1f, 0xc0, 0x0,
    0x0, 0x0, 0x0, 0x0, 0x0, 0x0, 0x0, 0x0,
    0x0, 0x1f, 0xc0, 0x0, 0x0, 0x0, 0x0, 0x0,
    0x0, 0x6, 0x99, 0x99, 0x99, 0x9f, 0xe9, 0x99,
    0x99, 0x9a, 0x30, 0x0, 0x0, 0xa, 0xff, 0xff,
    0xff, 0xff, 0xff, 0xff, 0xff, 0xff, 0x40, 0x0,
    0x0, 0x0, 0x0, 0x0, 0x0, 0x1f, 0xc0, 0x0,
    0x0, 0x0, 0x0, 0x0, 0x0, 0x0, 0x0, 0x0,
    0x0, 0x1f, 0xc0, 0x0, 0x0, 0x0, 0x0, 0x0,
    0x0, 0x0, 0x0, 0x0, 0x0, 0x1f, 0xc0, 0x0,
    0x0, 0x0, 0x0, 0x0, 0x4, 0x98, 0x88, 0x88,
    0x88, 0x9f, 0xe8, 0x88, 0x88, 0x88, 0x89, 0x10,
    0x7, 0xff, 0xff, 0xff, 0xff, 0xff, 0xff, 0xff,
    0xff, 0xff, 0xff, 0x20, 0x0, 0x0, 0x0, 0x0,
    0x1e, 0xff, 0xff, 0x50, 0x0, 0x0, 0x0, 0x0,
    0x0, 0x0, 0x0, 0x0, 0xbf, 0x8f, 0xde, 0xe2,
    0x0, 0x0, 0x0, 0x0, 0x0, 0x0, 0x0, 0x6,
    0xfc, 0x1f, 0xc5, 0xfc, 0x0, 0x0, 0x0, 0x0,
    0x0, 0x0, 0x0, 0x5f, 0xf2, 0x1f, 0xc0, 0xaf,
    0xc0, 0x0, 0x0, 0x0, 0x0, 0x0, 0x6, 0xff,
    0x40, 0x1f, 0xc0, 0x1d, 0xfb, 0x10, 0x0, 0x0,
    0x0, 0x0, 0x7f, 0xf6, 0x0, 0x1f, 0xc0, 0x2,
    0xef, 0xe5, 0x0, 0x0, 0x0, 0x1b, 0xff, 0x60,
    0x0, 0x1f, 0xc0, 0x0, 0x2c, 0xff, 0xc5, 0x0,
    0x7, 0xff, 0xe3, 0x0, 0x0, 0x1f, 0xc0, 0x0,
    0x0, 0x8f, 0xff, 0xc0, 0x2, 0xec, 0x10, 0x0,
    0x0, 0x1f, 0xc0, 0x0, 0x0, 0x3, 0xae, 0x10,
    0x0, 0x20, 0x0, 0x0, 0x0, 0x2f, 0xd0, 0x0,
    0x0, 0x0, 0x0, 0x0, 0x0, 0x0, 0x0, 0x0,
    0x0, 0x3f, 0xd0, 0x0, 0x0, 0x0, 0x0, 0x0,

    /* U+6765 "来" */
    0x0, 0x0, 0x0, 0x0, 0x0, 0x22, 0x0, 0x0,
    0x0, 0x0, 0x0, 0x0, 0x0, 0x0, 0x0, 0x2,
    0xfe, 0x0, 0x0, 0x0, 0x0, 0x0, 0x0, 0x0,
    0x0, 0x0, 0x0, 0xfd, 0x0, 0x0, 0x0, 0x0,
    0x0, 0x0, 0x11, 0x0, 0x0, 0x1, 0xfd, 0x0,
    0x0, 0x0, 0x11, 0x0, 0x1, 0xff, 0xff, 0xff,
    0xff, 0xff, 0xff, 0xff, 0xff, 0xfe, 0x0, 0x1,
    0xa9, 0x88, 0x88, 0x88, 0xfe, 0x88, 0x88, 0x88,
    0xaa, 0x0, 0x0, 0x0, 0x18, 0x0, 0x0, 0xfd,
    0x0, 0x4, 0xa2, 0x0, 0x0, 0x0, 0x0, 0x8f,
    0x90, 0x0, 0xfd, 0x0, 0xd, 0xf3, 0x0, 0x0,
    0x0, 0x0, 0xc, 0xf4, 0x0, 0xfd, 0x0, 0x6f,
    0xa0, 0x0, 0x0, 0x0, 0x0, 0x3, 0xfc, 0x0,
    0xfd, 0x1, 0xee, 0x10, 0x0, 0x0, 0x1, 0x0,
    0x0, 0x61, 0x1, 0xfd, 0x1, 0x65, 0x0, 0x1,
    0x10, 0x6f, 0xff, 0xff, 0xff, 0xff, 0xff, 0xff,
    0xff, 0xff, 0xff, 0xf6, 0x4a, 0x98, 0x88, 0x89,
    0xff, 0xff, 0xfd, 0x88, 0x88, 0x89, 0x94, 0x0,
    0x0, 0x0, 0x9, 0xf7, 0xfd, 0xdf, 0x30, 0x0,
    0x0, 0x0, 0x0, 0x0, 0x0, 0x7f, 0xc0, 0xfd,
    0x3f, 0xf4, 0x0, 0x0, 0x0, 0x0, 0x0, 0x6,
    0xfe, 0x10, 0xfd, 0x6, 0xff, 0x60, 0x0, 0x0,
    0x0, 0x0, 0x7f, 0xf3, 0x0, 0xfd, 0x0, 0x7f,
    0xfb, 0x20, 0x0, 0x0, 0x1b, 0xff, 0x30, 0x0,
    0xfd, 0x0, 0x5, 0xff, 0xf9, 0x20, 0x7, 0xff,
    0xe3, 0x0, 0x0, 0xfd, 0x0, 0x0, 0x3e, 0xff,
    0xf9, 0x5f, 0xfc, 0x10, 0x0, 0x1, 0xfd, 0x0,
    0x0, 0x0, 0x8f, 0xd0, 0x6, 0x70, 0x0, 0x0,
    0x1, 0xfe, 0x0, 0x0, 0x0, 0x1, 0x30, 0x0,
    0x0, 0x0, 0x0, 0x2, 0xfe, 0x0, 0x0, 0x0,
    0x0, 0x0,

    /* U+676D "杭" */
    0x0, 0x0, 0x1, 0x0, 0x0, 0x0, 0x0, 0x31,
    0x0, 0x0, 0x0, 0x0, 0x0, 0x0, 0x8f, 0x30,
    0x0, 0x0, 0x4, 0xfa, 0x0, 0x0, 0x0, 0x0,
    0x0, 0x0, 0x7f, 0x20, 0x0, 0x0, 0x0, 0xcf,
    0x30, 0x0, 0x0, 0x0, 0x0, 0x0, 0x7f, 0x20,
    0x0, 0x0, 0x0, 0x4f, 0x90, 0x0, 0x0, 0x0,
    0x0, 0x0, 0x7f, 0x20, 0x1, 0x32, 0x22, 0x27,
    0x22, 0x22, 0x33, 0x0, 0x1, 0x10, 0x7f, 0x31,
    0x14, 0xff, 0xff, 0xff, 0xff, 0xff, 0xfe, 0x0,
    0xd, 0xff, 0xff, 0xff, 0xc2, 0x65, 0x55, 0x55,
    0x55, 0x55, 0x55, 0x0, 0x5, 0x65, 0xdf, 0x87,
    0x60, 0x0, 0x0, 0x0, 0x0, 0x0, 0x0, 0x0,
    0x0, 0x0, 0xef, 0x20, 0x0, 0x0, 0x0, 0x0,
    0x0, 0x0, 0x0, 0x0, 0x0, 0x3, 0xff, 0x22,
    0x0, 0x6, 0xff, 0xff, 0xff, 0xf0, 0x0, 0x0,
    0x0, 0xa, 0xff, 0xee, 0x0, 0x5, 0xfa, 0x77,
    0x7d, 0xf0, 0x0, 0x0, 0x0, 0x1f, 0xff, 0x9f,
    0x90, 0x5, 0xf5, 0x0, 0xc, 0xe0, 0x0, 0x0,
    0x0, 0x9f, 0xbf, 0x2c, 0xf3, 0x5, 0xf5, 0x0,
    0xc, 0xe0, 0x0, 0x0, 0x3, 0xfa, 0x8f, 0x24,
    0xe4, 0x5, 0xf4, 0x0, 0xc, 0xe0, 0x0, 0x0,
    0xd, 0xf2, 0x8f, 0x20, 0x10, 0x6, 0xf3, 0x0,
    0xc, 0xe0, 0x0, 0x0, 0x3e, 0x80, 0x8f, 0x20,
    0x0, 0x8, 0xf1, 0x0, 0xc, 0xe0, 0x0, 0x0,
    0x2, 0x0, 0x8f, 0x20, 0x0, 0xb, 0xf0, 0x0,
    0xc, 0xe0, 0x0, 0x0, 0x0, 0x0, 0x8f, 0x20,
    0x0, 0x1f, 0xb0, 0x0, 0xc, 0xe0, 0x0, 0x0,
    0x0, 0x0, 0x8f, 0x20, 0x0, 0x9f, 0x50, 0x0,
    0xc, 0xf0, 0xa, 0x90, 0x0, 0x0, 0x8f, 0x30,
    0x7, 0xfc, 0x0, 0x0, 0xb, 0xf3, 0x1e, 0xe0,
    0x0, 0x0, 0x9f, 0x30, 0x9f, 0xe1, 0x0, 0x0,
    0x8, 0xff, 0xff, 0x80, 0x0, 0x0, 0x9f, 0x31,
    0xbd, 0x20, 0x0, 0x0, 0x0, 0x67, 0x75, 0x0,
    0x0, 0x0, 0x0, 0x0, 0x1, 0x0, 0x0, 0x0,
    0x0, 0x0, 0x0, 0x0,

    /* U+6B63 "正" */
    0x0, 0x32, 0x22, 0x22, 0x22, 0x22, 0x22, 0x22,
    0x22, 0x23, 0x0, 0xf, 0xff, 0xff, 0xff, 0xff,
    0xff, 0xff, 0xff, 0xff, 0xf1, 0x0, 0xa9, 0x99,
    0x99, 0x99, 0xdf, 0xa9, 0x99, 0x99, 0x9a, 0x0,
    0x0, 0x0, 0x0, 0x0, 0xb, 0xf3, 0x0, 0x0,
    0x0, 0x0, 0x0, 0x0, 0x0, 0x0, 0x0, 0xbf,
    0x30, 0x0, 0x0, 0x0, 0x0, 0x0, 0x0, 0x0,
    0x0, 0xb, 0xf3, 0x0, 0x0, 0x0, 0x0, 0x0,
    0x1, 0xee, 0x0, 0x0, 0xbf, 0x30, 0x0, 0x0,
    0x0, 0x0, 0x0, 0xf, 0xf0, 0x0, 0xb, 0xf3,
    0x0, 0x0, 0x0, 0x0, 0x0, 0x0, 0xff, 0x0,
    0x0, 0xbf, 0xba, 0xaa, 0xaa, 0xa6, 0x0, 0x0,
    0xf, 0xf0, 0x0, 0xb, 0xff, 0xff, 0xff, 0xff,
    0x90, 0x0, 0x0, 0xff, 0x0, 0x0, 0xbf, 0x30,
    0x0, 0x0, 0x0, 0x0, 0x0, 0xf, 0xf0, 0x0,
    0xb, 0xf3, 0x0, 0x0, 0x0, 0x0, 0x0, 0x0,
    0xff, 0x0, 0x0, 0xbf, 0x30, 0x0, 0x0, 0x0,
    0x0, 0x0, 0xf, 0xf0, 0x0, 0xb, 0xf3, 0x0,
    0x0, 0x0, 0x0, 0x0, 0x0, 0xff, 0x0, 0x0,
    0xbf, 0x30, 0x0, 0x0, 0x0, 0x0, 0x0, 0xf,
    0xf0, 0x0, 0xb, 0xf3, 0x0, 0x0, 0x0, 0x0,
    0x0, 0x0, 0xff, 0x0, 0x0, 0xbf, 0x30, 0x0,
    0x0, 0x0, 0x7, 0xcb, 0xbf, 0xfb, 0xbb, 0xbe,
    0xfc, 0xbb, 0xbb, 0xbc, 0xcb, 0x9f, 0xff, 0xff,
    0xff, 0xff, 0xff, 0xff, 0xff, 0xff, 0xff, 0xe0,
    0x0, 0x0, 0x0, 0x0, 0x0, 0x0, 0x0, 0x0,
    0x0, 0x0,

    /* U+6C14 "气" */
    0x0, 0x0, 0x7, 0x50, 0x0, 0x0, 0x0, 0x0,
    0x0, 0x0, 0x0, 0x0, 0x0, 0x1, 0xff, 0x40,
    0x0, 0x0, 0x0, 0x0, 0x0, 0x0, 0x0, 0x0,
    0x0, 0x8f, 0xa0, 0x0, 0x0, 0x0, 0x0, 0x1,
    0x11, 0x0, 0x0, 0x0, 0x2f, 0xff, 0xff, 0xff,
    0xff, 0xff, 0xff, 0xff, 0xd0, 0x0, 0x0, 0xb,
    0xfb, 0x77, 0x77, 0x77, 0x77, 0x77, 0x77, 0x87,
    0x0, 0x0, 0x5, 0xfe, 0x10, 0x0, 0x0, 0x0,
    0x0, 0x0, 0x0, 0x0, 0x0, 0x2, 0xff, 0x57,
    0x88, 0x88, 0x88, 0x88, 0x88, 0x99, 0x0, 0x0,
    0x1, 0xdf, 0xa0, 0xdf, 0xff, 0xff, 0xff, 0xff,
    0xff, 0xf1, 0x0, 0x0, 0x2a, 0xd0, 0x0, 0x0,
    0x0, 0x0, 0x0, 0x0, 0x0, 0x0, 0x0, 0x0,
    0x0, 0x0, 0x0, 0x0, 0x0, 0x0, 0x0, 0x0,
    0x0, 0x0, 0x0, 0x0, 0x89, 0x99, 0x99, 0x99,
    0x99, 0x99, 0x99, 0x95, 0x0, 0x0, 0x0, 0xd,
    0xff, 0xff, 0xff, 0xff, 0xff, 0xff, 0xff, 0x80,
    0x0, 0x0, 0x0, 0x0, 0x0, 0x0, 0x0, 0x0,
    0x0, 0x6, 0xf8, 0x0, 0x0, 0x0, 0x0, 0x0,
    0x0, 0x0, 0x0, 0x0, 0x0, 0x6f, 0x70, 0x0,
    0x0, 0x0, 0x0, 0x0, 0x0, 0x0, 0x0, 0x0,
    0x6, 0xf7, 0x0, 0x0, 0x0, 0x0, 0x0, 0x0,
    0x0, 0x0, 0x0, 0x0, 0x6f, 0x80, 0x0, 0x0,
    0x0, 0x0, 0x0, 0x0, 0x0, 0x0, 0x0, 0x4,
    0xfa, 0x0, 0x0, 0x0, 0x0, 0x0, 0x0, 0x0,
    0x0, 0x0, 0x0, 0x2f, 0xd0, 0xc, 0x20, 0x0,
    0x0, 0x0, 0x0, 0x0, 0x0, 0x0, 0x0, 0xef,
    0x33, 0xfd, 0x0, 0x0, 0x0, 0x0, 0x0, 0x0,
    0x0, 0x0, 0x9, 0xfb, 0xaf, 0x70, 0x0, 0x0,
    0x0, 0x0, 0x0, 0x0, 0x0, 0x0, 0x1f, 0xff,
    0xe1, 0x0, 0x0, 0x0, 0x0, 0x0, 0x0, 0x0,
    0x0, 0x0, 0x6f, 0xf5, 0x0, 0x0, 0x0, 0x0,
    0x0, 0x0, 0x0, 0x0, 0x0, 0x0, 0x11, 0x0,
    0x0,

    /* U+6C49 "汉" */
    0x0, 0x0, 0x0, 0x0, 0x0, 0x0, 0x0, 0x0,
    0x0, 0x0, 0x0, 0x0, 0x2e, 0x70, 0x0, 0x0,
    0x0, 0x0, 0x0, 0x0, 0x0, 0x0, 0x0, 0x4,
    0xef, 0xb1, 0xa, 0xcb, 0xbb, 0xbb, 0xbb, 0xbb,
    0xbb, 0x0, 0x0, 0x1, 0xbf, 0xe3, 0xce, 0xff,
    0xee, 0xee, 0xee, 0xef, 0xc0, 0x0, 0x0, 0x0,
    0x9c, 0x0, 0xe, 0xd0, 0x0, 0x0, 0x5, 0xf8,
    0x0, 0x0, 0x0, 0x0, 0x10, 0x0, 0xbf, 0x0,
    0x0, 0x0, 0x9f, 0x40, 0x0, 0x4, 0x0, 0x0,
    0x0, 0x7, 0xf3, 0x0, 0x0, 0xd, 0xf0, 0x0,
    0x4, 0xfc, 0x30, 0x0, 0x0, 0x3f, 0x80, 0x0,
    0x1, 0xfb, 0x0, 0x0, 0x3c, 0xff, 0x90, 0x0,
    0x0, 0xed, 0x0, 0x0, 0x7f, 0x60, 0x0, 0x0,
    0x6, 0xff, 0x90, 0x0, 0x9, 0xf2, 0x0, 0xc,
    0xf1, 0x0, 0x0, 0x0, 0x3, 0xc1, 0x0, 0x0,
    0x4f, 0x80, 0x2, 0xfa, 0x0, 0x0, 0x0, 0x0,
    0x0, 0x0, 0x0, 0x0, 0xde, 0x0, 0x9f, 0x40,
    0x0, 0x0, 0x0, 0x0, 0x10, 0x0, 0x0, 0x7,
    0xf6, 0x1f, 0xd0, 0x0, 0x0, 0x0, 0x0, 0xa,
    0x90, 0x0, 0x0, 0xe, 0xea, 0xf4, 0x0, 0x0,
    0x0, 0x0, 0x1, 0xfe, 0x0, 0x0, 0x0, 0x6f,
    0xfb, 0x0, 0x0, 0x0, 0x0, 0x0, 0x9f, 0x60,
    0x0, 0x0, 0x3, 0xff, 0x70, 0x0, 0x0, 0x0,
    0x0, 0x1f, 0xe0, 0x0, 0x0, 0x3, 0xef, 0xef,
    0x50, 0x0, 0x0, 0x0, 0xa, 0xf6, 0x0, 0x0,
    0x4, 0xef, 0x42, 0xef, 0x70, 0x0, 0x0, 0x3,
    0xfd, 0x0, 0x0, 0x8, 0xfe, 0x30, 0x3, 0xef,
    0xa1, 0x0, 0x0, 0xdf, 0x50, 0x0, 0x4d, 0xfd,
    0x20, 0x0, 0x2, 0xef, 0xe5, 0x0, 0x3e, 0xd0,
    0x4, 0xcf, 0xf8, 0x0, 0x0, 0x0, 0x1, 0xcf,
    0xfa, 0x0, 0x13, 0x0, 0x4f, 0xd3, 0x0, 0x0,
    0x0, 0x0, 0x0, 0x9e, 0x10, 0x0, 0x0, 0x0,
    0x40, 0x0, 0x0, 0x0, 0x0, 0x0, 0x0, 0x10,
    0x0,

    /* U+6C99 "沙" */
    0x0, 0x0, 0x0, 0x0, 0x0, 0x0, 0x3, 0x20,
    0x0, 0x0, 0x0, 0x0, 0x0, 0x10, 0x0, 0x0,
    0x0, 0x0, 0xfd, 0x0, 0x0, 0x0, 0x0, 0x0,
    0x6e, 0x30, 0x0, 0x0, 0x0, 0xf, 0xd0, 0x0,
    0x0, 0x0, 0x0, 0x7, 0xff, 0x50, 0x0, 0x0,
    0x0, 0xfc, 0x0, 0x0, 0x0, 0x0, 0x0, 0x5,
    0xff, 0x70, 0x0, 0x0, 0xf, 0xc0, 0x2d, 0x40,
    0x0, 0x0, 0x0, 0x6, 0xe2, 0x2, 0x94, 0x0,
    0xfc, 0x5, 0xff, 0x60, 0x0, 0x0, 0x0, 0x0,
    0x0, 0x6f, 0xe0, 0xf, 0xc0, 0x4, 0xff, 0x70,
    0x0, 0x10, 0x0, 0x0, 0x9, 0xf9, 0x0, 0xfc,
    0x0, 0x5, 0xff, 0x70, 0xd, 0xa0, 0x0, 0x0,
    0xcf, 0x40, 0xf, 0xc0, 0x0, 0x6, 0xfe, 0x22,
    0xcf, 0xe4, 0x0, 0xf, 0xf0, 0x0, 0xfc, 0x0,
    0x0, 0x7, 0x20, 0x0, 0xaf, 0xf1, 0x4, 0xfb,
    0x0, 0xf, 0xc0, 0x0, 0x0, 0x0, 0x0, 0x0,
    0x85, 0x0, 0x8f, 0x60, 0x0, 0xfc, 0x0, 0x5,
    0x20, 0x0, 0x0, 0x0, 0x0, 0xe, 0xf1, 0x0,
    0xf, 0xc0, 0x1, 0xff, 0x80, 0x0, 0x0, 0x55,
    0x0, 0x7a, 0x0, 0x0, 0xfd, 0x0, 0x9f, 0xf2,
    0x0, 0x0, 0xb, 0xf4, 0x0, 0x0, 0x0, 0xe,
    0xc0, 0x4f, 0xf5, 0x0, 0x0, 0x1, 0xfe, 0x0,
    0x0, 0x0, 0x0, 0x0, 0x1e, 0xf9, 0x0, 0x0,
    0x0, 0x7f, 0x80, 0x0, 0x0, 0x0, 0x0, 0x1d,
    0xfc, 0x0, 0x0, 0x0, 0xd, 0xf2, 0x0, 0x0,
    0x0, 0x0, 0x4e, 0xfd, 0x10, 0x0, 0x0, 0x4,
    0xfd, 0x0, 0x0, 0x0, 0x1, 0x9f, 0xfb, 0x10,
    0x0, 0x0, 0x0, 0xcf, 0x80, 0x0, 0x0, 0x18,
    0xef, 0xf7, 0x0, 0x0, 0x0, 0x0, 0x6f, 0xf2,
    0x0, 0x26, 0xbf, 0xff, 0xb2, 0x0, 0x0, 0x0,
    0x0, 0x0, 0x7c, 0x0, 0xa, 0xff, 0xfa, 0x30,
    0x0, 0x0, 0x0, 0x0, 0x0, 0x0, 0x0, 0x0,
    0x9, 0x50, 0x0, 0x0, 0x0, 0x0, 0x0, 0x0,
    0x0,

    /* U+6CAA "沪" */
    0x0, 0x0, 0x0, 0x0, 0x0, 0x0, 0x7, 0x80,
    0x0, 0x0, 0x0, 0x0, 0xca, 0x10, 0x0, 0x0,
    0x0, 0x1e, 0xf2, 0x0, 0x0, 0x0, 0x2, 0xdf,
    0xe4, 0x0, 0x0, 0x0, 0x7, 0xfb, 0x0, 0x0,
    0x0, 0x0, 0x9, 0xff, 0x50, 0x0, 0x0, 0x1,
    0xfb, 0x0, 0x0, 0x0, 0x0, 0x0, 0x6c, 0x0,
    0x5, 0x77, 0x77, 0x87, 0x77, 0x77, 0x71, 0x0,
    0x0, 0x0, 0x0, 0xb, 0xff, 0xff, 0xff, 0xff,
    0xff, 0xf2, 0x2, 0x0, 0x0, 0x0, 0xb, 0xf2,
    0x0, 0x0, 0x0, 0xc, 0xf1, 0x6f, 0x91, 0x0,
    0x0, 0xb, 0xf1, 0x0, 0x0, 0x0, 0xc, 0xf1,
    0x8f, 0xff, 0x80, 0x0, 0xb, 0xf1, 0x0, 0x0,
    0x0, 0xc, 0xf1, 0x2, 0xaf, 0xf5, 0x0, 0xb,
    0xf1, 0x0, 0x0, 0x0, 0xc, 0xf1, 0x0, 0x5,
    0x90, 0x0, 0xb, 0xf1, 0x0, 0x0, 0x0, 0xc,
    0xf1, 0x0, 0x0, 0x0, 0x0, 0xb, 0xff, 0xff,
    0xff, 0xff, 0xff, 0xf1, 0x0, 0x0, 0x3, 0x0,
    0xd, 0xf9, 0x88, 0x88, 0x88, 0x8e, 0xf2, 0x0,
    0x0, 0x5f, 0x80, 0xe, 0xf0, 0x0, 0x0, 0x0,
    0x4, 0x50, 0x0, 0x0, 0xdf, 0x40, 0xf, 0xd0,
    0x0, 0x0, 0x0, 0x0, 0x0, 0x0, 0x5, 0xfa,
    0x0, 0x4f, 0xa0, 0x0, 0x0, 0x0, 0x0, 0x0,
    0x0, 0xe, 0xf2, 0x0, 0x8f, 0x60, 0x0, 0x0,
    0x0, 0x0, 0x0, 0x0, 0x8f, 0x90, 0x0, 0xef,
    0x20, 0x0, 0x0, 0x0, 0x0, 0x0, 0x2, 0xff,
    0x10, 0x6, 0xfc, 0x0, 0x0, 0x0, 0x0, 0x0,
    0x0, 0xd, 0xf8, 0x0, 0x1e, 0xf4, 0x0, 0x0,
    0x0, 0x0, 0x0, 0x0, 0x2c, 0xf1, 0x0, 0xdf,
    0xb0, 0x0, 0x0, 0x0, 0x0, 0x0, 0x0, 0x0,
    0x20, 0x2, 0xce, 0x10, 0x0, 0x0, 0x0, 0x0,
    0x0, 0x0, 0x0, 0x0, 0x0, 0x2, 0x0, 0x0,
    0x0, 0x0, 0x0, 0x0, 0x0,

    /* U+6D25 "津" */
    0x0, 0x0, 0x0, 0x0, 0x0, 0x0, 0x7, 0x90,
    0x0, 0x0, 0x0, 0x0, 0x0, 0x30, 0x0, 0x0,
    0x0, 0x0, 0xcf, 0x0, 0x0, 0x0, 0x0, 0x0,
    0x4f, 0xc1, 0x0, 0x11, 0x10, 0xc, 0xe0, 0x0,
    0x0, 0x0, 0x0, 0x2, 0xdf, 0xe3, 0xa, 0xff,
    0xff, 0xff, 0xff, 0xff, 0xfa, 0x0, 0x0, 0x0,
    0xaf, 0xd0, 0x46, 0x65, 0x5d, 0xf5, 0x55, 0x6f,
    0xa0, 0x0, 0x0, 0x0, 0x91, 0x0, 0x0, 0x0,
    0xce, 0x0, 0x1, 0xf9, 0x0, 0x0, 0x0, 0x0,
    0x28, 0x77, 0x77, 0x7d, 0xf7, 0x77, 0x7f, 0xc7,
    0x70, 0x1c, 0x50, 0x3, 0xff, 0xff, 0xff, 0xff,
    0xff, 0xff, 0xff, 0xfd, 0x6, 0xff, 0xb1, 0x0,
    0x0, 0x0, 0xc, 0xe0, 0x0, 0x1f, 0x90, 0x0,
    0x3, 0xdf, 0xe1, 0x0, 0x0, 0x0, 0xce, 0x0,
    0x1, 0xfa, 0x0, 0x0, 0x0, 0x95, 0x0, 0xaf,
    0xff, 0xff, 0xff, 0xff, 0xff, 0xa0, 0x0, 0x0,
    0x0, 0x0, 0x5, 0x87, 0x77, 0xdf, 0x77, 0x77,
    0x75, 0x0, 0x0, 0x0, 0x26, 0x0, 0x0, 0x0,
    0xc, 0xe0, 0x0, 0x0, 0x0, 0x0, 0x0, 0x9,
    0xf5, 0x28, 0x77, 0x77, 0xdf, 0x77, 0x77, 0x78,
    0x20, 0x0, 0x1, 0xff, 0x14, 0xff, 0xff, 0xff,
    0xff, 0xff, 0xff, 0xf4, 0x0, 0x0, 0x8f, 0x80,
    0x0, 0x0, 0x0, 0xce, 0x0, 0x0, 0x0, 0x0,
    0x0, 0x1f, 0xf1, 0x0, 0x0, 0x0, 0xc, 0xe0,
    0x0, 0x0, 0x0, 0x0, 0x9, 0xf8, 0x5, 0xff,
    0xff, 0xff, 0xff, 0xff, 0xff, 0xff, 0xf2, 0x3,
    0xff, 0x10, 0x28, 0x77, 0x77, 0x7d, 0xf7, 0x77,
    0x77, 0x88, 0x10, 0xdf, 0x90, 0x0, 0x0, 0x0,
    0x0, 0xce, 0x0, 0x0, 0x0, 0x0, 0x5, 0xd2,
    0x0, 0x0, 0x0, 0x0, 0xc, 0xf0, 0x0, 0x0,
    0x0, 0x0, 0x0, 0x0, 0x0, 0x0, 0x0, 0x0,
    0xdf, 0x0, 0x0, 0x0, 0x0,

    /* U+6DF1 "深" */
    0x0, 0x0, 0x0, 0x0, 0x0, 0x0, 0x0, 0x0,
    0x0, 0x0, 0x0, 0x0, 0x1c, 0x90, 0x0, 0x0,
    0x0, 0x0, 0x0, 0x0, 0x0, 0x0, 0x0, 0x1,
    0xaf, 0xd2, 0x3f, 0xff, 0xff, 0xff, 0xff, 0xff,
    0xff, 0xf0, 0x0, 0x0, 0x7f, 0xe3, 0xfc, 0x77,
    0x77, 0x77, 0x77, 0x77, 0xef, 0x0, 0x0, 0x0,
    0x78, 0x2f, 0x90, 0x0, 0x0, 0x0, 0x0, 0xd,
    0xf0, 0x0, 0x0, 0x0, 0x2, 0xf9, 0x3, 0xc3,
    0x0, 0x5e, 0x30, 0xdf, 0x0, 0x14, 0x0, 0x0,
    0x17, 0x43, 0xef, 0x60, 0x5, 0xff, 0x42, 0x20,
    0xa, 0xfb, 0x20, 0x0, 0x5, 0xff, 0x30, 0x0,
    0x4, 0xff, 0x40, 0x0, 0x8, 0xff, 0x60, 0x9,
    0xfe, 0x30, 0xa, 0x80, 0x5, 0xff, 0x10, 0x0,
    0x4, 0xf8, 0x0, 0x6d, 0x20, 0x0, 0xfd, 0x0,
    0x7, 0x50, 0x0, 0x0, 0x2, 0x0, 0x0, 0x0,
    0x0, 0xf, 0xc0, 0x0, 0x0, 0x0, 0x0, 0x0,
    0x0, 0x0, 0x99, 0x98, 0x88, 0xfe, 0x88, 0x89,
    0x99, 0x60, 0x0, 0x0, 0x0, 0xf, 0xff, 0xff,
    0xff, 0xff, 0xff, 0xff, 0xfa, 0x0, 0x0, 0xb,
    0x30, 0x0, 0x1, 0xff, 0xfe, 0xf8, 0x0, 0x0,
    0x0, 0x0, 0x3, 0xfa, 0x0, 0x0, 0x9f, 0x6f,
    0xcb, 0xf1, 0x0, 0x0, 0x0, 0x0, 0xbf, 0x20,
    0x0, 0x3f, 0xd0, 0xfc, 0x4f, 0xb0, 0x0, 0x0,
    0x0, 0x2f, 0xb0, 0x0, 0x1e, 0xf2, 0xf, 0xc0,
    0xaf, 0x80, 0x0, 0x0, 0xa, 0xf4, 0x0, 0x1d,
    0xf5, 0x0, 0xfc, 0x1, 0xef, 0xa0, 0x0, 0x3,
    0xfd, 0x0, 0x2d, 0xf8, 0x0, 0xf, 0xc0, 0x2,
    0xef, 0xd5, 0x0, 0xcf, 0x70, 0x4f, 0xf8, 0x0,
    0x0, 0xfc, 0x0, 0x1, 0xcf, 0x50, 0x4f, 0xf1,
    0x0, 0x67, 0x0, 0x0, 0xf, 0xd0, 0x0, 0x0,
    0x30, 0x0, 0x5, 0x0, 0x0, 0x0, 0x0, 0x0,
    0xfe, 0x0, 0x0, 0x0, 0x0,

    /* U+6E1D "渝" */
    0x0, 0x0, 0x0, 0x0, 0x0, 0x0, 0x82, 0x0,
    0x0, 0x0, 0x0, 0x0, 0x2, 0x0, 0x0, 0x0,
    0x0, 0x5f, 0xf0, 0x0, 0x0, 0x0, 0x0, 0x2,
    0xfc, 0x10, 0x0, 0x0, 0xd, 0xff, 0x90, 0x0,
    0x0, 0x0, 0x0, 0x1a, 0xff, 0x50, 0x0, 0x9,
    0xf6, 0x9f, 0x70, 0x0, 0x0, 0x0, 0x0, 0x5,
    0xff, 0x30, 0x4, 0xfb, 0x0, 0xbf, 0x90, 0x0,
    0x0, 0x0, 0x0, 0x3, 0x70, 0x2, 0xee, 0x10,
    0x0, 0xbf, 0xc3, 0x0, 0x0, 0x0, 0x0, 0x0,
    0x2, 0xef, 0xb9, 0x88, 0x99, 0xcf, 0xfb, 0x40,
    0x0, 0x0, 0x0, 0x4, 0xef, 0x4d, 0xed, 0xdd,
    0xe5, 0x2b, 0xff, 0xb0, 0x7d, 0x50, 0x9, 0xfe,
    0x30, 0x0, 0x0, 0x0, 0x0, 0x4, 0xa1, 0x6,
    0xef, 0xd5, 0x3c, 0xa9, 0x99, 0x99, 0x30, 0x0,
    0x5, 0x91, 0x0, 0x0, 0x7f, 0x90, 0xe, 0xfa,
    0xad, 0xf5, 0x1e, 0x90, 0x8f, 0x10, 0x0, 0x0,
    0x10, 0x0, 0xdd, 0x0, 0x8f, 0x41, 0xf9, 0x8,
    0xf1, 0x0, 0x0, 0x0, 0x0, 0xd, 0xe7, 0x7c,
    0xf4, 0xf, 0x90, 0x8f, 0x10, 0x0, 0x0, 0x39,
    0x0, 0xdf, 0xdd, 0xef, 0x40, 0xf9, 0x8, 0xf1,
    0x0, 0x0, 0x8, 0xf5, 0xd, 0xd0, 0x8, 0xf4,
    0xf, 0x90, 0x8f, 0x10, 0x0, 0x0, 0xde, 0x0,
    0xdd, 0x0, 0x8f, 0x40, 0xf9, 0x8, 0xf1, 0x0,
    0x0, 0x4f, 0x70, 0xd, 0xff, 0xff, 0xf4, 0x1f,
    0x90, 0x8f, 0x10, 0x0, 0xb, 0xf1, 0x0, 0xde,
    0x44, 0xaf, 0x42, 0xfa, 0x8, 0xf1, 0x0, 0x3,
    0xfb, 0x0, 0xd, 0xd0, 0x8, 0xf4, 0x0, 0x0,
    0x8f, 0x10, 0x0, 0xbf, 0x50, 0x0, 0xdd, 0x0,
    0x8f, 0x40, 0x0, 0x9, 0xf1, 0x0, 0x6f, 0xe0,
    0x0, 0xe, 0xd0, 0xaf, 0xf3, 0x0, 0x9c, 0xff,
    0x0, 0x1, 0x78, 0x0, 0x0, 0xed, 0x6, 0xfb,
    0x0, 0x6, 0xfe, 0x70, 0x0, 0x0, 0x0, 0x0,
    0x0, 0x0, 0x0, 0x0, 0x0, 0x1, 0x0, 0x0,
    0x0,

    /* U+6E29 "温" */
    0x0, 0x0, 0x0, 0x0, 0x0, 0x0, 0x0, 0x0,
    0x0, 0x0, 0x0, 0x0, 0x7, 0xc1, 0x0, 0x8,
    0xbb, 0xbb, 0xbb, 0xbb, 0xbb, 0x80, 0x0, 0x0,
    0x9f, 0xe4, 0x0, 0xbf, 0xff, 0xff, 0xff, 0xff,
    0xfc, 0x0, 0x0, 0x0, 0x6f, 0xf5, 0xb, 0xf2,
    0x11, 0x11, 0x11, 0x1e, 0xc0, 0x0, 0x0, 0x0,
    0x4e, 0x10, 0xbf, 0x10, 0x0, 0x0, 0x0, 0xec,
    0x0, 0x0, 0x0, 0x0, 0x10, 0xa, 0xfa, 0xaa,
    0xaa, 0xaa, 0xaf, 0xc0, 0x0, 0x1, 0x20, 0x0,
    0x0, 0xaf, 0xff, 0xff, 0xff, 0xff, 0xfc, 0x0,
    0x0, 0xbf, 0x80, 0x0, 0xa, 0xf1, 0x0, 0x0,
    0x0, 0xe, 0xc0, 0x0, 0x1, 0xcf, 0xb1, 0x0,
    0xbf, 0x10, 0x0, 0x0, 0x0, 0xec, 0x0, 0x0,
    0x0, 0x9f, 0x30, 0xb, 0xff, 0xff, 0xff, 0xff,
    0xff, 0xc0, 0x0, 0x0, 0x0, 0x20, 0x0, 0x68,
    0x88, 0x88, 0x88, 0x88, 0x86, 0x0, 0x0, 0x0,
    0x0, 0x0, 0x0, 0x0, 0x0, 0x0, 0x0, 0x0,
    0x0, 0x0, 0x0, 0x1, 0x30, 0x0, 0x0, 0x0,
    0x0, 0x0, 0x0, 0x0, 0x0, 0x0, 0x0, 0x4f,
    0x50, 0xcf, 0xff, 0xff, 0xff, 0xff, 0xff, 0xfe,
    0x0, 0x0, 0x8, 0xf4, 0xc, 0xf9, 0x8c, 0xf8,
    0x8f, 0xe8, 0x8f, 0xe0, 0x0, 0x0, 0xde, 0x0,
    0xbf, 0x10, 0x9e, 0x0, 0xec, 0x0, 0xee, 0x0,
    0x0, 0x2f, 0xa0, 0xb, 0xf1, 0x9, 0xe0, 0xe,
    0xc0, 0xe, 0xd0, 0x0, 0x8, 0xf5, 0x0, 0xbf,
    0x10, 0x9e, 0x0, 0xec, 0x0, 0xed, 0x0, 0x0,
    0xef, 0x0, 0xb, 0xf1, 0x9, 0xe0, 0xe, 0xc0,
    0xe, 0xd0, 0x0, 0x6f, 0xb0, 0x0, 0xbf, 0x10,
    0x9e, 0x0, 0xec, 0x0, 0xed, 0x0, 0xd, 0xf6,
    0xa, 0xae, 0xfa, 0x9d, 0xf9, 0x9f, 0xe9, 0x9f,
    0xf9, 0xa0, 0x6e, 0x10, 0xff, 0xee, 0xee, 0xee,
    0xee, 0xee, 0xee, 0xee, 0xff, 0x0, 0x10, 0x0,
    0x0, 0x0, 0x0, 0x0, 0x0, 0x0, 0x0, 0x0,
    0x0,

    /* U+6E7F "湿" */
    0x0, 0x0, 0x0, 0x0, 0x0, 0x0, 0x0, 0x0,
    0x0, 0x0, 0x0, 0x0, 0xb, 0x40, 0x0, 0x6,
    0x99, 0x99, 0x99, 0x99, 0x99, 0x98, 0x0, 0x3,
    0xff, 0x60, 0x0, 0xaf, 0xff, 0xff, 0xff, 0xff,
    0xff, 0xf0, 0x0, 0x2, 0xdf, 0x90, 0x9, 0xf1,
    0x0, 0x0, 0x0, 0x0, 0xcf, 0x0, 0x0, 0x1,
    0xdf, 0x50, 0x9f, 0x10, 0x0, 0x0, 0x0, 0xc,
    0xe0, 0x0, 0x0, 0x1, 0x60, 0x9, 0xfa, 0xaa,
    0xaa, 0xaa, 0xaa, 0xee, 0x0, 0x0, 0x0, 0x0,
    0x0, 0x9f, 0xff, 0xff, 0xff, 0xff, 0xff, 0xe0,
    0x0, 0x92, 0x0, 0x0, 0x9, 0xf1, 0x0, 0x0,
    0x0, 0x0, 0xce, 0x0, 0x5f, 0xf7, 0x0, 0x0,
    0x9f, 0x10, 0x0, 0x0, 0x0, 0xc, 0xf0, 0x0,
    0x5e, 0xfc, 0x20, 0xa, 0xfa, 0x99, 0x99, 0x99,
    0x99, 0xef, 0x0, 0x0, 0x2c, 0xf2, 0x0, 0xaf,
    0xff, 0xff, 0xff, 0xff, 0xff, 0xf0, 0x0, 0x0,
    0x4, 0x0, 0x0, 0x0, 0x0, 0x0, 0x0, 0x0,
    0x0, 0x0, 0x0, 0x0, 0x0, 0x0, 0x0, 0x9,
    0xc1, 0x0, 0xdb, 0x0, 0x0, 0x0, 0x0, 0x25,
    0x1, 0xba, 0x0, 0xcf, 0x10, 0xf, 0xd0, 0x1,
    0xe6, 0x0, 0x7, 0xf5, 0xe, 0xf2, 0xb, 0xf1,
    0x0, 0xfd, 0x0, 0x7f, 0x90, 0x0, 0xcf, 0x10,
    0x7f, 0x80, 0xbf, 0x10, 0xf, 0xd0, 0xe, 0xf1,
    0x0, 0x1f, 0xa0, 0x0, 0xfe, 0xb, 0xf1, 0x0,
    0xfc, 0x8, 0xf7, 0x0, 0x8, 0xf4, 0x0, 0x9,
    0xf4, 0xbf, 0x10, 0xf, 0xc3, 0xfd, 0x0, 0x0,
    0xee, 0x0, 0x0, 0x3d, 0x3b, 0xf1, 0x0, 0xfc,
    0x6f, 0x30, 0x0, 0x5f, 0x80, 0x0, 0x0, 0x0,
    0xbf, 0x10, 0xf, 0xc0, 0x10, 0x0, 0xd, 0xf2,
    0x0, 0x68, 0x88, 0x8d, 0xf8, 0x88, 0xfe, 0x88,
    0x88, 0x62, 0xdd, 0x0, 0xa, 0xfe, 0xee, 0xee,
    0xee, 0xee, 0xee, 0xef, 0xfa, 0x0, 0x30, 0x0,
    0x0, 0x0, 0x0, 0x0, 0x0, 0x0, 0x0, 0x0,
    0x0,

    /* U+7535 "电" */
    0x0, 0x0, 0x0, 0x0, 0x78, 0x10, 0x0, 0x0,
    0x0, 0x0, 0x0, 0x0, 0x0, 0x0, 0x0, 0xdf,
    0x10, 0x0, 0x0, 0x0, 0x0, 0x0, 0x0, 0x0,
    0x0, 0x0, 0xdf, 0x10, 0x0, 0x0, 0x0, 0x0,
    0x0, 0x0, 0x0, 0x0, 0x0, 0xcf, 0x10, 0x0,
    0x0, 0x0, 0x0, 0x0, 0x39, 0x99, 0x99, 0x99,
    0xef, 0x99, 0x99, 0x99, 0x96, 0x0, 0x0, 0x4f,
    0xff, 0xff, 0xff, 0xff, 0xff, 0xff, 0xff, 0xfa,
    0x0, 0x0, 0x4f, 0xd0, 0x0, 0x0, 0xcf, 0x10,
    0x0, 0x4, 0xfa, 0x0, 0x0, 0x4f, 0xd0, 0x0,
    0x0, 0xcf, 0x10, 0x0, 0x4, 0xfa, 0x0, 0x0,
    0x4f, 0xd0, 0x0, 0x0, 0xcf, 0x10, 0x0, 0x4,
    0xfa, 0x0, 0x0, 0x4f, 0xe8, 0x88, 0x88, 0xef,
    0x88, 0x88, 0x8a, 0xfa, 0x0, 0x0, 0x4f, 0xff,
    0xff, 0xff, 0xff, 0xff, 0xff, 0xff, 0xfa, 0x0,
    0x0, 0x4f, 0xd0, 0x0, 0x0, 0xcf, 0x10, 0x0,
    0x4, 0xfa, 0x0, 0x0, 0x4f, 0xd0, 0x0, 0x0,
    0xcf, 0x10, 0x0, 0x4, 0xfa, 0x0, 0x0, 0x4f,
    0xd0, 0x0, 0x0, 0xcf, 0x10, 0x0, 0x4, 0xfa,
    0x0, 0x0, 0x4f, 0xd0, 0x0, 0x0, 0xcf, 0x10,
    0x0, 0x4, 0xfa, 0x0, 0x0, 0x4f, 0xff, 0xff,
    0xff, 0xff, 0xff, 0xff, 0xff, 0xfa, 0x0, 0x0,
    0x4f, 0xe8, 0x88, 0x88, 0xef, 0x98, 0x88, 0x88,
    0x86, 0x0, 0x0, 0x4f, 0xd0, 0x0, 0x0, 0xcf,
    0x10, 0x0, 0x0, 0x0, 0x0, 0x0, 0x2, 0x10,
    0x0, 0x0, 0xcf, 0x10, 0x0, 0x0, 0x0, 0xd,
    0x81, 0x0, 0x0, 0x0, 0x0, 0xcf, 0x40, 0x0,
    0x0, 0x0, 0x4f, 0xf0, 0x0, 0x0, 0x0, 0x0,
    0x9f, 0xfb, 0xbb, 0xbb, 0xbb, 0xff, 0x90, 0x0,
    0x0, 0x0, 0x0, 0x1a, 0xde, 0xee, 0xee, 0xee,
    0xda, 0x0,

    /* U+77E5 "知" */
    0x0, 0x2, 0x20, 0x0, 0x0, 0x0, 0x0, 0x0,
    0x0, 0x0, 0x0, 0x0, 0x8, 0xf9, 0x0, 0x0,
    0x0, 0x0, 0x0, 0x0, 0x0, 0x0, 0x0, 0xc,
    0xf1, 0x0, 0x0, 0x0, 0x0, 0x0, 0x0, 0x0,
    0x0, 0x0, 0x1f, 0xb0, 0x0, 0x0, 0x0, 0x56,
    0x66, 0x66, 0x66, 0x61, 0x0, 0x6f, 0xc8, 0x88,
    0x99, 0x90, 0xdf, 0xff, 0xff, 0xff, 0xf2, 0x0,
    0xcf, 0xff, 0xff, 0xff, 0xf0, 0xdf, 0x21, 0x11,
    0x1d, 0xf1, 0x2, 0xfb, 0x0, 0xfd, 0x0, 0x0,
    0xcf, 0x10, 0x0, 0xc, 0xf1, 0xa, 0xf5, 0x0,
    0xfd, 0x0, 0x0, 0xcf, 0x10, 0x0, 0xc, 0xf1,
    0x1e, 0xd0, 0x0, 0xfc, 0x0, 0x0, 0xcf, 0x10,
    0x0, 0xc, 0xf1, 0x0, 0x10, 0x1, 0xfb, 0x0,
    0x0, 0xcf, 0x10, 0x0, 0xc, 0xf1, 0x1, 0x10,
    0x3, 0xfb, 0x1, 0x10, 0xcf, 0x10, 0x0, 0xc,
    0xf1, 0x7f, 0xff, 0xff, 0xff, 0xff, 0xf7, 0xcf,
    0x10, 0x0, 0xc, 0xf1, 0x49, 0x98, 0x8c, 0xfb,
    0x89, 0x94, 0xcf, 0x10, 0x0, 0xc, 0xf1, 0x0,
    0x0, 0xa, 0xf3, 0x0, 0x0, 0xcf, 0x10, 0x0,
    0xc, 0xf1, 0x0, 0x0, 0xe, 0xf3, 0x0, 0x0,
    0xcf, 0x10, 0x0, 0xc, 0xf1, 0x0, 0x0, 0x5f,
    0xff, 0x50, 0x0, 0xcf, 0x10, 0x0, 0xc, 0xf1,
    0x0, 0x0, 0xcf, 0x5d, 0xf7, 0x0, 0xcf, 0x98,
    0x88, 0x8e, 0xf1, 0x0, 0x5, 0xfb, 0x1, 0xdf,
    0x60, 0xcf, 0xff, 0xff, 0xff, 0xf1, 0x0, 0xe,
    0xf2, 0x0, 0x1e, 0xf2, 0xdf, 0x10, 0x0, 0xc,
    0xf1, 0x0, 0xbf, 0x70, 0x0, 0x5, 0x50, 0xdf,
    0x10, 0x0, 0xc, 0xf2, 0x9, 0xfb, 0x0, 0x0,
    0x0, 0x0, 0xbd, 0x10, 0x0, 0x5, 0x71, 0x7,
    0xd0, 0x0, 0x0, 0x0, 0x0, 0x0, 0x0, 0x0,
    0x0, 0x0, 0x0, 0x0, 0x0, 0x0, 0x0, 0x0,
    0x0, 0x0, 0x0, 0x0, 0x0,

    /* U+7801 "码" */
    0x0, 0x0, 0x0, 0x0, 0x0, 0x9, 0x87, 0x66,
    0x66, 0x66, 0x30, 0x0, 0xdf, 0xff, 0xff, 0xff,
    0xf2, 0xff, 0xff, 0xff, 0xff, 0xf5, 0x0, 0x7,
    0x87, 0xbf, 0x97, 0x78, 0x1, 0x0, 0x0, 0x0,
    0x8f, 0x20, 0x0, 0x0, 0x9, 0xf1, 0x0, 0x0,
    0x6, 0x72, 0x0, 0xa, 0xf0, 0x0, 0x0, 0x0,
    0xce, 0x0, 0x0, 0x0, 0xaf, 0x30, 0x0, 0xce,
    0x0, 0x0, 0x0, 0x1f, 0xa0, 0x0, 0x0, 0xc,
    0xf0, 0x0, 0xe, 0xc0, 0x0, 0x0, 0x5, 0xf6,
    0x0, 0x0, 0x0, 0xdd, 0x0, 0x0, 0xfa, 0x0,
    0x0, 0x0, 0xaf, 0x87, 0x77, 0x40, 0xe, 0xb0,
    0x0, 0x2f, 0x80, 0x0, 0x0, 0x1f, 0xff, 0xff,
    0xf9, 0x0, 0xf9, 0x0, 0x4, 0xf6, 0x0, 0x0,
    0x8, 0xff, 0x31, 0x2f, 0x80, 0x2f, 0x80, 0x0,
    0x6f, 0x50, 0x0, 0x0, 0xef, 0xf1, 0x1, 0xf8,
    0x4, 0xff, 0xff, 0xff, 0xff, 0xff, 0x20, 0x9f,
    0xef, 0x10, 0x1f, 0x80, 0x27, 0x77, 0x77, 0x77,
    0x7d, 0xf1, 0x2f, 0xd9, 0xf1, 0x1, 0xf8, 0x0,
    0x0, 0x0, 0x0, 0x0, 0xcf, 0x0, 0xb4, 0x9f,
    0x10, 0x1f, 0x80, 0x0, 0x0, 0x0, 0x0, 0xd,
    0xe0, 0x0, 0x9, 0xf1, 0x1, 0xf8, 0x7d, 0xdd,
    0xdd, 0xdd, 0xd9, 0xfd, 0x0, 0x0, 0x9f, 0x98,
    0x9f, 0x87, 0xcb, 0xbb, 0xbb, 0xcc, 0x8f, 0xb0,
    0x0, 0x9, 0xff, 0xff, 0xf8, 0x0, 0x0, 0x0,
    0x0, 0x1, 0xf9, 0x0, 0x0, 0x9f, 0x10, 0x1f,
    0x90, 0x0, 0x0, 0x0, 0x0, 0x4f, 0x70, 0x0,
    0xa, 0xf1, 0x0, 0x74, 0x0, 0x0, 0x0, 0x0,
    0xa, 0xf3, 0x0, 0x0, 0x35, 0x0, 0x0, 0x0,
    0x0, 0x0, 0xb, 0xde, 0xfd, 0x0, 0x0, 0x0,
    0x0, 0x0, 0x0, 0x0, 0x0, 0x0, 0x8f, 0xfb,
    0x20, 0x0, 0x0, 0x0, 0x0, 0x0, 0x0, 0x0,
    0x0, 0x1, 0x10, 0x0, 0x0,

    /* U+79D2 "秒" */
    0x0, 0x0, 0x0, 0x0, 0x0, 0x0, 0x0, 0xc,
    0xf0, 0x0, 0x0, 0x0, 0x0, 0x0, 0x0, 0x28,
    0xe3, 0x0, 0x0, 0xd, 0xf0, 0x0, 0x0, 0x0,
    0x0, 0x36, 0x9d, 0xff, 0xfa, 0x0, 0x0, 0xc,
    0xe0, 0x0, 0x0, 0x0, 0x3, 0xff, 0xee, 0xf4,
    0x0, 0x0, 0x0, 0xc, 0xe0, 0x0, 0x0, 0x0,
    0x0, 0x43, 0x9, 0xf1, 0x0, 0x0, 0x30, 0xc,
    0xe0, 0x8, 0x0, 0x0, 0x0, 0x0, 0x9, 0xf1,
    0x0, 0x3, 0xfe, 0xc, 0xe0, 0x9f, 0x90, 0x0,
    0x0, 0x0, 0x9, 0xf1, 0x0, 0x5, 0xfa, 0xc,
    0xe0, 0x2e, 0xf5, 0x0, 0xa, 0xaa, 0xad, 0xfa,
    0xab, 0x8, 0xf6, 0xc, 0xe0, 0x4, 0xff, 0x20,
    0xe, 0xff, 0xff, 0xff, 0xff, 0xb, 0xf3, 0xc,
    0xe0, 0x0, 0x9f, 0xc0, 0x0, 0x0, 0x2f, 0xf1,
    0x0, 0xe, 0xf0, 0xc, 0xe0, 0x0, 0x1c, 0x40,
    0x0, 0x0, 0x7f, 0xf1, 0x0, 0x3f, 0xc0, 0xc,
    0xe0, 0x0, 0x0, 0x0, 0x0, 0x0, 0xdf, 0xf3,
    0xc8, 0x8f, 0x90, 0xc, 0xe0, 0x7, 0xc5, 0x0,
    0x0, 0x4, 0xff, 0xf2, 0xef, 0x23, 0x20, 0xc,
    0xf0, 0xd, 0xfa, 0x0, 0x0, 0xc, 0xfe, 0xf1,
    0x6f, 0xa0, 0x0, 0xd, 0xf0, 0x5f, 0xe0, 0x0,
    0x0, 0x7f, 0xbb, 0xf1, 0xd, 0x70, 0x0, 0x6,
    0x70, 0xdf, 0x50, 0x0, 0x4, 0xff, 0x3b, 0xf1,
    0x0, 0x0, 0x0, 0x0, 0x9, 0xfb, 0x0, 0x0,
    0x1f, 0xf9, 0xb, 0xf1, 0x0, 0x0, 0x0, 0x0,
    0x7f, 0xd1, 0x0, 0x0, 0x7, 0xd0, 0xb, 0xf1,
    0x0, 0x0, 0x0, 0x9, 0xfe, 0x20, 0x0, 0x0,
    0x0, 0x10, 0xb, 0xf1, 0x0, 0x0, 0x5, 0xdf,
    0xc2, 0x0, 0x0, 0x0, 0x0, 0x0, 0xb, 0xf1,
    0x4, 0x6a, 0xef, 0xf8, 0x0, 0x0, 0x0, 0x0,
    0x0, 0x0, 0xc, 0xf1, 0xe, 0xff, 0xf9, 0x20,
    0x0, 0x0, 0x0, 0x0, 0x0, 0x0, 0xd, 0xf2,
    0x6, 0xa5, 0x0, 0x0, 0x0, 0x0, 0x0, 0x0,

    /* U+7A57 "穗" */
    0x0, 0x0, 0x0, 0x2, 0x0, 0x0, 0x0, 0x7d,
    0x20, 0x0, 0x0, 0x0, 0x0, 0x1, 0x48, 0xdf,
    0x21, 0x10, 0x0, 0x9f, 0x20, 0x0, 0x11, 0x0,
    0x9, 0xef, 0xff, 0xd9, 0x3d, 0xff, 0xff, 0xff,
    0xff, 0xff, 0xff, 0x20, 0x6, 0xc8, 0xce, 0x0,
    0x5, 0x65, 0x55, 0xbf, 0x65, 0x55, 0x66, 0x10,
    0x0, 0x0, 0xae, 0x0, 0x0, 0x0, 0x0, 0x8f,
    0x10, 0x0, 0x0, 0x0, 0x0, 0x0, 0xae, 0x0,
    0x9, 0xff, 0xff, 0xff, 0xff, 0xff, 0xf9, 0x0,
    0x0, 0x0, 0xae, 0x0, 0x9, 0xf5, 0x55, 0xaf,
    0x55, 0x55, 0xf9, 0x0, 0xd, 0xcc, 0xef, 0xcc,
    0x58, 0xf5, 0x44, 0xaf, 0x54, 0x45, 0xf8, 0x0,
    0xc, 0xba, 0xff, 0xab, 0x58, 0xff, 0xff, 0xff,
    0xff, 0xff, 0xf8, 0x0, 0x0, 0x1, 0xfe, 0x0,
    0x8, 0xf3, 0x22, 0x9f, 0x32, 0x23, 0xf9, 0x0,
    0x0, 0x5, 0xfe, 0x0, 0x9, 0xf7, 0x77, 0xbf,
    0x77, 0x77, 0xf9, 0x0, 0x0, 0x9, 0xfe, 0x8a,
    0x9, 0xff, 0xff, 0xff, 0xff, 0xff, 0xfa, 0x0,
    0x0, 0xe, 0xfe, 0xcf, 0x60, 0x0, 0x0, 0x8f,
    0x10, 0x2c, 0x90, 0x0, 0x0, 0x5f, 0xee, 0x1e,
    0xd1, 0x11, 0x23, 0xaf, 0x77, 0x9f, 0xf7, 0x0,
    0x0, 0xdd, 0xae, 0x3, 0x1b, 0xff, 0xff, 0xff,
    0xed, 0xba, 0xff, 0x30, 0x6, 0xf7, 0xae, 0x0,
    0x7, 0xc9, 0x64, 0x21, 0x10, 0x0, 0x48, 0x0,
    0x1f, 0xf1, 0xae, 0x0, 0x1, 0x1, 0x52, 0xe,
    0xb0, 0x2, 0x80, 0x0, 0x7, 0x80, 0xae, 0x0,
    0x4f, 0x65, 0xf7, 0xb, 0xf1, 0x9, 0xf6, 0x0,
    0x0, 0x0, 0xae, 0x0, 0x6f, 0x45, 0xf6, 0x6,
    0xc3, 0x10, 0xdf, 0x20, 0x0, 0x0, 0xbf, 0x0,
    0xaf, 0x4, 0xf7, 0x0, 0x1, 0xf9, 0x4f, 0xb0,
    0x0, 0x0, 0xbf, 0x0, 0xeb, 0x3, 0xfe, 0xa9,
    0x9d, 0xfc, 0xa, 0x70, 0x0, 0x0, 0xcf, 0x11,
    0x75, 0x0, 0xaf, 0xff, 0xff, 0xc2, 0x0, 0x0,

    /* U+7D22 "索" */
    0x0, 0x0, 0x0, 0x0, 0x0, 0x54, 0x0, 0x0,
    0x0, 0x0, 0x0, 0x0, 0x0, 0x0, 0x0, 0x0,
    0xfe, 0x0, 0x0, 0x0, 0x0, 0x0, 0x0, 0x56,
    0x55, 0x55, 0x55, 0xfe, 0x55, 0x55, 0x55, 0x66,
    0x0, 0x0, 0xcf, 0xff, 0xff, 0xff, 0xff, 0xff,
    0xff, 0xff, 0xff, 0x0, 0x0, 0x0, 0x0, 0x0,
    0x0, 0xfe, 0x0, 0x0, 0x0, 0x0, 0x0, 0x1,
    0x11, 0x11, 0x11, 0x11, 0xfe, 0x11, 0x11, 0x11,
    0x11, 0x10, 0x1f, 0xff, 0xff, 0xff, 0xff, 0xff,
    0xff, 0xff, 0xff, 0xff, 0xf2, 0x1f, 0xd5, 0x55,
    0x55, 0x57, 0x55, 0x55, 0x55, 0x55, 0x5d, 0xf1,
    0x1f, 0xc0, 0x0, 0x0, 0x9f, 0xa1, 0x0, 0x0,
    0x0, 0xc, 0xf1, 0x1f, 0xc0, 0x0, 0xa, 0xfc,
    0x30, 0x0, 0x96, 0x0, 0xb, 0xe2, 0x8, 0x60,
    0x16, 0xee, 0x50, 0x0, 0x4d, 0xff, 0x70, 0x0,
    0x0, 0x0, 0x4, 0xff, 0xff, 0xff, 0xff, 0xff,
    0x81, 0x0, 0x0, 0x0, 0x0, 0x0, 0xc9, 0x65,
    0x5c, 0xff, 0x91, 0x2, 0x90, 0x0, 0x0, 0x0,
    0x0, 0x0, 0x5, 0xef, 0xa2, 0x0, 0xc, 0xfd,
    0x10, 0x0, 0x0, 0x0, 0x27, 0xef, 0xb3, 0x1,
    0x23, 0x35, 0xff, 0xe1, 0x0, 0x0, 0x7e, 0xff,
    0xff, 0xff, 0xff, 0xff, 0xff, 0xef, 0xfd, 0x10,
    0x0, 0x6e, 0xc9, 0x87, 0x66, 0xdf, 0x31, 0x0,
    0x1, 0xda, 0x0, 0x0, 0x0, 0x7, 0x10, 0x0,
    0xcf, 0x10, 0x5, 0x70, 0x0, 0x0, 0x0, 0x2,
    0xdf, 0xb0, 0x0, 0xcf, 0x10, 0x2e, 0xfd, 0x30,
    0x0, 0x0, 0x7f, 0xf9, 0x0, 0x0, 0xcf, 0x10,
    0x0, 0x9f, 0xf8, 0x0, 0x2d, 0xfe, 0x50, 0x2,
    0x68, 0xff, 0x0, 0x0, 0x4, 0xef, 0xc0, 0x6,
    0xb1, 0x0, 0x0, 0xef, 0xfb, 0x0, 0x0, 0x0,
    0x1b, 0x20, 0x0, 0x0, 0x0, 0x0, 0x66, 0x20,
    0x0, 0x0, 0x0, 0x0, 0x0,

    /* U+7EDC "络" */
    0x0, 0x0, 0x0, 0x0, 0x0, 0x0, 0x2, 0x0,
    0x0, 0x0, 0x0, 0x0, 0x0, 0x0, 0x32, 0x0,
    0x0, 0x0, 0x5f, 0xd0, 0x0, 0x0, 0x0, 0x0,
    0x0, 0x0, 0x9f, 0x70, 0x0, 0x0, 0xaf, 0x70,
    0x0, 0x0, 0x0, 0x0, 0x0, 0x0, 0xef, 0x20,
    0x0, 0x0, 0xff, 0x98, 0x88, 0x88, 0x85, 0x0,
    0x0, 0x5, 0xf8, 0x0, 0x0, 0x7, 0xff, 0xff,
    0xff, 0xff, 0xf2, 0x0, 0x0, 0xc, 0xf1, 0x7,
    0x10, 0x1f, 0xfe, 0x0, 0x0, 0x6f, 0xa0, 0x0,
    0x0, 0x4f, 0x70, 0x1f, 0xf1, 0x9f, 0xdf, 0x70,
    0x1, 0xef, 0x10, 0x0, 0x1, 0xee, 0x0, 0x8f,
    0x85, 0xfc, 0xe, 0xf2, 0xb, 0xf6, 0x0, 0x0,
    0xc, 0xfb, 0x77, 0xfe, 0xa, 0xf2, 0x6, 0xfc,
    0x9f, 0xa0, 0x0, 0x0, 0xe, 0xff, 0xef, 0xf5,
    0x0, 0x20, 0x0, 0xbf, 0xfc, 0x0, 0x0, 0x0,
    0x4, 0x30, 0x1f, 0xc0, 0x0, 0x0, 0x4, 0xef,
    0xfd, 0x40, 0x0, 0x0, 0x0, 0x0, 0x9f, 0x30,
    0x0, 0x6, 0xdf, 0xe6, 0x8f, 0xfd, 0x83, 0x0,
    0x0, 0x3, 0xf9, 0x0, 0x1b, 0xff, 0xf9, 0x10,
    0x1, 0x9f, 0xff, 0xf2, 0x0, 0x1d, 0xe1, 0x14,
    0x3a, 0xfd, 0x87, 0x77, 0x77, 0x78, 0xdd, 0xc0,
    0x2, 0xdf, 0xef, 0xff, 0x81, 0xa, 0xff, 0xff,
    0xff, 0xff, 0xb0, 0x10, 0x0, 0xff, 0xfc, 0x97,
    0x30, 0x9, 0xf1, 0x0, 0x0, 0x1f, 0xa0, 0x0,
    0x0, 0x42, 0x0, 0x0, 0x0, 0x9, 0xf1, 0x0,
    0x0, 0x1f, 0x90, 0x0, 0x0, 0x0, 0x0, 0x4,
    0x80, 0x9, 0xf1, 0x0, 0x0, 0x1f, 0x90, 0x0,
    0x0, 0x4, 0x7b, 0xff, 0xf0, 0x9, 0xf1, 0x0,
    0x0, 0x1f, 0x90, 0x0, 0x4, 0xff, 0xfe, 0xa5,
    0x10, 0x9, 0xff, 0xff, 0xff, 0xff, 0x90, 0x0,
    0x0, 0xda, 0x50, 0x0, 0x0, 0xa, 0xf9, 0x88,
    0x88, 0x9f, 0xa0, 0x0, 0x0, 0x0, 0x0, 0x0,
    0x0, 0xa, 0xf1, 0x0, 0x0, 0x1f, 0xa0, 0x0,
    0x0, 0x0, 0x0, 0x0, 0x0, 0x2, 0x30, 0x0,
    0x0, 0x0, 0x0, 0x0,

    /* U+7F51 "网" */
    0x88, 0x88, 0x88, 0x88, 0x88, 0x88, 0x88, 0x88,
    0x88, 0x88, 0xef, 0xff, 0xff, 0xff, 0xff, 0xff,
    0xff, 0xff, 0xff, 0xfe, 0xdf, 0x10, 0x0, 0x0,
    0x0, 0x0, 0x0, 0x0, 0x1, 0xfd, 0xcf, 0x10,
    0x0, 0x0, 0x30, 0x0, 0x0, 0x2, 0x1, 0xfc,
    0xcf, 0x11, 0x30, 0x0, 0xfe, 0x20, 0x0, 0x2f,
    0x91, 0xfc, 0xcf, 0x3f, 0xe0, 0x3, 0xfc, 0x3,
    0x0, 0x6f, 0xa1, 0xfc, 0xcf, 0x17, 0xf7, 0x7,
    0xf5, 0xbf, 0x30, 0xaf, 0x31, 0xfc, 0xcf, 0x10,
    0xdf, 0x2c, 0xf0, 0x5f, 0xb0, 0xed, 0x1, 0xfc,
    0xcf, 0x10, 0x3f, 0xbf, 0xa0, 0xb, 0xf8, 0xf8,
    0x1, 0xfc, 0xcf, 0x10, 0xa, 0xff, 0x40, 0x2,
    0xff, 0xf2, 0x1, 0xfc, 0xcf, 0x10, 0x2, 0xff,
    0x0, 0x0, 0x9f, 0xc0, 0x1, 0xfc, 0xcf, 0x10,
    0x6, 0xff, 0x70, 0x0, 0x9f, 0xe0, 0x1, 0xfc,
    0xcf, 0x10, 0xe, 0xee, 0xf2, 0x2, 0xff, 0xf7,
    0x1, 0xfc, 0xcf, 0x10, 0x8f, 0x67, 0xfb, 0xc,
    0xf6, 0xff, 0x11, 0xfc, 0xcf, 0x12, 0xfd, 0x0,
    0xc3, 0x7f, 0xb0, 0x9f, 0x91, 0xfc, 0xcf, 0x1b,
    0xf4, 0x0, 0x5, 0xff, 0x10, 0x1f, 0xc1, 0xfc,
    0xcf, 0x6f, 0xb0, 0x0, 0x1e, 0xf5, 0x0, 0x1,
    0x1, 0xfc, 0xcf, 0x13, 0x10, 0x0, 0x0, 0x60,
    0x0, 0x0, 0x1, 0xfc, 0xdf, 0x10, 0x0, 0x0,
    0x0, 0x0, 0x0, 0x0, 0x5, 0xfc, 0xdf, 0x10,
    0x0, 0x0, 0x0, 0x0, 0x0, 0xc, 0xff, 0xfa,
    0xff, 0x10, 0x0, 0x0, 0x0, 0x0, 0x0, 0x4,
    0xeb, 0x81,

    /* U+83B7 "获" */
    0x0, 0x0, 0x0, 0x13, 0x20, 0x0, 0x3, 0x51,
    0x0, 0x0, 0x0, 0x0, 0x0, 0x0, 0x4f, 0x90,
    0x0, 0xb, 0xf2, 0x0, 0x0, 0x0, 0x0, 0x0,
    0x0, 0x3f, 0x90, 0x0, 0xa, 0xf2, 0x0, 0x0,
    0x0, 0xd, 0xff, 0xff, 0xff, 0xff, 0xff, 0xff,
    0xff, 0xff, 0xff, 0xd0, 0x8, 0x98, 0x88, 0xaf,
    0xc8, 0x88, 0x8d, 0xf9, 0x88, 0x89, 0x80, 0x0,
    0x0, 0x0, 0x4f, 0x90, 0x0, 0xb, 0xf2, 0x0,
    0x0, 0x0, 0x0, 0x0, 0x0, 0x27, 0x40, 0x0,
    0x4, 0x61, 0x0, 0x0, 0x0, 0x0, 0xbc, 0x20,
    0x8d, 0x20, 0x0, 0xa, 0xa1, 0x19, 0x20, 0x0,
    0x0, 0x6f, 0xfb, 0xfb, 0x10, 0x0, 0xc, 0xf1,
    0x5f, 0xd1, 0x0, 0x0, 0x4, 0xff, 0x90, 0x0,
    0x0, 0xc, 0xf0, 0x7, 0xfb, 0x0, 0x0, 0x6f,
    0xef, 0xc0, 0x0, 0x0, 0xc, 0xf0, 0x0, 0x93,
    0x0, 0x3d, 0xfb, 0x18, 0xf3, 0x4f, 0xff, 0xff,
    0xff, 0xff, 0xff, 0xd0, 0xa, 0x50, 0x8, 0xf8,
    0x29, 0x99, 0x8f, 0xfa, 0x88, 0x89, 0x80, 0x0,
    0x0, 0x6f, 0xfc, 0x0, 0x0, 0x2f, 0xf6, 0x0,
    0x0, 0x0, 0x0, 0x8, 0xf9, 0xbe, 0x0, 0x0,
    0x7f, 0xfc, 0x0, 0x0, 0x0, 0x1, 0xbf, 0x90,
    0xaf, 0x0, 0x0, 0xee, 0x8f, 0x30, 0x0, 0x0,
    0x4f, 0xf6, 0x0, 0xbf, 0x0, 0x6, 0xf7, 0x1f,
    0xd0, 0x0, 0x0, 0x9, 0x30, 0x0, 0xde, 0x0,
    0x1e, 0xe0, 0x7, 0xfb, 0x0, 0x0, 0x0, 0x0,
    0x3, 0xfa, 0x0, 0xcf, 0x50, 0x0, 0xbf, 0xb0,
    0x0, 0x0, 0x0, 0x4e, 0xf4, 0x1c, 0xf9, 0x0,
    0x0, 0x1c, 0xfd, 0x30, 0x0, 0xae, 0xff, 0x63,
    0xef, 0xb0, 0x0, 0x0, 0x1, 0xcf, 0xc1, 0x0,
    0x8d, 0x81, 0x0, 0xa9, 0x0, 0x0, 0x0, 0x0,
    0x9, 0x10, 0x0, 0x0, 0x0, 0x0, 0x0, 0x0,
    0x0, 0x0, 0x0, 0x0, 0x0,

    /* U+84C9 "蓉" */
    0x0, 0x0, 0x0, 0x6, 0x81, 0x0, 0x0, 0x16,
    0x50, 0x0, 0x0, 0x0, 0x0, 0x0, 0x0, 0xcf,
    0x10, 0x0, 0x2, 0xfb, 0x0, 0x0, 0x0, 0x5,
    0x99, 0x88, 0x8e, 0xf8, 0x88, 0x88, 0x9f, 0xd8,
    0x88, 0x89, 0x90, 0x9f, 0xff, 0xff, 0xff, 0xff,
    0xff, 0xff, 0xff, 0xff, 0xff, 0xff, 0x0, 0x0,
    0x0, 0xc, 0xf0, 0x0, 0x0, 0x1f, 0xb0, 0x0,
    0x0, 0x0, 0x0, 0x0, 0x0, 0xbd, 0x0, 0xdf,
    0x11, 0xd9, 0x0, 0x0, 0x0, 0x0, 0x33, 0x33,
    0x33, 0x33, 0x3c, 0xf6, 0x33, 0x33, 0x33, 0x33,
    0x0, 0xe, 0xff, 0xff, 0xff, 0xff, 0xff, 0xff,
    0xff, 0xff, 0xff, 0xe0, 0x0, 0xdf, 0x33, 0x33,
    0x33, 0x33, 0x33, 0x33, 0x43, 0x33, 0xfd, 0x0,
    0xe, 0xf0, 0x2, 0xe7, 0x0, 0x64, 0x0, 0x9f,
    0x50, 0xf, 0xe0, 0x0, 0x55, 0x3, 0xef, 0x90,
    0x4f, 0xf8, 0x6, 0xff, 0x80, 0x33, 0x0, 0x0,
    0x7, 0xff, 0x40, 0x5f, 0xff, 0xd1, 0x2, 0xdf,
    0xb1, 0x0, 0x0, 0x2, 0xed, 0x20, 0x8f, 0xf5,
    0x5f, 0xe3, 0x1, 0xcb, 0x0, 0x0, 0x0, 0x2,
    0x13, 0xcf, 0xe3, 0x0, 0x5f, 0xf9, 0x11, 0x0,
    0x0, 0x0, 0x0, 0x5b, 0xff, 0xa1, 0x0, 0x0,
    0x3e, 0xff, 0xb6, 0x20, 0x0, 0x7b, 0xff, 0xff,
    0x84, 0x44, 0x44, 0x44, 0x5c, 0xff, 0xff, 0xf9,
    0x7, 0xff, 0xa3, 0xff, 0xff, 0xff, 0xff, 0xff,
    0xfe, 0x49, 0xdf, 0x10, 0x5, 0x0, 0xf, 0xc0,
    0x0, 0x0, 0x0, 0xe, 0xe0, 0x0, 0x10, 0x0,
    0x0, 0x0, 0xfc, 0x0, 0x0, 0x0, 0x0, 0xee,
    0x0, 0x0, 0x0, 0x0, 0x0, 0xf, 0xd4, 0x44,
    0x44, 0x44, 0x4e, 0xe0, 0x0, 0x0, 0x0, 0x0,
    0x0, 0xff, 0xff, 0xff, 0xff, 0xff, 0xff, 0x0,
    0x0, 0x0, 0x0, 0x0, 0xf, 0xc0, 0x0, 0x0,
    0x0, 0xe, 0xf0, 0x0, 0x0,

    /* U+8BF7 "请" */
    0x0, 0x0, 0x0, 0x0, 0x0, 0x0, 0x5, 0x61,
    0x0, 0x0, 0x0, 0x0, 0x64, 0x0, 0x0, 0x0,
    0x0, 0xc, 0xf2, 0x0, 0x0, 0x0, 0x1, 0xef,
    0x40, 0x2, 0x77, 0x77, 0x7d, 0xf7, 0x77, 0x77,
    0x80, 0x0, 0x2e, 0xf4, 0x5, 0xee, 0xee, 0xef,
    0xfe, 0xee, 0xee, 0xe0, 0x0, 0x2, 0xfe, 0x0,
    0x0, 0x0, 0xb, 0xf1, 0x0, 0x0, 0x0, 0x0,
    0x0, 0x43, 0x0, 0xcf, 0xff, 0xff, 0xff, 0xff,
    0xff, 0x60, 0x0, 0x0, 0x0, 0x0, 0x45, 0x44,
    0x4c, 0xf5, 0x44, 0x45, 0x20, 0x10, 0x0, 0x0,
    0x0, 0x0, 0x0, 0xb, 0xf1, 0x0, 0x0, 0x0,
    0xff, 0xff, 0xb0, 0x1f, 0xff, 0xff, 0xff, 0xff,
    0xff, 0xff, 0xfd, 0x88, 0x8f, 0xa0, 0x7, 0x66,
    0x66, 0x66, 0x66, 0x66, 0x66, 0x65, 0x0, 0x1f,
    0xa0, 0x0, 0x3, 0x33, 0x33, 0x33, 0x33, 0x32,
    0x0, 0x0, 0x1f, 0xa0, 0x0, 0xf, 0xff, 0xff,
    0xff, 0xff, 0xfc, 0x0, 0x0, 0x1f, 0xa0, 0x0,
    0xf, 0xd3, 0x33, 0x33, 0x34, 0xfc, 0x0, 0x0,
    0x1f, 0xa0, 0x0, 0xf, 0xd3, 0x33, 0x33, 0x33,
    0xfb, 0x0, 0x0, 0x1f, 0xa0, 0x0, 0xf, 0xff,
    0xff, 0xff, 0xff, 0xfb, 0x0, 0x0, 0x1f, 0xa0,
    0x40, 0xf, 0xd2, 0x22, 0x22, 0x22, 0xfb, 0x0,
    0x0, 0x1f, 0xa4, 0xf8, 0xf, 0xd1, 0x11, 0x11,
    0x12, 0xfb, 0x0, 0x0, 0x1f, 0xdf, 0xe3, 0xf,
    0xff, 0xff, 0xff, 0xff, 0xfb, 0x0, 0x0, 0x5f,
    0xfd, 0x20, 0xf, 0xd3, 0x33, 0x33, 0x34, 0xfb,
    0x0, 0x0, 0xcf, 0xc0, 0x0, 0xf, 0xd0, 0x0,
    0x0, 0x1, 0xfb, 0x0, 0x0, 0x2b, 0x0, 0x0,
    0xf, 0xd0, 0x0, 0x0, 0x5a, 0xfb, 0x0, 0x0,
    0x0, 0x0, 0x0, 0xf, 0xd0, 0x0, 0x0, 0x5f,
    0xd4, 0x0, 0x0, 0x0, 0x0, 0x0, 0x0, 0x0,
    0x0, 0x0, 0x1, 0x0, 0x0,

    /* U+8F93 "输" */
    0x0, 0x0, 0x30, 0x0, 0x0, 0x0, 0x4, 0x93,
    0x0, 0x0, 0x0, 0x0, 0x0, 0x3, 0xfe, 0x0,
    0x0, 0x0, 0xc, 0xfd, 0x0, 0x0, 0x0, 0x0,
    0x0, 0x4, 0xf9, 0x0, 0x0, 0x0, 0x6f, 0xdf,
    0x80, 0x0, 0x0, 0x0, 0x0, 0x7, 0xf4, 0x0,
    0x0, 0x2, 0xfe, 0x18, 0xf8, 0x0, 0x0, 0x0,
    0xd, 0xde, 0xfd, 0xde, 0x50, 0xd, 0xf4, 0x0,
    0xbf, 0x90, 0x0, 0x0, 0xa, 0xbf, 0xfa, 0xbb,
    0x40, 0xcf, 0x80, 0x0, 0x1d, 0xfd, 0x40, 0x0,
    0x0, 0x1f, 0x90, 0x0, 0x1b, 0xfc, 0xff, 0xff,
    0xff, 0xaf, 0xfc, 0x50, 0x0, 0x5f, 0x52, 0x13,
    0xef, 0xa1, 0x77, 0x77, 0x77, 0x3, 0xbf, 0xa0,
    0x0, 0xaf, 0x5f, 0x72, 0xec, 0x44, 0x44, 0x40,
    0x0, 0x0, 0x34, 0x0, 0x0, 0xfa, 0x4f, 0x60,
    0x2b, 0xff, 0xff, 0xf1, 0x0, 0x1, 0xfa, 0x0,
    0x7, 0xf4, 0x3f, 0x72, 0xb, 0xf6, 0x6b, 0xf1,
    0x6f, 0x71, 0xf9, 0x0, 0x2f, 0xfb, 0xdf, 0xff,
    0x1a, 0xf0, 0x8, 0xf1, 0x6f, 0x60, 0xf9, 0x0,
    0x1f, 0xfd, 0xcf, 0xa5, 0xa, 0xf6, 0x6b, 0xf1,
    0x5f, 0x60, 0xf9, 0x0, 0x2, 0x0, 0x3f, 0x60,
    0xa, 0xff, 0xff, 0xf1, 0x5f, 0x60, 0xf9, 0x0,
    0x0, 0x0, 0x3f, 0x60, 0xa, 0xf0, 0x8, 0xf1,
    0x5f, 0x60, 0xf9, 0x0, 0x0, 0x0, 0x3f, 0x86,
    0x2a, 0xf0, 0x8, 0xf1, 0x5f, 0x60, 0xf9, 0x0,
    0x2, 0x48, 0xcf, 0xff, 0x3a, 0xff, 0xff, 0xf1,
    0x5f, 0x60, 0xf9, 0x0, 0x1e, 0xff, 0xff, 0xb3,
    0xa, 0xf8, 0x8c, 0xf1, 0x5f, 0x60, 0xf9, 0x0,
    0x7, 0x84, 0x4f, 0x60, 0xa, 0xf0, 0x8, 0xf1,
    0x6f, 0x60, 0xf9, 0x0, 0x0, 0x0, 0x4f, 0x70,
    0xa, 0xf0, 0x8, 0xf1, 0x49, 0x40, 0xf8, 0x0,
    0x0, 0x0, 0x4f, 0x70, 0xb, 0xf0, 0x9e, 0xf0,
    0x1, 0x69, 0xf7, 0x0, 0x0, 0x0, 0x4f, 0x70,
    0xb, 0xf0, 0x6d, 0x70, 0x0, 0xbe, 0x91, 0x0,
    0x0, 0x0, 0x0, 0x0, 0x0, 0x0, 0x0, 0x0,
    0x0, 0x0, 0x0, 0x0,

    /* U+8FD4 "返" */
    0x0, 0x0, 0x0, 0x0, 0x0, 0x0, 0x0, 0x0,
    0x0, 0x0, 0x0, 0x0, 0x9, 0xf1, 0x0, 0x0,
    0x0, 0x0, 0x1, 0x35, 0x9c, 0xa0, 0x0, 0x0,
    0xaf, 0x70, 0x0, 0x3b, 0xcd, 0xef, 0xff, 0xff,
    0xff, 0x30, 0x0, 0x3, 0xfd, 0x0, 0x4, 0xff,
    0xdb, 0xa9, 0x87, 0x65, 0x42, 0x0, 0x0, 0xe,
    0xf3, 0x0, 0x4f, 0x80, 0x0, 0x0, 0x0, 0x0,
    0x0, 0x0, 0x0, 0x89, 0x20, 0x3, 0xf8, 0x0,
    0x0, 0x0, 0x0, 0x0, 0x0, 0x0, 0x0, 0x0,
    0x0, 0x3f, 0xa3, 0x33, 0x33, 0x33, 0x32, 0x0,
    0x0, 0x0, 0x0, 0x0, 0x3, 0xff, 0xff, 0xff,
    0xff, 0xff, 0x90, 0x0, 0x1, 0x0, 0x0, 0x0,
    0x3f, 0xa4, 0x44, 0x44, 0x4a, 0xf6, 0x0, 0x5,
    0xff, 0xff, 0x20, 0x3, 0xf7, 0x0, 0x0, 0x0,
    0xbf, 0x20, 0x0, 0x38, 0x7e, 0xf2, 0x0, 0x4f,
    0x70, 0xba, 0x0, 0xf, 0xe0, 0x0, 0x0, 0x0,
    0xcf, 0x10, 0x7, 0xf6, 0x1d, 0xfd, 0x24, 0xf9,
    0x0, 0x0, 0x0, 0xc, 0xf1, 0x0, 0x9f, 0x40,
    0xa, 0xff, 0xcf, 0x30, 0x0, 0x0, 0x0, 0xcf,
    0x10, 0xd, 0xf1, 0x0, 0x6, 0xff, 0xe0, 0x0,
    0x0, 0x0, 0xc, 0xf1, 0x2, 0xfc, 0x0, 0x0,
    0x1e, 0xff, 0x90, 0x0, 0x0, 0x0, 0xcf, 0x10,
    0xaf, 0x60, 0x0, 0x2d, 0xfb, 0xff, 0x90, 0x0,
    0x0, 0xc, 0xf1, 0x4f, 0xf1, 0x0, 0x7f, 0xfa,
    0x4, 0xff, 0x90, 0x0, 0x0, 0xcf, 0x19, 0xf7,
    0x4, 0xef, 0xf6, 0x0, 0x5, 0xf6, 0x0, 0x0,
    0x3e, 0xfa, 0x13, 0x0, 0xa, 0x91, 0x0, 0x0,
    0x2, 0x0, 0x0, 0x5f, 0xfd, 0xff, 0xa5, 0x20,
    0x0, 0x0, 0x0, 0x0, 0x1, 0x31, 0x7f, 0xf5,
    0x1, 0x8e, 0xff, 0xfe, 0xdd, 0xdd, 0xde, 0xff,
    0xfd, 0x3, 0xd8, 0x0, 0x0, 0x3, 0x7a, 0xce,
    0xff, 0xff, 0xff, 0xff, 0x70, 0x0, 0x0, 0x0,
    0x0, 0x0, 0x0, 0x0, 0x0, 0x0, 0x0, 0x0,
    0x0,

    /* U+8FDE "连" */
    0x0, 0x0, 0x0, 0x0, 0x0, 0x0, 0x50, 0x0,
    0x0, 0x0, 0x0, 0x0, 0x6, 0x0, 0x0, 0x0,
    0x0, 0x4f, 0xd0, 0x0, 0x0, 0x0, 0x0, 0xa,
    0xf6, 0x0, 0x0, 0x0, 0xa, 0xf5, 0x0, 0x0,
    0x0, 0x0, 0x0, 0x3f, 0xf2, 0x4, 0x66, 0x55,
    0xff, 0x55, 0x55, 0x55, 0x66, 0x0, 0x0, 0x7f,
    0xb0, 0x9f, 0xff, 0xff, 0xff, 0xff, 0xff, 0xff,
    0xf0, 0x0, 0x0, 0xcf, 0x62, 0x22, 0x3f, 0xd2,
    0x22, 0x22, 0x22, 0x23, 0x0, 0x0, 0x4, 0x70,
    0x0, 0x8, 0xf4, 0x8, 0xf4, 0x0, 0x0, 0x0,
    0x0, 0x0, 0x0, 0x0, 0x3, 0xfb, 0x0, 0x7f,
    0x30, 0x0, 0x0, 0x0, 0x0, 0x0, 0x0, 0x2,
    0xef, 0x20, 0x7, 0xf3, 0x0, 0x0, 0x0, 0x8,
    0xff, 0xff, 0x10, 0x9f, 0xff, 0xff, 0xff, 0xff,
    0xff, 0xf3, 0x0, 0x49, 0x8f, 0xf0, 0x3, 0xb9,
    0x88, 0x8c, 0xfa, 0x88, 0x9a, 0x20, 0x0, 0x0,
    0xef, 0x0, 0x0, 0x0, 0x0, 0x7f, 0x30, 0x0,
    0x0, 0x0, 0x0, 0xe, 0xf0, 0x0, 0x0, 0x0,
    0x7, 0xf3, 0x0, 0x0, 0x0, 0x0, 0x0, 0xef,
    0x5, 0x87, 0x77, 0x77, 0xbf, 0x97, 0x77, 0x77,
    0x20, 0x0, 0xe, 0xf0, 0x9f, 0xff, 0xff, 0xff,
    0xff, 0xff, 0xff, 0xf5, 0x0, 0x0, 0xef, 0x1,
    0x11, 0x10, 0x0, 0x8f, 0x40, 0x0, 0x11, 0x0,
    0x0, 0xe, 0xf0, 0x0, 0x0, 0x0, 0x7, 0xf3,
    0x0, 0x0, 0x0, 0x0, 0x0, 0xef, 0x0, 0x0,
    0x0, 0x0, 0x7f, 0x30, 0x0, 0x0, 0x0, 0x0,
    0x6f, 0xfc, 0x20, 0x0, 0x0, 0x8, 0xf4, 0x0,
    0x0, 0x0, 0x0, 0x9f, 0xea, 0xff, 0xb6, 0x20,
    0x0, 0x5a, 0x30, 0x0, 0x0, 0x0, 0xaf, 0xd1,
    0x1, 0x9f, 0xff, 0xfe, 0xdc, 0xcc, 0xcd, 0xde,
    0xfd, 0x1, 0xb1, 0x0, 0x0, 0x4, 0x8a, 0xcd,
    0xef, 0xff, 0xff, 0xff, 0x80,

    /* U+9009 "选" */
    0x0, 0x0, 0x0, 0x0, 0x0, 0x0, 0x18, 0x80,
    0x0, 0x0, 0x0, 0x0, 0x0, 0x20, 0x0, 0x5,
    0xa5, 0x3, 0xff, 0x0, 0x0, 0x0, 0x0, 0x0,
    0xdf, 0x10, 0x0, 0xaf, 0x70, 0x2f, 0xf0, 0x0,
    0x0, 0x0, 0x0, 0x9, 0xf8, 0x0, 0xe, 0xf0,
    0x2, 0xff, 0x0, 0x0, 0x0, 0x0, 0x0, 0x2f,
    0xe0, 0x3, 0xff, 0xff, 0xff, 0xff, 0xff, 0xf8,
    0x0, 0x0, 0x0, 0xaf, 0x40, 0xaf, 0x97, 0x78,
    0xff, 0x77, 0x78, 0x40, 0x0, 0x0, 0x3, 0x50,
    0x1f, 0xe0, 0x0, 0x2f, 0xf0, 0x0, 0x0, 0x0,
    0x0, 0x0, 0x0, 0x0, 0x57, 0x0, 0x2, 0xff,
    0x0, 0x0, 0x0, 0x0, 0x0, 0x0, 0x0, 0x2,
    0x10, 0x0, 0x2f, 0xf0, 0x0, 0x1, 0x10, 0x8,
    0xaa, 0xaa, 0x13, 0xff, 0xff, 0xff, 0xff, 0xff,
    0xff, 0xff, 0x0, 0xae, 0xef, 0xf2, 0x28, 0x87,
    0x8f, 0xd7, 0x8f, 0xd7, 0x88, 0x80, 0x0, 0x0,
    0xbf, 0x10, 0x0, 0x1, 0xfb, 0x2, 0xfa, 0x0,
    0x0, 0x0, 0x0, 0xb, 0xf1, 0x0, 0x0, 0x3f,
    0x90, 0x2f, 0xa0, 0x0, 0x0, 0x0, 0x0, 0xbf,
    0x10, 0x0, 0x8, 0xf5, 0x2, 0xfa, 0x0, 0x0,
    0x0, 0x0, 0xb, 0xf1, 0x0, 0x0, 0xdf, 0x10,
    0x2f, 0xa0, 0x6, 0x51, 0x0, 0x0, 0xbf, 0x10,
    0x0, 0x9f, 0x80, 0x2, 0xfb, 0x0, 0xcf, 0x60,
    0x0, 0xb, 0xf1, 0x0, 0x9f, 0xd0, 0x0, 0x1f,
    0xfc, 0xcf, 0xf1, 0x0, 0x0, 0xbf, 0x20, 0x8f,
    0xe2, 0x0, 0x0, 0x8f, 0xff, 0xf7, 0x0, 0x0,
    0x7f, 0xfe, 0x50, 0x63, 0x0, 0x0, 0x0, 0x0,
    0x0, 0x0, 0x0, 0x8f, 0xfb, 0xef, 0xd7, 0x30,
    0x0, 0x0, 0x0, 0x0, 0x1, 0x30, 0x7f, 0xf3,
    0x0, 0x7d, 0xff, 0xfe, 0xdc, 0xcc, 0xcd, 0xef,
    0xf9, 0x1, 0xb5, 0x0, 0x0, 0x2, 0x69, 0xac,
    0xde, 0xee, 0xee, 0xee, 0x30, 0x0, 0x0, 0x0,
    0x0, 0x0, 0x0, 0x0, 0x0, 0x0, 0x0, 0x0,
    0x0,

    /* U+9550 "镐" */
    0x0, 0x0, 0x10, 0x0, 0x0, 0x0, 0x0, 0x25,
    0x10, 0x0, 0x0, 0x0, 0x0, 0xb, 0xe4, 0x0,
    0x0, 0x0, 0xb, 0xf5, 0x0, 0x0, 0x0, 0x0,
    0x0, 0xfe, 0x0, 0x1, 0x10, 0x0, 0x7f, 0x90,
    0x0, 0x1, 0x0, 0x0, 0x6f, 0x60, 0x0, 0xef,
    0xff, 0xff, 0xff, 0xff, 0xff, 0xf1, 0x0, 0xd,
    0xfd, 0xdd, 0x97, 0x77, 0x77, 0x77, 0x77, 0x77,
    0x88, 0x0, 0x6, 0xfc, 0x99, 0xa6, 0x0, 0x22,
    0x22, 0x22, 0x22, 0x21, 0x0, 0x1, 0xee, 0x10,
    0x0, 0x0, 0x1f, 0xff, 0xff, 0xff, 0xff, 0x70,
    0x0, 0xcf, 0x50, 0x0, 0x0, 0x1, 0xfa, 0x44,
    0x44, 0x47, 0xf7, 0x0, 0x8, 0xef, 0xfe, 0xef,
    0x40, 0xf, 0x91, 0x11, 0x11, 0x4f, 0x70, 0x0,
    0x3, 0xae, 0xf9, 0xa2, 0x1, 0xff, 0xff, 0xff,
    0xff, 0xf7, 0x0, 0x0, 0x0, 0xce, 0x0, 0x0,
    0x5, 0x55, 0x55, 0x55, 0x55, 0x20, 0x0, 0x0,
    0xc, 0xe0, 0x0, 0x34, 0x44, 0x44, 0x44, 0x44,
    0x44, 0x41, 0x4, 0xdc, 0xff, 0xcd, 0x4c, 0xff,
    0xff, 0xff, 0xff, 0xff, 0xff, 0x40, 0x3c, 0xbe,
    0xfb, 0xc4, 0xcf, 0x32, 0x22, 0x22, 0x22, 0x2a,
    0xf3, 0x0, 0x0, 0xce, 0x0, 0xc, 0xf0, 0x17,
    0x77, 0x77, 0x30, 0x9f, 0x30, 0x0, 0xc, 0xe0,
    0x0, 0xbf, 0x2, 0xff, 0xff, 0xf6, 0x9, 0xf3,
    0x0, 0x0, 0xce, 0x0, 0xb, 0xf0, 0x2f, 0x60,
    0x2f, 0x50, 0x9f, 0x30, 0x0, 0xc, 0xe0, 0x90,
    0xbf, 0x2, 0xf7, 0x13, 0xf6, 0x9, 0xf3, 0x0,
    0x0, 0xcf, 0xdf, 0x5b, 0xf0, 0x2f, 0xff, 0xff,
    0x60, 0x9f, 0x30, 0x0, 0x1e, 0xff, 0x80, 0xcf,
    0x0, 0x55, 0x55, 0x52, 0x9, 0xf3, 0x0, 0x5,
    0xfd, 0x20, 0xc, 0xf0, 0x0, 0x0, 0x0, 0x37,
    0xef, 0x10, 0x0, 0x6, 0x0, 0x0, 0xcf, 0x0,
    0x0, 0x0, 0x4, 0xff, 0x80, 0x0, 0x0, 0x0,
    0x0, 0x0, 0x0, 0x0, 0x0, 0x0, 0x4, 0x0,
    0x0,

    /* U+957F "长" */
    0x0, 0x0, 0x4, 0x51, 0x0, 0x0, 0x0, 0x1,
    0x0, 0x0, 0x0, 0x0, 0x0, 0xb, 0xf4, 0x0,
    0x0, 0x0, 0x5f, 0x50, 0x0, 0x0, 0x0, 0x0,
    0xa, 0xf3, 0x0, 0x0, 0x3, 0xff, 0xb0, 0x0,
    0x0, 0x0, 0x0, 0xa, 0xf3, 0x0, 0x0, 0x2e,
    0xfa, 0x0, 0x0, 0x0, 0x0, 0x0, 0xa, 0xf3,
    0x0, 0x2, 0xef, 0x90, 0x0, 0x0, 0x0, 0x0,
    0x0, 0xa, 0xf3, 0x0, 0x2e, 0xf9, 0x0, 0x0,
    0x0, 0x0, 0x0, 0x0, 0xa, 0xf3, 0x3, 0xef,
    0x90, 0x0, 0x0, 0x0, 0x0, 0x0, 0x0, 0xa,
    0xf3, 0x1e, 0xf8, 0x0, 0x0, 0x0, 0x0, 0x0,
    0x0, 0x0, 0xa, 0xf3, 0x3, 0x80, 0x0, 0x0,
    0x0, 0x0, 0x0, 0xac, 0xbb, 0xbe, 0xfc, 0xbb,
    0xbb, 0xbb, 0xbb, 0xbb, 0xbc, 0xc2, 0xdf, 0xff,
    0xff, 0xff, 0xff, 0xff, 0xff, 0xff, 0xff, 0xff,
    0xf3, 0x0, 0x0, 0xa, 0xf3, 0x0, 0x3f, 0xb0,
    0x0, 0x0, 0x0, 0x0, 0x0, 0x0, 0xa, 0xf3,
    0x0, 0xd, 0xf2, 0x0, 0x0, 0x0, 0x0, 0x0,
    0x0, 0xa, 0xf3, 0x0, 0x6, 0xfb, 0x0, 0x0,
    0x0, 0x0, 0x0, 0x0, 0xa, 0xf3, 0x0, 0x0,
    0xdf, 0x60, 0x0, 0x0, 0x0, 0x0, 0x0, 0xa,
    0xf3, 0x0, 0x0, 0x3f, 0xf4, 0x0, 0x0, 0x0,
    0x0, 0x0, 0xa, 0xf3, 0x2, 0xc5, 0x7, 0xff,
    0x50, 0x0, 0x0, 0x0, 0x0, 0xa, 0xf3, 0x7f,
    0xfe, 0x0, 0x9f, 0xf9, 0x0, 0x0, 0x0, 0x0,
    0xb, 0xfe, 0xff, 0xa1, 0x0, 0x9, 0xff, 0xe7,
    0x0, 0x0, 0x0, 0x1e, 0xff, 0xd4, 0x0, 0x0,
    0x0, 0x5f, 0xff, 0xa0, 0x0, 0x0, 0x2f, 0xfa,
    0x0, 0x0, 0x0, 0x0, 0x1, 0xaa, 0x0, 0x0,
    0x0, 0x5, 0x70, 0x0, 0x0, 0x0, 0x0, 0x0,
    0x0, 0x0,

    /* U+95F0 "闰" */
    0x0, 0x22, 0x0, 0x0, 0x0, 0x0, 0x0, 0x0,
    0x0, 0x0, 0x2, 0xee, 0x30, 0x0, 0x0, 0x0,
    0x0, 0x0, 0x0, 0x0, 0x0, 0x8f, 0xf3, 0x0,
    0x5f, 0xff, 0xff, 0xff, 0xff, 0xfb, 0x0, 0x8,
    0xf8, 0x0, 0x4b, 0xaa, 0xaa, 0xaa, 0xaa, 0xfc,
    0x0, 0x0, 0x30, 0x0, 0x0, 0x0, 0x0, 0x0,
    0x1, 0xfb, 0x56, 0x10, 0x0, 0x0, 0x0, 0x0,
    0x0, 0x0, 0x1, 0xfb, 0xcf, 0x10, 0x39, 0x98,
    0x88, 0x88, 0x89, 0x93, 0x1, 0xfb, 0xbf, 0x10,
    0x6f, 0xff, 0xff, 0xff, 0xff, 0xf4, 0x1, 0xfb,
    0xbf, 0x10, 0x0, 0x0, 0xf, 0xc0, 0x0, 0x0,
    0x1, 0xfb, 0xbf, 0x10, 0x0, 0x0, 0xf, 0xc0,
    0x0, 0x0, 0x1, 0xfb, 0xbf, 0x10, 0x0, 0x0,
    0xf, 0xc0, 0x0, 0x0, 0x1, 0xfb, 0xbf, 0x10,
    0x9, 0xaa, 0xaf, 0xea, 0xaa, 0x70, 0x1, 0xfb,
    0xbf, 0x10, 0xc, 0xee, 0xef, 0xfe, 0xee, 0x90,
    0x1, 0xfb, 0xbf, 0x10, 0x0, 0x0, 0xf, 0xc0,
    0x0, 0x0, 0x1, 0xfb, 0xbf, 0x10, 0x0, 0x0,
    0xf, 0xc0, 0x0, 0x0, 0x1, 0xfb, 0xbf, 0x10,
    0x0, 0x0, 0xf, 0xc0, 0x0, 0x0, 0x1, 0xfb,
    0xbf, 0x14, 0x99, 0x88, 0x8f, 0xe8, 0x88, 0x99,
    0x21, 0xfb, 0xbf, 0x16, 0xff, 0xff, 0xff, 0xff,
    0xff, 0xff, 0x31, 0xfb, 0xbf, 0x10, 0x0, 0x0,
    0x0, 0x0, 0x0, 0x0, 0x1, 0xfb, 0xbf, 0x10,
    0x0, 0x0, 0x0, 0x0, 0x0, 0x1, 0x16, 0xfb,
    0xbf, 0x10, 0x0, 0x0, 0x0, 0x0, 0x0, 0xe,
    0xff, 0xf8, 0xcf, 0x10, 0x0, 0x0, 0x0, 0x0,
    0x0, 0x7, 0xeb, 0x70,

    /* U+95F4 "间" */
    0x0, 0x17, 0x0, 0x0, 0x0, 0x0, 0x0, 0x0,
    0x0, 0x0, 0x0, 0xcf, 0x80, 0x0, 0x21, 0x11,
    0x11, 0x11, 0x11, 0x10, 0x0, 0x2f, 0xf4, 0x0,
    0xef, 0xff, 0xff, 0xff, 0xff, 0xfd, 0x0, 0x7,
    0xfe, 0x10, 0x89, 0x88, 0x88, 0x88, 0x89, 0xfd,
    0x1, 0x0, 0x93, 0x0, 0x0, 0x0, 0x0, 0x0,
    0x1, 0xfd, 0xef, 0x20, 0x0, 0x0, 0x0, 0x0,
    0x0, 0x0, 0x1, 0xfc, 0xdf, 0x10, 0x5, 0x77,
    0x77, 0x77, 0x77, 0x50, 0x1, 0xfc, 0xdf, 0x10,
    0xc, 0xff, 0xff, 0xff, 0xff, 0xc0, 0x1, 0xfc,
    0xcf, 0x10, 0xc, 0xf1, 0x0, 0x0, 0x1f, 0xb0,
    0x1, 0xfc, 0xcf, 0x10, 0xb, 0xf0, 0x0, 0x0,
    0x1f, 0xb0, 0x1, 0xfc, 0xcf, 0x10, 0xb, 0xf0,
    0x0, 0x0, 0x1f, 0xb0, 0x1, 0xfc, 0xcf, 0x10,
    0xb, 0xff, 0xff, 0xff, 0xff, 0xb0, 0x1, 0xfc,
    0xcf, 0x10, 0xb, 0xf9, 0x88, 0x88, 0x9f, 0xb0,
    0x1, 0xfc, 0xcf, 0x10, 0xb, 0xf0, 0x0, 0x0,
    0x1f, 0xb0, 0x1, 0xfc, 0xcf, 0x10, 0xb, 0xf0,
    0x0, 0x0, 0x1f, 0xb0, 0x1, 0xfc, 0xcf, 0x10,
    0xc, 0xf0, 0x0, 0x0, 0x1f, 0xb0, 0x1, 0xfc,
    0xcf, 0x10, 0xc, 0xff, 0xff, 0xff, 0xff, 0xb0,
    0x1, 0xfc, 0xcf, 0x10, 0x7, 0x88, 0x88, 0x88,
    0x88, 0x60, 0x1, 0xfc, 0xdf, 0x10, 0x0, 0x0,
    0x0, 0x0, 0x0, 0x0, 0x1, 0xfc, 0xdf, 0x10,
    0x0, 0x0, 0x0, 0x0, 0x0, 0x0, 0x5, 0xfc,
    0xef, 0x20, 0x0, 0x0, 0x0, 0x0, 0x0, 0xa,
    0xff, 0xfa, 0xff, 0x20, 0x0, 0x0, 0x0, 0x0,
    0x0, 0x5, 0xff, 0xb2, 0x0, 0x0, 0x0, 0x0,
    0x0, 0x0, 0x0, 0x1, 0x41, 0x0,

    /* U+9634 "阴" */
    0x7, 0x77, 0x77, 0x77, 0x74, 0x6, 0x77, 0x77,
    0x77, 0x77, 0x60, 0xff, 0xff, 0xff, 0xff, 0x50,
    0xef, 0xff, 0xff, 0xff, 0xfd, 0xf, 0xc0, 0x0,
    0xd, 0xf0, 0xd, 0xf4, 0x33, 0x33, 0x4f, 0xd0,
    0xfc, 0x0, 0x2, 0xfa, 0x0, 0xdf, 0x10, 0x0,
    0x1, 0xfc, 0xf, 0xc0, 0x0, 0x8f, 0x40, 0xd,
    0xf1, 0x0, 0x0, 0x1f, 0xc0, 0xfc, 0x0, 0xd,
    0xf0, 0x0, 0xcf, 0x10, 0x0, 0x1, 0xfc, 0xf,
    0xc0, 0x3, 0xfa, 0x0, 0xc, 0xfc, 0xbb, 0xbb,
    0xcf, 0xc0, 0xfc, 0x0, 0x8f, 0x40, 0x0, 0xcf,
    0xff, 0xff, 0xff, 0xfc, 0xf, 0xc0, 0xd, 0xf2,
    0x0, 0xd, 0xf1, 0x0, 0x0, 0x1f, 0xc0, 0xfc,
    0x0, 0x4f, 0xb0, 0x0, 0xdf, 0x0, 0x0, 0x1,
    0xfc, 0xf, 0xc0, 0x0, 0xbf, 0x30, 0xd, 0xf0,
    0x0, 0x0, 0x1f, 0xc0, 0xfc, 0x0, 0x3, 0xfa,
    0x0, 0xef, 0xbb, 0xbb, 0xbb, 0xfc, 0xf, 0xc0,
    0x0, 0xe, 0xe0, 0xf, 0xff, 0xff, 0xff, 0xff,
    0xc0, 0xfc, 0x0, 0x0, 0xdf, 0x3, 0xfb, 0x11,
    0x11, 0x12, 0xfc, 0xf, 0xc0, 0x1, 0x6f, 0xe0,
    0x7f, 0x60, 0x0, 0x0, 0x1f, 0xc0, 0xfc, 0x9,
    0xff, 0xf7, 0xc, 0xf1, 0x0, 0x0, 0x1, 0xfc,
    0xf, 0xc0, 0x1e, 0xa4, 0x3, 0xfb, 0x0, 0x0,
    0x0, 0x1f, 0xc0, 0xfc, 0x0, 0x0, 0x0, 0xcf,
    0x40, 0x0, 0x0, 0x1, 0xfc, 0xf, 0xc0, 0x0,
    0x0, 0x8f, 0xb0, 0x0, 0x0, 0x11, 0x5f, 0xc0,
    0xfc, 0x0, 0x0, 0x6f, 0xf2, 0x0, 0x0, 0x1e,
    0xff, 0xfa, 0x1f, 0xc0, 0x0, 0x2, 0xb5, 0x0,
    0x0, 0x0, 0x7e, 0xc8, 0x10,

    /* U+9635 "阵" */
    0x0, 0x0, 0x0, 0x0, 0x0, 0x0, 0x24, 0x0,
    0x0, 0x0, 0x0, 0x1, 0x11, 0x11, 0x11, 0x0,
    0x0, 0x8f, 0xd0, 0x0, 0x0, 0x0, 0xf, 0xff,
    0xff, 0xf6, 0x0, 0x0, 0xbf, 0x60, 0x0, 0x0,
    0x0, 0xf, 0xe6, 0x6e, 0xf1, 0x0, 0x0, 0xfe,
    0x0, 0x0, 0x0, 0x0, 0xf, 0xc0, 0x1f, 0xa0,
    0xef, 0xff, 0xff, 0xff, 0xff, 0xff, 0xf1, 0xf,
    0xc0, 0x4f, 0x50, 0xaa, 0xaf, 0xfa, 0xaa, 0xaa,
    0xaa, 0xb1, 0xf, 0xc0, 0x9f, 0x0, 0x0, 0x2f,
    0xa0, 0x0, 0x0, 0x0, 0x0, 0xf, 0xc0, 0xdb,
    0x0, 0x0, 0x9f, 0x30, 0x33, 0x0, 0x0, 0x0,
    0xf, 0xc2, 0xf6, 0x0, 0x1, 0xfb, 0x0, 0xff,
    0x0, 0x0, 0x0, 0xf, 0xc3, 0xf8, 0x0, 0xa,
    0xf3, 0x0, 0xff, 0x0, 0x0, 0x0, 0xf, 0xc0,
    0x7f, 0x40, 0x8f, 0xc0, 0x0, 0xef, 0x0, 0x11,
    0x10, 0xf, 0xc0, 0xd, 0xd0, 0xcf, 0xff, 0xff,
    0xff, 0xff, 0xff, 0x80, 0xf, 0xc0, 0x7, 0xf5,
    0x5e, 0xb9, 0x98, 0xff, 0x77, 0x78, 0x40, 0xf,
    0xc0, 0x3, 0xf9, 0x0, 0x0, 0x0, 0xef, 0x0,
    0x0, 0x0, 0xf, 0xc0, 0x5, 0xfa, 0x0, 0x0,
    0x0, 0xef, 0x0, 0x0, 0x0, 0xf, 0xc3, 0xbf,
    0xf5, 0x11, 0x0, 0x0, 0xef, 0x0, 0x0, 0x11,
    0xf, 0xc0, 0xff, 0x64, 0xff, 0xff, 0xff, 0xff,
    0xff, 0xff, 0xfb, 0xf, 0xc0, 0x40, 0x2, 0xa9,
    0x99, 0x99, 0xff, 0x99, 0x99, 0x97, 0xf, 0xc0,
    0x0, 0x0, 0x0, 0x0, 0x0, 0xef, 0x0, 0x0,
    0x0, 0xf, 0xc0, 0x0, 0x0, 0x0, 0x0, 0x0,
    0xef, 0x0, 0x0, 0x0, 0xf, 0xc0, 0x0, 0x0,
    0x0, 0x0, 0x0, 0xff, 0x0, 0x0, 0x0, 0x1f,
    0xc0, 0x0, 0x0, 0x0, 0x0, 0x0, 0xff, 0x0,
    0x0, 0x0,

    /* U+96E8 "雨" */
    0x12, 0x11, 0x11, 0x11, 0x11, 0x11, 0x11, 0x11,
    0x11, 0x12, 0x31, 0x7f, 0xff, 0xff, 0xff, 0xff,
    0xff, 0xff, 0xff, 0xff, 0xff, 0xf7, 0x49, 0x98,
    0x88, 0x88, 0x88, 0xef, 0x98, 0x88, 0x88, 0x88,
    0x94, 0x0, 0x0, 0x0, 0x0, 0x0, 0xcf, 0x10,
    0x0, 0x0, 0x0, 0x0, 0x0, 0x0, 0x0, 0x0,
    0x0, 0xcf, 0x10, 0x0, 0x0, 0x0, 0x0, 0x1,
    0xaa, 0xaa, 0xaa, 0xaa, 0xef, 0xaa, 0xaa, 0xaa,
    0xaa, 0x90, 0x2, 0xff, 0xff, 0xff, 0xff, 0xff,
    0xff, 0xff, 0xff, 0xff, 0xd0, 0x1, 0xfe, 0x0,
    0x0, 0x0, 0xcf, 0x10, 0x0, 0x0, 0x1f, 0xd0,
    0x0, 0xfe, 0x0, 0x70, 0x0, 0xcf, 0x10, 0x71,
    0x0, 0x1f, 0xd0, 0x0, 0xfe, 0x5, 0xfd, 0x10,
    0xcf, 0x17, 0xfe, 0x30, 0x1f, 0xc0, 0x0, 0xfe,
    0x0, 0x8f, 0xd0, 0xcf, 0x10, 0x9f, 0xf3, 0x1f,
    0xc0, 0x0, 0xfe, 0x0, 0x7, 0x40, 0xcf, 0x10,
    0x5, 0xa0, 0x1f, 0xc0, 0x0, 0xfe, 0x0, 0x0,
    0x0, 0xcf, 0x10, 0x0, 0x0, 0x1f, 0xc0, 0x0,
    0xfe, 0x1, 0x60, 0x0, 0xcf, 0x10, 0x40, 0x0,
    0x1f, 0xc0, 0x0, 0xfe, 0xb, 0xf8, 0x0, 0xcf,
    0x15, 0xfc, 0x10, 0x1f, 0xc0, 0x0, 0xfe, 0x2,
    0xdf, 0x90, 0xcf, 0x11, 0xbf, 0xe1, 0x1f, 0xc0,
    0x0, 0xfe, 0x0, 0x1c, 0x30, 0xcf, 0x10, 0x8,
    0x80, 0x1f, 0xc0, 0x0, 0xfe, 0x0, 0x0, 0x0,
    0xcf, 0x10, 0x0, 0x0, 0x1f, 0xc0, 0x0, 0xfe,
    0x0, 0x0, 0x0, 0xcf, 0x10, 0x0, 0x0, 0x4f,
    0xc0, 0x1, 0xfe, 0x0, 0x0, 0x0, 0xcf, 0x10,
    0x0, 0x4f, 0xff, 0xa0, 0x2, 0xdb, 0x0, 0x0,
    0x0, 0x34, 0x0, 0x0, 0xf, 0xeb, 0x20,

    /* U+96EA "雪" */
    0x0, 0x38, 0x77, 0x77, 0x77, 0x77, 0x77, 0x77,
    0x77, 0x76, 0x0, 0x0, 0x6e, 0xed, 0xdd, 0xdd,
    0xff, 0xdd, 0xdd, 0xde, 0xeb, 0x0, 0x0, 0x0,
    0x0, 0x0, 0x0, 0xbf, 0x0, 0x0, 0x0, 0x0,
    0x0, 0x5, 0x55, 0x55, 0x55, 0x55, 0xdf, 0x65,
    0x55, 0x55, 0x55, 0x50, 0xf, 0xff, 0xff, 0xff,
    0xff, 0xff, 0xff, 0xff, 0xff, 0xff, 0xf2, 0xf,
    0xc0, 0x0, 0x0, 0x0, 0xbf, 0x0, 0x0, 0x0,
    0x8, 0xf1, 0xf, 0xc0, 0x45, 0x55, 0x40, 0xbf,
    0x4, 0x55, 0x55, 0x8, 0xf1, 0xf, 0xb0, 0xbf,
    0xff, 0xb0, 0xbf, 0xb, 0xff, 0xfe, 0x7, 0xf2,
    0x0, 0x0, 0x0, 0x0, 0x0, 0xbf, 0x0, 0x0,
    0x0, 0x0, 0x0, 0x0, 0x0, 0xff, 0xff, 0xf0,
    0xbf, 0x1a, 0xff, 0xff, 0x50, 0x0, 0x0, 0x0,
    0x55, 0x55, 0x50, 0x45, 0x3, 0x55, 0x55, 0x10,
    0x0, 0x0, 0x0, 0x0, 0x0, 0x0, 0x0, 0x0,
    0x0, 0x0, 0x0, 0x0, 0x0, 0x28, 0x77, 0x77,
    0x77, 0x77, 0x77, 0x77, 0x77, 0x72, 0x0, 0x0,
    0x4e, 0xed, 0xdd, 0xdd, 0xdd, 0xdd, 0xdd, 0xde,
    0xf4, 0x0, 0x0, 0x0, 0x0, 0x0, 0x0, 0x0,
    0x0, 0x0, 0x7, 0xf4, 0x0, 0x0, 0x5, 0x66,
    0x66, 0x66, 0x66, 0x66, 0x66, 0x6a, 0xf3, 0x0,
    0x0, 0xb, 0xff, 0xff, 0xff, 0xff, 0xff, 0xff,
    0xff, 0xf3, 0x0, 0x0, 0x0, 0x0, 0x0, 0x0,
    0x0, 0x0, 0x0, 0x7, 0xf3, 0x0, 0x0, 0x14,
    0x33, 0x33, 0x33, 0x33, 0x33, 0x33, 0x38, 0xf3,
    0x0, 0x0, 0x3f, 0xff, 0xff, 0xff, 0xff, 0xff,
    0xff, 0xff, 0xf4, 0x0, 0x0, 0x3, 0x22, 0x22,
    0x22, 0x22, 0x22, 0x22, 0x28, 0xf4, 0x0,

    /* U+96F7 "雷" */
    0x0, 0x0, 0x0, 0x0, 0x0, 0x0, 0x0, 0x0,
    0x0, 0x0, 0x0, 0x0, 0xcf, 0xff, 0xff, 0xff,
    0xff, 0xff, 0xff, 0xff, 0xf9, 0x0, 0x0, 0x56,
    0x65, 0x55, 0x56, 0xfd, 0x55, 0x55, 0x56, 0x64,
    0x0, 0x0, 0x0, 0x0, 0x0, 0x1, 0xfc, 0x0,
    0x0, 0x0, 0x0, 0x0, 0xcf, 0xff, 0xff, 0xff,
    0xff, 0xff, 0xff, 0xff, 0xff, 0xff, 0xf2, 0xcf,
    0x97, 0x77, 0x77, 0x77, 0xfe, 0x77, 0x77, 0x77,
    0x7e, 0xf1, 0xbf, 0x41, 0x33, 0x33, 0x1, 0xfc,
    0x2, 0x33, 0x32, 0xc, 0xf1, 0xcf, 0x48, 0xff,
    0xff, 0x11, 0xfc, 0xc, 0xff, 0xfd, 0xc, 0xf1,
    0x34, 0x10, 0x11, 0x11, 0x1, 0xfc, 0x1, 0x11,
    0x11, 0x3, 0x40, 0x0, 0x3, 0x55, 0x55, 0x1,
    0xfd, 0x3, 0x55, 0x55, 0x0, 0x0, 0x0, 0x9,
    0xff, 0xff, 0x11, 0xfd, 0xa, 0xff, 0xfe, 0x0,
    0x0, 0x0, 0x0, 0x0, 0x0, 0x0, 0x76, 0x0,
    0x0, 0x0, 0x0, 0x0, 0x0, 0x7f, 0xff, 0xff,
    0xff, 0xff, 0xff, 0xff, 0xff, 0xb0, 0x0, 0x0,
    0x7f, 0xa8, 0x88, 0x89, 0xfe, 0x88, 0x88, 0x8f,
    0xb0, 0x0, 0x0, 0x6f, 0x50, 0x0, 0x1, 0xfc,
    0x0, 0x0, 0xf, 0xa0, 0x0, 0x0, 0x6f, 0x73,
    0x33, 0x34, 0xfd, 0x33, 0x33, 0x3f, 0xa0, 0x0,
    0x0, 0x6f, 0xff, 0xff, 0xff, 0xff, 0xff, 0xff,
    0xff, 0xa0, 0x0, 0x0, 0x6f, 0x73, 0x33, 0x34,
    0xfd, 0x33, 0x33, 0x3f, 0xa0, 0x0, 0x0, 0x6f,
    0x50, 0x0, 0x1, 0xfc, 0x0, 0x0, 0xf, 0xa0,
    0x0, 0x0, 0x6f, 0xa7, 0x77, 0x77, 0xfe, 0x77,
    0x77, 0x7f, 0xa0, 0x0, 0x0, 0x6f, 0xff, 0xff,
    0xff, 0xff, 0xff, 0xff, 0xff, 0xb0, 0x0, 0x0,
    0x7f, 0x50, 0x0, 0x0, 0x0, 0x0, 0x0, 0xf,
    0xc0, 0x0, 0x0, 0x1, 0x0, 0x0, 0x0, 0x0,
    0x0, 0x0, 0x0, 0x0, 0x0,

    /* U+96F9 "雹" */
    0x0, 0x38, 0x77, 0x77, 0x77, 0x77, 0x77, 0x77,
    0x77, 0x78, 0x0, 0x0, 0x6e, 0xed, 0xdd, 0xdd,
    0xff, 0xdd, 0xdd, 0xde, 0xee, 0x0, 0x0, 0x0,
    0x0, 0x0, 0x0, 0xce, 0x0, 0x0, 0x0, 0x0,
    0x0, 0x2f, 0xff, 0xff, 0xff, 0xff, 0xff, 0xff,
    0xff, 0xff, 0xff, 0xf8, 0x1f, 0x92, 0x22, 0x22,
    0x22, 0xce, 0x22, 0x22, 0x22, 0x23, 0xf8, 0x1f,
    0x80, 0x9f, 0xff, 0xc0, 0xce, 0xc, 0xff, 0xfe,
    0x1, 0xf8, 0x2e, 0x70, 0x24, 0x44, 0x30, 0xce,
    0x3, 0x44, 0x44, 0x1, 0xf9, 0x0, 0x0, 0x44,
    0x44, 0x30, 0xce, 0x2, 0x44, 0x44, 0x0, 0x0,
    0x0, 0x1, 0xff, 0xff, 0xc0, 0xce, 0xb, 0xff,
    0xff, 0x20, 0x0, 0x0, 0x0, 0x5, 0xf4, 0x0,
    0x68, 0x0, 0x0, 0x0, 0x0, 0x0, 0x0, 0x0,
    0x2f, 0xf7, 0x44, 0x44, 0x44, 0x44, 0x44, 0x41,
    0x0, 0x0, 0x2, 0xef, 0xff, 0xff, 0xff, 0xff,
    0xff, 0xff, 0xf3, 0x0, 0x0, 0x5f, 0xf5, 0x0,
    0x0, 0x0, 0x0, 0x0, 0xd, 0xf2, 0x0, 0x2b,
    0xfe, 0xef, 0xff, 0xff, 0xff, 0xff, 0x10, 0xe,
    0xf0, 0x0, 0xb, 0xc1, 0xcf, 0x77, 0x77, 0x77,
    0xbf, 0x0, 0xf, 0xf0, 0x0, 0x0, 0x0, 0xce,
    0x0, 0x0, 0x0, 0x7f, 0x11, 0x5f, 0xd0, 0x0,
    0x0, 0x0, 0xcf, 0xdd, 0xdd, 0xdd, 0xef, 0x1e,
    0xff, 0x81, 0x0, 0x0, 0x0, 0xcf, 0x77, 0x77,
    0x77, 0x77, 0x7, 0x95, 0x9, 0xa2, 0x0, 0x0,
    0xce, 0x0, 0x0, 0x0, 0x0, 0x0, 0x0, 0xd,
    0xf4, 0x0, 0x0, 0x9f, 0x85, 0x55, 0x55, 0x55,
    0x55, 0x55, 0x9f, 0xd0, 0x0, 0x0, 0x1b, 0xff,
    0xff, 0xff, 0xff, 0xff, 0xff, 0xfd, 0x30,

    /* U+96FE "雾" */
    0x0, 0x1, 0x10, 0x0, 0x0, 0x0, 0x0, 0x0,
    0x0, 0x11, 0x0, 0x0, 0x4f, 0xff, 0xff, 0xff,
    0xff, 0xff, 0xff, 0xff, 0xfb, 0x0, 0x0, 0x17,
    0x66, 0x66, 0x66, 0xbf, 0x66, 0x66, 0x66, 0x65,
    0x0, 0x5, 0x55, 0x55, 0x55, 0x55, 0xbf, 0x55,
    0x55, 0x55, 0x55, 0x50, 0xf, 0xff, 0xff, 0xff,
    0xff, 0xff, 0xff, 0xff, 0xff, 0xff, 0xf0, 0xe,
    0xa0, 0x11, 0x11, 0x10, 0x9e, 0x1, 0x11, 0x11,
    0x8, 0xf0, 0xf, 0xa0, 0xdf, 0xff, 0x90, 0x9e,
    0xe, 0xff, 0xfa, 0x8, 0xf0, 0x6, 0x40, 0x11,
    0x11, 0x10, 0x9e, 0x1, 0x11, 0x11, 0x5, 0x90,
    0x0, 0x4, 0xff, 0xff, 0xf0, 0x9e, 0xe, 0xff,
    0xff, 0x80, 0x0, 0x0, 0x0, 0x22, 0x6e, 0x50,
    0x6a, 0x1, 0x22, 0x22, 0x10, 0x0, 0x0, 0x0,
    0x4, 0xff, 0x85, 0x55, 0x55, 0x55, 0x53, 0x0,
    0x0, 0x0, 0x1, 0x9f, 0xff, 0xff, 0xff, 0xff,
    0xff, 0xe2, 0x0, 0x0, 0x0, 0x8f, 0xf8, 0x4e,
    0xd4, 0x0, 0x9, 0xfc, 0x10, 0x0, 0x0, 0x0,
    0x5b, 0x20, 0x1, 0xaf, 0xb8, 0xef, 0x70, 0x0,
    0x0, 0x0, 0x0, 0x0, 0x1, 0x36, 0x9e, 0xff,
    0xfa, 0x63, 0x10, 0x0, 0x0, 0x3e, 0xee, 0xff,
    0xfd, 0xa7, 0x32, 0x7c, 0xff, 0xff, 0xff, 0xf1,
    0x7, 0x76, 0x41, 0x0, 0x9, 0xe3, 0x0, 0x2,
    0x46, 0x79, 0x60, 0x0, 0xa, 0xff, 0xff, 0xff,
    0xff, 0xff, 0xff, 0xff, 0x20, 0x0, 0x0, 0x3,
    0x44, 0x44, 0x9f, 0xa4, 0x44, 0x44, 0xdf, 0x0,
    0x0, 0x0, 0x0, 0x0, 0x29, 0xfc, 0x0, 0x0,
    0x0, 0xed, 0x0, 0x0, 0x2, 0x78, 0xad, 0xff,
    0x80, 0x0, 0xb, 0xdf, 0xf8, 0x0, 0x0, 0x0,
    0xdf, 0xea, 0x61, 0x0, 0x0, 0x9, 0xfd, 0x80,
    0x0, 0x0, 0x0, 0x10, 0x0, 0x0, 0x0, 0x0,
    0x1, 0x0, 0x0, 0x0, 0x0,

    /* U+9730 "霰" */
    0x0, 0x22, 0x22, 0x22, 0x22, 0x22, 0x22, 0x22,
    0x22, 0x20, 0x0, 0x0, 0xaf, 0xff, 0xff, 0xff,
    0xff, 0xff, 0xff, 0xff, 0xf3, 0x0, 0x0, 0x0,
    0x0, 0x0, 0x1, 0xf7, 0x11, 0x11, 0x11, 0x20,
    0x0, 0x1d, 0xdd, 0xdd, 0xdd, 0xdd, 0xfe, 0xdd,
    0xdd, 0xdd, 0xdd, 0x90, 0x1f, 0x94, 0x44, 0x44,
    0x45, 0xf9, 0x44, 0x44, 0x44, 0x4f, 0xa0, 0xf,
    0x70, 0xdd, 0xdd, 0xa1, 0xf6, 0x6, 0xdd, 0xdb,
    0xf, 0xa0, 0x1f, 0x70, 0x33, 0x33, 0x21, 0xf6,
    0x1, 0x33, 0x32, 0xf, 0xb0, 0x2, 0x10, 0x55,
    0x55, 0x41, 0xf6, 0x3, 0x77, 0x76, 0x2, 0x10,
    0x0, 0x1, 0xcc, 0xcc, 0x91, 0xe5, 0x5, 0xbb,
    0xba, 0x0, 0x0, 0x0, 0x0, 0x68, 0x0, 0x97,
    0x0, 0x0, 0x5d, 0x40, 0x0, 0x0, 0x5, 0x99,
    0xde, 0x99, 0xed, 0x94, 0x0, 0xae, 0x0, 0x0,
    0x0, 0x5, 0x99, 0xde, 0x99, 0xed, 0x94, 0x1,
    0xff, 0xff, 0xff, 0xf0, 0x11, 0x11, 0xac, 0x11,
    0xca, 0x11, 0x7, 0xf4, 0x38, 0xf6, 0x40, 0x6f,
    0xff, 0xff, 0xff, 0xff, 0xfd, 0x1f, 0xe0, 0x7,
    0xf2, 0x0, 0x12, 0x33, 0x33, 0x33, 0x33, 0x32,
    0xaf, 0xf4, 0x9, 0xf0, 0x0, 0x0, 0xbf, 0xff,
    0xff, 0xff, 0xf6, 0xf6, 0xbb, 0xc, 0xd0, 0x0,
    0x0, 0xaf, 0x21, 0x11, 0x17, 0xf1, 0x50, 0x3f,
    0x4f, 0x90, 0x0, 0x0, 0xaf, 0xff, 0xff, 0xff,
    0xf0, 0x0, 0xa, 0xff, 0x50, 0x0, 0x0, 0xaf,
    0x21, 0x11, 0x17, 0xf0, 0x0, 0x3, 0xff, 0x40,
    0x0, 0x0, 0xaf, 0xff, 0xff, 0xff, 0xf0, 0x0,
    0x5e, 0xef, 0xf6, 0x0, 0x0, 0xaf, 0x10, 0x0,
    0x3a, 0xf3, 0x8e, 0xfc, 0x12, 0xdf, 0xe7, 0x0,
    0xbf, 0x10, 0x0, 0xaf, 0x86, 0xfd, 0x60, 0x0,
    0x7, 0xe2, 0x0, 0x0, 0x0, 0x0, 0x11, 0x0,
    0x20, 0x0, 0x0, 0x0, 0x0,

    /* U+973E "霾" */
    0x0, 0x11, 0x0, 0x0, 0x0, 0x0, 0x0, 0x0,
    0x0, 0x10, 0x0, 0x0, 0xbf, 0xff, 0xff, 0xff,
    0xff, 0xff, 0xff, 0xff, 0xf2, 0x0, 0x0, 0x11,
    0x11, 0x11, 0x11, 0xf9, 0x33, 0x33, 0x33, 0x40,
    0x0, 0xc, 0xdd, 0xdd, 0xdd, 0xdd, 0xfe, 0xdd,
    0xdd, 0xdd, 0xdd, 0xc0, 0xf, 0xc5, 0x55, 0x55,
    0x55, 0xfa, 0x55, 0x55, 0x55, 0x5c, 0xe0, 0xf,
    0xa0, 0x22, 0x22, 0x0, 0xf7, 0x0, 0x22, 0x21,
    0xa, 0xe0, 0xf, 0xa1, 0xee, 0xee, 0x60, 0xf7,
    0x6, 0xee, 0xea, 0xa, 0xf0, 0x8, 0x51, 0x44,
    0x44, 0x10, 0xf7, 0x1, 0x44, 0x43, 0x5, 0x70,
    0x0, 0x4, 0xcc, 0xcc, 0x50, 0xf7, 0x5, 0xcc,
    0xcb, 0x0, 0x0, 0x0, 0x0, 0x5, 0xd5, 0x0,
    0x23, 0x33, 0x33, 0x33, 0x32, 0x0, 0x0, 0x27,
    0xee, 0x94, 0x0, 0xcf, 0xff, 0xff, 0xff, 0xff,
    0x0, 0xa, 0xe9, 0x31, 0xc2, 0x40, 0xca, 0x0,
    0x8f, 0x0, 0x7f, 0x0, 0x0, 0xa, 0x80, 0xaf,
    0xf3, 0xbf, 0xff, 0xff, 0xff, 0xff, 0x0, 0x0,
    0x6, 0xfc, 0xfc, 0x20, 0xcb, 0x11, 0x9f, 0x11,
    0x8f, 0x0, 0x26, 0xaf, 0xfc, 0xdd, 0x0, 0xcb,
    0x22, 0x9f, 0x22, 0x8f, 0x0, 0x2e, 0xb6, 0x27,
    0xff, 0x70, 0xcf, 0xff, 0xff, 0xff, 0xfe, 0x0,
    0x0, 0x49, 0xee, 0x6d, 0xd0, 0x0, 0x0, 0x8f,
    0x0, 0x0, 0x0, 0xa, 0xfd, 0x61, 0xbf, 0xf1,
    0xee, 0xdd, 0xef, 0xdd, 0xef, 0x40, 0x2, 0x30,
    0x5e, 0xa4, 0xf2, 0x55, 0x44, 0xaf, 0x44, 0x55,
    0x10, 0x0, 0x5c, 0xe5, 0x6, 0xf2, 0x0, 0x0,
    0x8f, 0x0, 0x0, 0x0, 0x7, 0xf8, 0x16, 0xaf,
    0xca, 0xff, 0xff, 0xff, 0xff, 0xff, 0xf3, 0x0,
    0x10, 0x9, 0xe9, 0x12, 0x32, 0x22, 0x22, 0x22,
    0x23, 0x30, 0x0, 0x0, 0x0, 0x0, 0x0, 0x0,
    0x0, 0x0, 0x0, 0x0, 0x0,

    /* U+9884 "预" */
    0x0, 0x0, 0x0, 0x0, 0x0, 0x10, 0x0, 0x0,
    0x0, 0x0, 0x10, 0x1e, 0xdd, 0xdd, 0xdd, 0xb3,
    0xff, 0xff, 0xff, 0xff, 0xff, 0xf6, 0x1a, 0xa9,
    0x99, 0xdf, 0xc1, 0x77, 0x66, 0xff, 0x66, 0x67,
    0x73, 0x0, 0x0, 0x3, 0xfd, 0x10, 0x0, 0x0,
    0xfb, 0x0, 0x0, 0x0, 0x0, 0x18, 0x1d, 0xe1,
    0x0, 0x0, 0x1, 0xf9, 0x0, 0x0, 0x0, 0x0,
    0x7f, 0xef, 0x40, 0x0, 0x7, 0x78, 0xfb, 0x77,
    0x77, 0x30, 0x0, 0x7, 0xfe, 0x10, 0x0, 0xf,
    0xff, 0xff, 0xff, 0xff, 0x80, 0x0, 0x0, 0x6e,
    0x20, 0x0, 0xf, 0xb0, 0x0, 0x0, 0x3f, 0x70,
    0x58, 0x77, 0x78, 0x77, 0x75, 0xf, 0xb0, 0x3c,
    0x80, 0x3f, 0x70, 0xbf, 0xff, 0xff, 0xff, 0xf9,
    0xf, 0xb0, 0x4f, 0x80, 0x3f, 0x70, 0x0, 0x0,
    0xec, 0x4, 0xf5, 0xf, 0xb0, 0x5f, 0x60, 0x3f,
    0x70, 0x0, 0x0, 0xec, 0x8, 0xf2, 0xf, 0xb0,
    0x5f, 0x40, 0x3f, 0x70, 0x0, 0x0, 0xec, 0x3,
    0x60, 0xf, 0xb0, 0x7f, 0x30, 0x3f, 0x70, 0x0,
    0x0, 0xec, 0x0, 0x0, 0xf, 0xb0, 0x9f, 0x10,
    0x3f, 0x70, 0x0, 0x0, 0xec, 0x0, 0x0, 0xf,
    0xb0, 0xce, 0x0, 0x3f, 0x80, 0x0, 0x0, 0xec,
    0x0, 0x0, 0xf, 0xb1, 0xfb, 0x0, 0x3d, 0x70,
    0x0, 0x0, 0xec, 0x0, 0x0, 0x0, 0x8, 0xf7,
    0x24, 0x0, 0x0, 0x0, 0x0, 0xec, 0x0, 0x0,
    0x0, 0x3f, 0xe1, 0xbf, 0x70, 0x0, 0x0, 0x0,
    0xfc, 0x0, 0x0, 0x4, 0xef, 0x40, 0x1b, 0xfa,
    0x0, 0x6, 0xef, 0xf9, 0x0, 0x1, 0x8f, 0xf4,
    0x0, 0x0, 0x9f, 0xc1, 0x1, 0xfd, 0x91, 0x0,
    0x2e, 0xfc, 0x20, 0x0, 0x0, 0x8, 0xf8, 0x0,
    0x0, 0x0, 0x0, 0x3, 0x60, 0x0, 0x0, 0x0,
    0x0, 0x40,

    /* U+98CE "风" */
    0x0, 0x9, 0xaa, 0xaa, 0xaa, 0xaa, 0xaa, 0xaa,
    0xaa, 0x20, 0x0, 0x0, 0x0, 0xff, 0xff, 0xff,
    0xff, 0xff, 0xff, 0xff, 0xf4, 0x0, 0x0, 0x0,
    0xe, 0xc0, 0x0, 0x0, 0x0, 0x0, 0x0, 0x9f,
    0x30, 0x0, 0x0, 0x0, 0xec, 0x0, 0x0, 0x0,
    0x0, 0x0, 0x9, 0xf2, 0x0, 0x0, 0x0, 0xe,
    0xc0, 0x0, 0x0, 0x0, 0x8, 0x10, 0x9f, 0x20,
    0x0, 0x0, 0x0, 0xec, 0x5, 0xd1, 0x0, 0x3,
    0xfc, 0x9, 0xf2, 0x0, 0x0, 0x0, 0xe, 0xc0,
    0x7f, 0xc0, 0x0, 0x8f, 0x50, 0x9f, 0x20, 0x0,
    0x0, 0x0, 0xec, 0x0, 0x9f, 0x90, 0xe, 0xd0,
    0x9, 0xf2, 0x0, 0x0, 0x0, 0xf, 0xb0, 0x0,
    0xbf, 0x54, 0xf6, 0x0, 0x8f, 0x20, 0x0, 0x0,
    0x0, 0xfb, 0x0, 0x1, 0xee, 0xde, 0x0, 0x8,
    0xf3, 0x0, 0x0, 0x0, 0xf, 0xa0, 0x0, 0x5,
    0xff, 0x70, 0x0, 0x8f, 0x30, 0x0, 0x0, 0x1,
    0xf9, 0x0, 0x0, 0xe, 0xf7, 0x0, 0x7, 0xf3,
    0x0, 0x0, 0x0, 0x3f, 0x70, 0x0, 0x9, 0xff,
    0xf1, 0x0, 0x7f, 0x40, 0x0, 0x0, 0x5, 0xf5,
    0x0, 0x6, 0xfb, 0x5f, 0xa0, 0x5, 0xf6, 0x0,
    0x0, 0x0, 0x8f, 0x30, 0x5, 0xfd, 0x0, 0xcf,
    0x30, 0x4f, 0x80, 0x0, 0x0, 0xc, 0xf0, 0x6,
    0xfe, 0x20, 0x4, 0xfb, 0x1, 0xfb, 0x0, 0x0,
    0x1, 0xfb, 0x8, 0xfe, 0x20, 0x0, 0xc, 0xf3,
    0xe, 0xf0, 0x64, 0x0, 0x7f, 0x60, 0x1b, 0x20,
    0x0, 0x0, 0x48, 0x0, 0xaf, 0x4b, 0xf4, 0xd,
    0xf1, 0x0, 0x0, 0x0, 0x0, 0x0, 0x0, 0x5,
    0xfd, 0xff, 0x8, 0xf9, 0x0, 0x0, 0x0, 0x0,
    0x0, 0x0, 0x0, 0xd, 0xff, 0xa0, 0x5f, 0x10,
    0x0, 0x0, 0x0, 0x0, 0x0, 0x0, 0x0, 0x2e,
    0xe2, 0x0, 0x20, 0x0, 0x0, 0x0, 0x0, 0x0,
    0x0, 0x0, 0x0, 0x0, 0x0
};


/*---------------------
 *  GLYPH DESCRIPTION
 *--------------------*/

static const lv_font_fmt_txt_glyph_dsc_t glyph_dsc[] = {
    {.bitmap_index = 0, .adv_w = 0, .box_w = 0, .box_h = 0, .ofs_x = 0, .ofs_y = 0} /* id = 0 reserved */,
    {.bitmap_index = 0, .adv_w = 192, .box_w = 0, .box_h = 0, .ofs_x = 0, .ofs_y = 0},
    {.bitmap_index = 0, .adv_w = 192, .box_w = 4, .box_h = 17, .ofs_x = 4, .ofs_y = 0},
    {.bitmap_index = 34, .adv_w = 192, .box_w = 6, .box_h = 5, .ofs_x = 3, .ofs_y = 11},
    {.bitmap_index = 49, .adv_w = 192, .box_w = 12, .box_h = 16, .ofs_x = 0, .ofs_y = 0},
    {.bitmap_index = 145, .adv_w = 192, .box_w = 10, .box_h = 21, .ofs_x = 1, .ofs_y = -3},
    {.bitmap_index = 250, .adv_w = 192, .box_w = 12, .box_h = 17, .ofs_x = 0, .ofs_y = 0},
    {.bitmap_index = 352, .adv_w = 192, .box_w = 12, .box_h = 16, .ofs_x = 0, .ofs_y = 0},
    {.bitmap_index = 448, .adv_w = 192, .box_w = 3, .box_h = 5, .ofs_x = 4, .ofs_y = 11},
    {.bitmap_index = 456, .adv_w = 192, .box_w = 7, .box_h = 21, .ofs_x = 5, .ofs_y = -2},
    {.bitmap_index = 530, .adv_w = 192, .box_w = 7, .box_h = 21, .ofs_x = 0, .ofs_y = -2},
    {.bitmap_index = 604, .adv_w = 192, .box_w = 12, .box_h = 12, .ofs_x = 0, .ofs_y = 4},
    {.bitmap_index = 676, .adv_w = 192, .box_w = 12, .box_h = 11, .ofs_x = 0, .ofs_y = 3},
    {.bitmap_index = 742, .adv_w = 192, .box_w = 4, .box_h = 6, .ofs_x = 1, .ofs_y = -3},
    {.bitmap_index = 754, .adv_w = 192, .box_w = 12, .box_h = 3, .ofs_x = 0, .ofs_y = 7},
    {.bitmap_index = 772, .adv_w = 192, .box_w = 4, .box_h = 3, .ofs_x = 1, .ofs_y = 0},
    {.bitmap_index = 778, .adv_w = 192, .box_w = 12, .box_h = 19, .ofs_x = 0, .ofs_y = -1},
    {.bitmap_index = 892, .adv_w = 192, .box_w = 11, .box_h = 17, .ofs_x = 0, .ofs_y = -1},
    {.bitmap_index = 986, .adv_w = 192, .box_w = 6, .box_h = 16, .ofs_x = 2, .ofs_y = 0},
    {.bitmap_index = 1034, .adv_w = 192, .box_w = 11, .box_h = 17, .ofs_x = 0, .ofs_y = 0},
    {.bitmap_index = 1128, .adv_w = 192, .box_w = 11, .box_h = 17, .ofs_x = 0, .ofs_y = 0},
    {.bitmap_index = 1222, .adv_w = 192, .box_w = 12, .box_h = 16, .ofs_x = 0, .ofs_y = 0},
    {.bitmap_index = 1318, .adv_w = 192, .box_w = 11, .box_h = 16, .ofs_x = 0, .ofs_y = 0},
    {.bitmap_index = 1406, .adv_w = 192, .box_w = 12, .box_h = 16, .ofs_x = 0, .ofs_y = 0},
    {.bitmap_index = 1502, .adv_w = 192, .box_w = 11, .box_h = 16, .ofs_x = 1, .ofs_y = 0},
    {.bitmap_index = 1590, .adv_w = 192, .box_w = 11, .box_h = 16, .ofs_x = 0, .ofs_y = 0},
    {.bitmap_index = 1678, .adv_w = 192, .box_w = 11, .box_h = 16, .ofs_x = 0, .ofs_y = 0},
    {.bitmap_index = 1766, .adv_w = 192, .box_w = 3, .box_h = 11, .ofs_x = 4, .ofs_y = 0},
    {.bitmap_index = 1783, .adv_w = 192, .box_w = 3, .box_h = 14, .ofs_x = 4, .ofs_y = -3},
    {.bitmap_index = 1804, .adv_w = 192, .box_w = 12, .box_h = 18, .ofs_x = 0, .ofs_y = -1},
    {.bitmap_index = 1912, .adv_w = 192, .box_w = 12, .box_h = 9, .ofs_x = 0, .ofs_y = 4},
    {.bitmap_index = 1966, .adv_w = 192, .box_w = 12, .box_h = 18, .ofs_x = 0, .ofs_y = -1},
    {.bitmap_index = 2074, .adv_w = 192, .box_w = 10, .box_h = 16, .ofs_x = 1, .ofs_y = 0},
    {.bitmap_index = 2154, .adv_w = 192, .box_w = 12, .box_h = 16, .ofs_x = 0, .ofs_y = 0},
    {.bitmap_index = 2250, .adv_w = 192, .box_w = 12, .box_h = 16, .ofs_x = 0, .ofs_y = 0},
    {.bitmap_index = 2346, .adv_w = 192, .box_w = 11, .box_h = 16, .ofs_x = 1, .ofs_y = 0},
    {.bitmap_index = 2434, .adv_w = 192, .box_w = 12, .box_h = 16, .ofs_x = 0, .ofs_y = 0},
    {.bitmap_index = 2530, .adv_w = 192, .box_w = 10, .box_h = 16, .ofs_x = 1, .ofs_y = 0},
    {.bitmap_index = 2610, .adv_w = 192, .box_w = 10, .box_h = 16, .ofs_x = 1, .ofs_y = 0},
    {.bitmap_index = 2690, .adv_w = 192, .box_w = 10, .box_h = 16, .ofs_x = 1, .ofs_y = 0},
    {.bitmap_index = 2770, .adv_w = 192, .box_w = 11, .box_h = 16, .ofs_x = 0, .ofs_y = 0},
    {.bitmap_index = 2858, .adv_w = 192, .box_w = 10, .box_h = 16, .ofs_x = 1, .ofs_y = 0},
    {.bitmap_index = 2938, .adv_w = 192, .box_w = 3, .box_h = 16, .ofs_x = 4, .ofs_y = 0},
    {.bitmap_index = 2962, .adv_w = 192, .box_w = 10, .box_h = 16, .ofs_x = 1, .ofs_y = 0},
    {.bitmap_index = 3042, .adv_w = 192, .box_w = 11, .box_h = 16, .ofs_x = 1, .ofs_y = 0},
    {.bitmap_index = 3130, .adv_w = 192, .box_w = 10, .box_h = 16, .ofs_x = 1, .ofs_y = 0},
    {.bitmap_index = 3210, .adv_w = 192, .box_w = 11, .box_h = 16, .ofs_x = 0, .ofs_y = 0},
    {.bitmap_index = 3298, .adv_w = 192, .box_w = 11, .box_h = 16, .ofs_x = 0, .ofs_y = 0},
    {.bitmap_index = 3386, .adv_w = 192, .box_w = 12, .box_h = 16, .ofs_x = 0, .ofs_y = 0},
    {.bitmap_index = 3482, .adv_w = 192, .box_w = 11, .box_h = 16, .ofs_x = 1, .ofs_y = 0},
    {.bitmap_index = 3570, .adv_w = 192, .box_w = 12, .box_h = 18, .ofs_x = 0, .ofs_y = -2},
    {.bitmap_index = 3678, .adv_w = 192, .box_w = 11, .box_h = 16, .ofs_x = 1, .ofs_y = 0},
    {.bitmap_index = 3766, .adv_w = 192, .box_w = 11, .box_h = 16, .ofs_x = 0, .ofs_y = 0},
    {.bitmap_index = 3854, .adv_w = 192, .box_w = 10, .box_h = 16, .ofs_x = 1, .ofs_y = 0},
    {.bitmap_index = 3934, .adv_w = 192, .box_w = 10, .box_h = 16, .ofs_x = 1, .ofs_y = 0},
    {.bitmap_index = 4014, .adv_w = 192, .box_w = 12, .box_h = 16, .ofs_x = 0, .ofs_y = 0},
    {.bitmap_index = 4110, .adv_w = 192, .box_w = 12, .box_h = 16, .ofs_x = 0, .ofs_y = 0},
    {.bitmap_index = 4206, .adv_w = 192, .box_w = 12, .box_h = 16, .ofs_x = 0, .ofs_y = 0},
    {.bitmap_index = 4302, .adv_w = 192, .box_w = 12, .box_h = 16, .ofs_x = 0, .ofs_y = 0},
    {.bitmap_index = 4398, .adv_w = 192, .box_w = 11, .box_h = 16, .ofs_x = 0, .ofs_y = 0},
    {.bitmap_index = 4486, .adv_w = 192, .box_w = 7, .box_h = 22, .ofs_x = 4, .ofs_y = -3},
    {.bitmap_index = 4563, .adv_w = 192, .box_w = 10, .box_h = 19, .ofs_x = 1, .ofs_y = -2},
    {.bitmap_index = 4658, .adv_w = 192, .box_w = 7, .box_h = 22, .ofs_x = 1, .ofs_y = -3},
    {.bitmap_index = 4735, .adv_w = 192, .box_w = 10, .box_h = 4, .ofs_x = 1, .ofs_y = 15},
    {.bitmap_index = 4755, .adv_w = 192, .box_w = 12, .box_h = 2, .ofs_x = 0, .ofs_y = -4},
    {.bitmap_index = 4767, .adv_w = 192, .box_w = 6, .box_h = 5, .ofs_x = 3, .ofs_y = 15},
    {.bitmap_index = 4782, .adv_w = 192, .box_w = 10, .box_h = 11, .ofs_x = 1, .ofs_y = 0},
    {.bitmap_index = 4837, .adv_w = 192, .box_w = 10, .box_h = 16, .ofs_x = 1, .ofs_y = 0},
    {.bitmap_index = 4917, .adv_w = 192, .box_w = 11, .box_h = 11, .ofs_x = 0, .ofs_y = 0},
    {.bitmap_index = 4978, .adv_w = 192, .box_w = 11, .box_h = 16, .ofs_x = 0, .ofs_y = 0},
    {.bitmap_index = 5066, .adv_w = 192, .box_w = 11, .box_h = 11, .ofs_x = 0, .ofs_y = 0},
    {.bitmap_index = 5127, .adv_w = 192, .box_w = 10, .box_h = 16, .ofs_x = 1, .ofs_y = 0},
    {.bitmap_index = 5207, .adv_w = 192, .box_w = 12, .box_h = 15, .ofs_x = 0, .ofs_y = -3},
    {.bitmap_index = 5297, .adv_w = 192, .box_w = 10, .box_h = 16, .ofs_x = 1, .ofs_y = 0},
    {.bitmap_index = 5377, .adv_w = 192, .box_w = 3, .box_h = 16, .ofs_x = 4, .ofs_y = 0},
    {.bitmap_index = 5401, .adv_w = 192, .box_w = 7, .box_h = 19, .ofs_x = 2, .ofs_y = -3},
    {.bitmap_index = 5468, .adv_w = 192, .box_w = 10, .box_h = 16, .ofs_x = 1, .ofs_y = 0},
    {.bitmap_index = 5548, .adv_w = 192, .box_w = 3, .box_h = 16, .ofs_x = 4, .ofs_y = 0},
    {.bitmap_index = 5572, .adv_w = 192, .box_w = 12, .box_h = 11, .ofs_x = 0, .ofs_y = 0},
    {.bitmap_index = 5638, .adv_w = 192, .box_w = 10, .box_h = 11, .ofs_x = 1, .ofs_y = 0},
    {.bitmap_index = 5693, .adv_w = 192, .box_w = 11, .box_h = 11, .ofs_x = 0, .ofs_y = 0},
    {.bitmap_index = 5754, .adv_w = 192, .box_w = 10, .box_h = 14, .ofs_x = 1, .ofs_y = -3},
    {.bitmap_index = 5824, .adv_w = 192, .box_w = 11, .box_h = 14, .ofs_x = 0, .ofs_y = -3},
    {.bitmap_index = 5901, .adv_w = 192, .box_w = 8, .box_h = 11, .ofs_x = 2, .ofs_y = 0},
    {.bitmap_index = 5945, .adv_w = 192, .box_w = 10, .box_h = 11, .ofs_x = 1, .ofs_y = 0},
    {.bitmap_index = 6000, .adv_w = 192, .box_w = 11, .box_h = 14, .ofs_x = 0, .ofs_y = 0},
    {.bitmap_index = 6077, .adv_w = 192, .box_w = 10, .box_h = 11, .ofs_x = 1, .ofs_y = 0},
    {.bitmap_index = 6132, .adv_w = 192, .box_w = 11, .box_h = 11, .ofs_x = 0, .ofs_y = 0},
    {.bitmap_index = 6193, .adv_w = 192, .box_w = 12, .box_h = 11, .ofs_x = 0, .ofs_y = 0},
    {.bitmap_index = 6259, .adv_w = 192, .box_w = 11, .box_h = 11, .ofs_x = 0, .ofs_y = 0},
    {.bitmap_index = 6320, .adv_w = 192, .box_w = 11, .box_h = 14, .ofs_x = 0, .ofs_y = -3},
    {.bitmap_index = 6397, .adv_w = 192, .box_w = 10, .box_h = 11, .ofs_x = 1, .ofs_y = 0},
    {.bitmap_index = 6452, .adv_w = 192, .box_w = 6, .box_h = 22, .ofs_x = 5, .ofs_y = -3},
    {.bitmap_index = 6518, .adv_w = 192, .box_w = 3, .box_h = 24, .ofs_x = 4, .ofs_y = -3},
    {.bitmap_index = 6554, .adv_w = 192, .box_w = 6, .box_h = 22, .ofs_x = 1, .ofs_y = -3},
    {.bitmap_index = 6620, .adv_w = 192, .box_w = 10, .box_h = 4, .ofs_x = 1, .ofs_y = 16},
    {.bitmap_index = 6640, .adv_w = 384, .box_w = 6, .box_h = 7, .ofs_x = 3, .ofs_y = 11},
    {.bitmap_index = 6661, .adv_w = 384, .box_w = 21, .box_h = 20, .ofs_x = 1, .ofs_y = -1},
    {.bitmap_index = 6871, .adv_w = 384, .box_w = 22, .box_h = 4, .ofs_x = 1, .ofs_y = 7},
    {.bitmap_index = 6915, .adv_w = 384, .box_w = 23, .box_h = 21, .ofs_x = 0, .ofs_y = -2},
    {.bitmap_index = 7157, .adv_w = 384, .box_w = 22, .box_h = 21, .ofs_x = 1, .ofs_y = -3},
    {.bitmap_index = 7388, .adv_w = 384, .box_w = 22, .box_h = 19, .ofs_x = 1, .ofs_y = -1},
    {.bitmap_index = 7597, .adv_w = 384, .box_w = 20, .box_h = 22, .ofs_x = 2, .ofs_y = -2},
    {.bitmap_index = 7817, .adv_w = 384, .box_w = 23, .box_h = 23, .ofs_x = 1, .ofs_y = -3},
    {.bitmap_index = 8082, .adv_w = 384, .box_w = 22, .box_h = 16, .ofs_x = 1, .ofs_y = 0},
    {.bitmap_index = 8258, .adv_w = 384, .box_w = 22, .box_h = 20, .ofs_x = 1, .ofs_y = -2},
    {.bitmap_index = 8478, .adv_w = 384, .box_w = 22, .box_h = 19, .ofs_x = 1, .ofs_y = -1},
    {.bitmap_index = 8687, .adv_w = 384, .box_w = 22, .box_h = 23, .ofs_x = 1, .ofs_y = -3},
    {.bitmap_index = 8940, .adv_w = 384, .box_w = 22, .box_h = 23, .ofs_x = 1, .ofs_y = -3},
    {.bitmap_index = 9193, .adv_w = 384, .box_w = 22, .box_h = 23, .ofs_x = 1, .ofs_y = -3},
    {.bitmap_index = 9446, .adv_w = 384, .box_w = 23, .box_h = 22, .ofs_x = 0, .ofs_y = -2},
    {.bitmap_index = 9699, .adv_w = 384, .box_w = 23, .box_h = 21, .ofs_x = 0, .ofs_y = -2},
    {.bitmap_index = 9941, .adv_w = 384, .box_w = 22, .box_h = 22, .ofs_x = 1, .ofs_y = -2},
    {.bitmap_index = 10183, .adv_w = 384, .box_w = 23, .box_h = 23, .ofs_x = 0, .ofs_y = -3},
    {.bitmap_index = 10448, .adv_w = 384, .box_w = 23, .box_h = 23, .ofs_x = 0, .ofs_y = -3},
    {.bitmap_index = 10713, .adv_w = 384, .box_w = 23, .box_h = 23, .ofs_x = 1, .ofs_y = -3},
    {.bitmap_index = 10978, .adv_w = 384, .box_w = 23, .box_h = 22, .ofs_x = 0, .ofs_y = -2},
    {.bitmap_index = 11231, .adv_w = 384, .box_w = 22, .box_h = 23, .ofs_x = 1, .ofs_y = -3},
    {.bitmap_index = 11484, .adv_w = 384, .box_w = 24, .box_h = 22, .ofs_x = 0, .ofs_y = -2},
    {.bitmap_index = 11748, .adv_w = 384, .box_w = 22, .box_h = 22, .ofs_x = 1, .ofs_y = -2},
    {.bitmap_index = 11990, .adv_w = 384, .box_w = 22, .box_h = 22, .ofs_x = 1, .ofs_y = -2},
    {.bitmap_index = 12232, .adv_w = 384, .box_w = 23, .box_h = 23, .ofs_x = 1, .ofs_y = -3},
    {.bitmap_index = 12497, .adv_w = 384, .box_w = 23, .box_h = 21, .ofs_x = 1, .ofs_y = -2},
    {.bitmap_index = 12739, .adv_w = 384, .box_w = 23, .box_h = 23, .ofs_x = 0, .ofs_y = -3},
    {.bitmap_index = 13004, .adv_w = 384, .box_w = 20, .box_h = 21, .ofs_x = 2, .ofs_y = -3},
    {.bitmap_index = 13214, .adv_w = 384, .box_w = 20, .box_h = 21, .ofs_x = 2, .ofs_y = -2},
    {.bitmap_index = 13424, .adv_w = 384, .box_w = 23, .box_h = 22, .ofs_x = 0, .ofs_y = -2},
    {.bitmap_index = 13677, .adv_w = 384, .box_w = 22, .box_h = 22, .ofs_x = 1, .ofs_y = -2},
    {.bitmap_index = 13919, .adv_w = 384, .box_w = 24, .box_h = 23, .ofs_x = 0, .ofs_y = -3},
    {.bitmap_index = 14195, .adv_w = 384, .box_w = 21, .box_h = 23, .ofs_x = 2, .ofs_y = -3},
    {.bitmap_index = 14437, .adv_w = 384, .box_w = 23, .box_h = 23, .ofs_x = 0, .ofs_y = -3},
    {.bitmap_index = 14702, .adv_w = 384, .box_w = 24, .box_h = 21, .ofs_x = 0, .ofs_y = -2},
    {.bitmap_index = 14954, .adv_w = 384, .box_w = 22, .box_h = 23, .ofs_x = 1, .ofs_y = -3},
    {.bitmap_index = 15207, .adv_w = 384, .box_w = 22, .box_h = 23, .ofs_x = 1, .ofs_y = -3},
    {.bitmap_index = 15460, .adv_w = 384, .box_w = 23, .box_h = 22, .ofs_x = 0, .ofs_y = -2},
    {.bitmap_index = 15713, .adv_w = 384, .box_w = 22, .box_h = 23, .ofs_x = 1, .ofs_y = -3},
    {.bitmap_index = 15966, .adv_w = 384, .box_w = 20, .box_h = 22, .ofs_x = 1, .ofs_y = -3},
    {.bitmap_index = 16186, .adv_w = 384, .box_w = 22, .box_h = 22, .ofs_x = 1, .ofs_y = -2},
    {.bitmap_index = 16428, .adv_w = 384, .box_w = 23, .box_h = 22, .ofs_x = 0, .ofs_y = -2},
    {.bitmap_index = 16681, .adv_w = 384, .box_w = 23, .box_h = 23, .ofs_x = 0, .ofs_y = -3},
    {.bitmap_index = 16946, .adv_w = 384, .box_w = 23, .box_h = 22, .ofs_x = 1, .ofs_y = -2},
    {.bitmap_index = 17199, .adv_w = 384, .box_w = 20, .box_h = 22, .ofs_x = 2, .ofs_y = -2},
    {.bitmap_index = 17419, .adv_w = 384, .box_w = 22, .box_h = 23, .ofs_x = 1, .ofs_y = -3},
    {.bitmap_index = 17672, .adv_w = 384, .box_w = 23, .box_h = 23, .ofs_x = 0, .ofs_y = -3},
    {.bitmap_index = 17937, .adv_w = 384, .box_w = 24, .box_h = 23, .ofs_x = 0, .ofs_y = -3},
    {.bitmap_index = 18213, .adv_w = 384, .box_w = 24, .box_h = 22, .ofs_x = 0, .ofs_y = -2},
    {.bitmap_index = 18477, .adv_w = 384, .box_w = 24, .box_h = 23, .ofs_x = 0, .ofs_y = -3},
    {.bitmap_index = 18753, .adv_w = 384, .box_w = 24, .box_h = 23, .ofs_x = 0, .ofs_y = -3},
    {.bitmap_index = 19029, .adv_w = 384, .box_w = 24, .box_h = 23, .ofs_x = 0, .ofs_y = -3},
    {.bitmap_index = 19305, .adv_w = 384, .box_w = 17, .box_h = 21, .ofs_x = 4, .ofs_y = -2},
    {.bitmap_index = 19484, .adv_w = 384, .box_w = 23, .box_h = 23, .ofs_x = 1, .ofs_y = -3},
    {.bitmap_index = 19749, .adv_w = 384, .box_w = 20, .box_h = 22, .ofs_x = 2, .ofs_y = -3},
    {.bitmap_index = 19969, .adv_w = 384, .box_w = 23, .box_h = 22, .ofs_x = 0, .ofs_y = -3},
    {.bitmap_index = 20222, .adv_w = 384, .box_w = 22, .box_h = 22, .ofs_x = 1, .ofs_y = -2},
    {.bitmap_index = 20464, .adv_w = 384, .box_w = 23, .box_h = 22, .ofs_x = 0, .ofs_y = -3},
    {.bitmap_index = 20717, .adv_w = 384, .box_w = 19, .box_h = 22, .ofs_x = 1, .ofs_y = -3},
    {.bitmap_index = 20926, .adv_w = 384, .box_w = 23, .box_h = 23, .ofs_x = 0, .ofs_y = -3},
    {.bitmap_index = 21191, .adv_w = 384, .box_w = 24, .box_h = 22, .ofs_x = 0, .ofs_y = -2},
    {.bitmap_index = 21455, .adv_w = 384, .box_w = 22, .box_h = 22, .ofs_x = 1, .ofs_y = -2},
    {.bitmap_index = 21697, .adv_w = 384, .box_w = 24, .box_h = 23, .ofs_x = 0, .ofs_y = -3},
    {.bitmap_index = 21973, .adv_w = 384, .box_w = 21, .box_h = 20, .ofs_x = 1, .ofs_y = -2},
    {.bitmap_index = 22183, .adv_w = 384, .box_w = 23, .box_h = 23, .ofs_x = 1, .ofs_y = -3},
    {.bitmap_index = 22448, .adv_w = 384, .box_w = 23, .box_h = 23, .ofs_x = 1, .ofs_y = -3},
    {.bitmap_index = 22713, .adv_w = 384, .box_w = 23, .box_h = 23, .ofs_x = 1, .ofs_y = -3},
    {.bitmap_index = 22978, .adv_w = 384, .box_w = 22, .box_h = 23, .ofs_x = 1, .ofs_y = -3},
    {.bitmap_index = 23231, .adv_w = 384, .box_w = 23, .box_h = 22, .ofs_x = 0, .ofs_y = -2},
    {.bitmap_index = 23484, .adv_w = 384, .box_w = 23, .box_h = 22, .ofs_x = 1, .ofs_y = -2},
    {.bitmap_index = 23737, .adv_w = 384, .box_w = 23, .box_h = 23, .ofs_x = 1, .ofs_y = -3},
    {.bitmap_index = 24002, .adv_w = 384, .box_w = 23, .box_h = 23, .ofs_x = 0, .ofs_y = -3},
    {.bitmap_index = 24267, .adv_w = 384, .box_w = 23, .box_h = 23, .ofs_x = 0, .ofs_y = -3},
    {.bitmap_index = 24532, .adv_w = 384, .box_w = 22, .box_h = 22, .ofs_x = 2, .ofs_y = -2},
    {.bitmap_index = 24774, .adv_w = 384, .box_w = 22, .box_h = 23, .ofs_x = 1, .ofs_y = -3},
    {.bitmap_index = 25027, .adv_w = 384, .box_w = 23, .box_h = 22, .ofs_x = 0, .ofs_y = -3},
    {.bitmap_index = 25280, .adv_w = 384, .box_w = 24, .box_h = 22, .ofs_x = 0, .ofs_y = -2},
    {.bitmap_index = 25544, .adv_w = 384, .box_w = 24, .box_h = 22, .ofs_x = 0, .ofs_y = -2},
    {.bitmap_index = 25808, .adv_w = 384, .box_w = 22, .box_h = 23, .ofs_x = 1, .ofs_y = -3},
    {.bitmap_index = 26061, .adv_w = 384, .box_w = 24, .box_h = 23, .ofs_x = 0, .ofs_y = -3},
    {.bitmap_index = 26337, .adv_w = 384, .box_w = 20, .box_h = 21, .ofs_x = 2, .ofs_y = -2},
    {.bitmap_index = 26547, .adv_w = 384, .box_w = 22, .box_h = 23, .ofs_x = 1, .ofs_y = -3},
    {.bitmap_index = 26800, .adv_w = 384, .box_w = 23, .box_h = 22, .ofs_x = 0, .ofs_y = -2},
    {.bitmap_index = 27053, .adv_w = 384, .box_w = 22, .box_h = 23, .ofs_x = 1, .ofs_y = -3},
    {.bitmap_index = 27306, .adv_w = 384, .box_w = 24, .box_h = 23, .ofs_x = 0, .ofs_y = -3},
    {.bitmap_index = 27582, .adv_w = 384, .box_w = 23, .box_h = 23, .ofs_x = 1, .ofs_y = -3},
    {.bitmap_index = 27847, .adv_w = 384, .box_w = 23, .box_h = 22, .ofs_x = 1, .ofs_y = -2},
    {.bitmap_index = 28100, .adv_w = 384, .box_w = 23, .box_h = 23, .ofs_x = 1, .ofs_y = -3},
    {.bitmap_index = 28365, .adv_w = 384, .box_w = 23, .box_h = 23, .ofs_x = 0, .ofs_y = -3},
    {.bitmap_index = 28630, .adv_w = 384, .box_w = 22, .box_h = 22, .ofs_x = 1, .ofs_y = -2},
    {.bitmap_index = 28872, .adv_w = 384, .box_w = 20, .box_h = 22, .ofs_x = 2, .ofs_y = -2},
    {.bitmap_index = 29092, .adv_w = 384, .box_w = 20, .box_h = 23, .ofs_x = 2, .ofs_y = -3},
    {.bitmap_index = 29322, .adv_w = 384, .box_w = 21, .box_h = 21, .ofs_x = 1, .ofs_y = -2},
    {.bitmap_index = 29543, .adv_w = 384, .box_w = 22, .box_h = 22, .ofs_x = 1, .ofs_y = -2},
    {.bitmap_index = 29785, .adv_w = 384, .box_w = 22, .box_h = 21, .ofs_x = 1, .ofs_y = -2},
    {.bitmap_index = 30016, .adv_w = 384, .box_w = 22, .box_h = 21, .ofs_x = 1, .ofs_y = -2},
    {.bitmap_index = 30247, .adv_w = 384, .box_w = 22, .box_h = 23, .ofs_x = 1, .ofs_y = -3},
    {.bitmap_index = 30500, .adv_w = 384, .box_w = 22, .box_h = 21, .ofs_x = 1, .ofs_y = -2},
    {.bitmap_index = 30731, .adv_w = 384, .box_w = 22, .box_h = 23, .ofs_x = 1, .ofs_y = -3},
    {.bitmap_index = 30984, .adv_w = 384, .box_w = 22, .box_h = 23, .ofs_x = 1, .ofs_y = -3},
    {.bitmap_index = 31237, .adv_w = 384, .box_w = 22, .box_h = 23, .ofs_x = 1, .ofs_y = -3},
    {.bitmap_index = 31490, .adv_w = 384, .box_w = 22, .box_h = 22, .ofs_x = 1, .ofs_y = -3},
    {.bitmap_index = 31732, .adv_w = 384, .box_w = 23, .box_h = 22, .ofs_x = 1, .ofs_y = -3}
};

/*---------------------
 *  CHARACTER MAPPING
 *--------------------*/

static const uint16_t unicode_list_1[] = {
    0x0, 0x2053, 0x4d50, 0x4d53, 0x4d57, 0x4d59, 0x4d7d, 0x4dad,
    0x4ddc, 0x4de1, 0x4de4, 0x4dfc, 0x4e0a, 0x4e1a, 0x50b5, 0x50bb,
    0x50bd, 0x5100, 0x510b, 0x5156, 0x516d, 0x5180, 0x519d, 0x5291,
    0x5293, 0x5295, 0x5326, 0x535e, 0x562b, 0x562e, 0x5678, 0x5680,
    0x571e, 0x586a, 0x5877, 0x5879, 0x5889, 0x5ad1, 0x5b16, 0x5b5f,
    0x5d2e, 0x5d52, 0x5dc4, 0x5df6, 0x5e4f, 0x5ea3, 0x6030, 0x61bb,
    0x61f5, 0x6239, 0x62f5, 0x631f, 0x636c, 0x6535, 0x6546, 0x655e,
    0x656f, 0x65c4, 0x6604, 0x6658, 0x666f, 0x667a, 0x66b5, 0x66bd,
    0x6ab3, 0x6b64, 0x6b99, 0x6be9, 0x6bfa, 0x6c75, 0x6d41, 0x6d6d,
    0x6d79, 0x6dcf, 0x7485, 0x7735, 0x7751, 0x7922, 0x79a7, 0x7c72,
    0x7e2c, 0x7ea1, 0x8307, 0x8419, 0x8b47, 0x8ee3, 0x8f24, 0x8f2e,
    0x8f59, 0x94a0, 0x94cf, 0x9540, 0x9544, 0x9584, 0x9585, 0x9638,
    0x963a, 0x9647, 0x9649, 0x964e, 0x9680, 0x968e, 0x97d4, 0x981e
};

/*Collect the unicode lists and glyph_id offsets*/
static const lv_font_fmt_txt_cmap_t cmaps[] =
{
    {
        .range_start = 32, .range_length = 95, .glyph_id_start = 1,
        .unicode_list = NULL, .glyph_id_ofs_list = NULL, .list_length = 0, .type = LV_FONT_FMT_TXT_CMAP_FORMAT0_TINY
    },
    {
        .range_start = 176, .range_length = 38943, .glyph_id_start = 96,
        .unicode_list = unicode_list_1, .glyph_id_ofs_list = NULL, .list_length = 104, .type = LV_FONT_FMT_TXT_CMAP_SPARSE_TINY
    }
};



/*--------------------
 *  ALL CUSTOM DATA
 *--------------------*/

#if LVGL_VERSION_MAJOR == 8
/*Store all the custom data of the font*/
static  lv_font_fmt_txt_glyph_cache_t cache;
#endif

#if LVGL_VERSION_MAJOR >= 8
static const lv_font_fmt_txt_dsc_t font_dsc = {
#else
static lv_font_fmt_txt_dsc_t font_dsc = {
#endif
    .glyph_bitmap = glyph_bitmap,
    .glyph_dsc = glyph_dsc,
    .cmaps = cmaps,
    .kern_dsc = NULL,
    .kern_scale = 0,
    .cmap_num = 2,
    .bpp = 4,
    .kern_classes = 0,
    .bitmap_format = 0,
#if LVGL_VERSION_MAJOR == 8
    .cache = &cache
#endif
};



/*-----------------
 *  PUBLIC FONT
 *----------------*/

/*Initialize a public general font descriptor*/
#if LVGL_VERSION_MAJOR >= 8
const lv_font_t font_wc_cn_24 = {
#else
lv_font_t font_wc_cn_24 = {
#endif
    .get_glyph_dsc = lv_font_get_glyph_dsc_fmt_txt,    /*Function pointer to get glyph's data*/
    .get_glyph_bitmap = lv_font_get_bitmap_fmt_txt,    /*Function pointer to get glyph's bitmap*/
    .line_height = 25,          /*The maximum line height required by the font*/
    .base_line = 4,             /*Baseline measured from the bottom of the line*/
#if !(LVGL_VERSION_MAJOR == 6 && LVGL_VERSION_MINOR == 0)
    .subpx = LV_FONT_SUBPX_NONE,
#endif
#if LV_VERSION_CHECK(7, 4, 0) || LVGL_VERSION_MAJOR >= 8
    .underline_position = -2,
    .underline_thickness = 1,
#endif
    .dsc = &font_dsc,          /*The custom font data. Will be accessed by `get_glyph_bitmap/dsc` */
#if LV_VERSION_CHECK(8, 2, 0) || LVGL_VERSION_MAJOR >= 9
    .fallback = NULL,
#endif
    .user_data = NULL,
};



#endif /*#if FONT_WC_CN_24*/

